PP,block,minute,HR,RMSSD,SCL,HR_ch2,HR_beats,n_beats,source_file
10,1,1,74.98143973422377,74.2710571112877,108.76722709095726,74.85843306543926,74.98143973422377,74,pp10_8-10-2012-c1.S00
10,1,2,59.97657165169855,93.69907644431824,117.79707210759322,60.73432046808303,59.97657165169855,60,pp10_8-10-2012-c1.S00
10,1,3,65.4369298953842,84.19388566476071,119.84481956660747,65.44391808590541,65.4369298953842,65,pp10_8-10-2012-c1.S00
10,1,4,63.905403186073244,61.57206648425653,123.87173983405033,63.453143779933455,63.905403186073244,64,pp10_8-10-2012-c1.S00
10,1,5,66.11462945648914,51.006346438596836,137.36837801436585,66.03523921758557,66.11462945648914,66,pp10_8-10-2012-c1.S00
10,1,6,67.61510294735578,54.670785438631555,143.3673197021087,75.04525213769327,67.61510294735578,68,pp10_8-10-2012-c1.S00
10,1,7,70.80500288106295,124.38180646051636,141.56716233094534,73.38134916300575,70.80500288106295,69,pp10_8-10-2012-c1.S00
10,1,8,75.735386345451,153.04525484251099,148.99351816674073,78.84193144499635,75.735386345451,71,pp10_8-10-2012-c1.S00
10,1,9,74.28069479470686,57.226168360789906,109.73536529789368,75.4075540204222,74.28069479470686,73,pp10_8-10-2012-c1.S00
10,1,10,67.90610873051104,51.32236241275631,106.21501921266318,67.79398332297181,67.90610873051104,68,pp10_8-10-2012-c1.S00
10,1,11,71.81326541293046,40.44972201027957,111.60455180207889,71.45990601790449,71.81326541293046,72,pp10_8-10-2012-c1.S00
10,1,12,70.19830175450744,55.89966534206907,95.46498241871595,71.15989711905519,70.19830175450744,70,pp10_8-10-2012-c1.S00
10,1,13,67.79163923048175,64.63866194633124,95.27262759457032,68.67740777842701,67.79163923048175,69,pp10_8-10-2012-c1.S00
10,1,14,65.99181229915922,61.68665957047458,95.91311961660783,66.28202371740093,65.99181229915922,65,pp10_8-10-2012-c1.S00
10,1,15,69.88270420132224,39.55776564824364,99.86479959189892,69.77731310582409,69.88270420132224,72,pp10_8-10-2012-c1.S00
10,1,16,70.1169757489301,39.99926370974918,96.10837416350842,71.91731023211032,70.1169757489301,70,pp10_8-10-2012-c1.S00
10,1,17,70.39574692362336,39.15059024609344,101.142633951207,73.41987778317804,70.39574692362336,72,pp10_8-10-2012-c1.S00
10,1,18,71.0658027583638,38.47696206292513,99.74061443805695,71.06184189406534,71.0658027583638,69,pp10_8-10-2012-c1.S00
10,1,19,70.75401170473853,38.792452374350184,93.6424897685647,73.43438664445033,70.75401170473853,72,pp10_8-10-2012-c1.S00
10,1,20,70.61830228863121,34.80222478126908,96.15349877973398,70.93938538928826,70.61830228863121,71,pp10_8-10-2012-c1.S00
10,1,21,71.29301933067856,34.83631592918019,103.56631465256214,71.14261741054555,71.29301933067856,71,pp10_8-10-2012-c1.S00
10,1,22,69.56558660403896,43.684726038231865,108.78633455534776,69.43126575692246,69.56558660403896,71,pp10_8-10-2012-c1.S00
10,1,23,82.04686876930067,138.4462451789293,91.2531115134557,82.5302352154317,82.04686876930067,77,pp10_8-10-2012-c1.S00
10,1,24,65.80939763790626,66.46149204854738,96.04792629877726,66.70317006732027,65.80939763790626,67,pp10_8-10-2012-c1.S00
10,1,25,77.31421245073365,213.28843556905568,91.91521325558423,86.76633269190788,77.31421245073365,70,pp10_8-10-2012-c1.S00
10,1,26,83.3178890270087,140.97466970406046,87.95318326801062,80.31157918224731,83.3178890270087,71,pp10_8-10-2012-c1.S00
10,1,27,69.07793073694944,46.35464508315933,89.009150707225,74.28878818334391,69.07793073694944,71,pp10_8-10-2012-c1.S00
10,1,28,73.71509985752493,72.93788597298166,88.0503962179025,82.0968463893359,73.71509985752493,72,pp10_8-10-2012-c1.S00
10,1,29,69.00727504786215,44.871794173132365,86.37804575016101,69.13109942842274,69.00727504786215,68,pp10_8-10-2012-c1.S00
10,1,30,68.36933937249515,46.825362470530585,91.0260567933321,68.8314027260989,68.36933937249515,69,pp10_8-10-2012-c1.S00
10,1,31,69.62548664802326,37.796104276196395,86.97064409057299,69.59071142723162,69.62548664802326,70,pp10_8-10-2012-c1.S00
10,1,32,69.98043484251426,37.35998938145716,87.4049524779121,70.55395089052618,69.98043484251426,70,pp10_8-10-2012-c1.S00
10,1,33,73.08630226610362,39.66275532153906,87.68903849472602,72.94922866473595,73.08630226610362,73,pp10_8-10-2012-c1.S00
10,1,34,70.50389820783691,39.77324264911176,87.64727791299423,70.07940783842156,70.50389820783691,71,pp10_8-10-2012-c1.S00
10,1,35,68.98444264712879,37.8711963886967,89.79521048516035,71.00013031829148,68.98444264712879,69,pp10_8-10-2012-c1.S00
10,1,36,71.9979911274797,74.13049101366346,87.43899284203847,79.38225161675363,71.9979911274797,72,pp10_8-10-2012-c1.S00
10,1,37,69.00611067750472,48.98060110089446,89.20761042485634,73.51389605874816,69.00611067750472,71,pp10_8-10-2012-c1.S00
10,1,38,70.23615414698715,50.21405212148013,88.8254915257295,72.8021212492759,70.23615414698715,71,pp10_8-10-2012-c1.S00
10,1,39,70.36457339186867,50.1917469457592,91.67007232755422,71.05614099831631,70.36457339186867,71,pp10_8-10-2012-c1.S00
10,1,40,69.45499827782635,36.87817953676077,88.35790922393402,68.89079047168295,69.45499827782635,69,pp10_8-10-2012-c1.S00
10,1,41,70.04467990577821,37.41777619812897,90.1477032671372,69.81821089976778,70.04467990577821,70,pp10_8-10-2012-c1.S00
10,1,42,72.78289273115283,44.96708401507838,87.85153993318478,73.21336315125227,72.78289273115283,73,pp10_8-10-2012-c1.S00
10,1,43,68.3363835832516,42.097985179373396,89.20627529025077,70.8441812323096,68.3363835832516,67,pp10_8-10-2012-c1.S00
10,1,44,71.3221430644361,91.21702988509135,91.53651972562075,71.22559627701217,71.3221430644361,70,pp10_8-10-2012-c1.S00
10,1,45,68.2152803914189,53.586388520815134,94.43942748655876,68.47400714131072,68.2152803914189,68,pp10_8-10-2012-c1.S00
10,1,46,68.71019277878369,46.07404367911569,94.14991723348697,69.9810569089527,68.71019277878369,69,pp10_8-10-2012-c1.S00
10,1,47,70.97205376370702,40.08998982860238,94.0034772709012,71.0606917085126,70.97205376370702,72,pp10_8-10-2012-c1.S00
10,1,48,72.49298317750326,40.253314687807,89.70557375401259,71.5327172158286,72.49298317750326,72,pp10_8-10-2012-c1.S00
10,1,49,71.4518877949993,38.51388189327747,91.34501475493113,70.3443599513111,71.4518877949993,70,pp10_8-10-2012-c1.S00
10,1,50,72.9791814701297,33.506199505068274,93.60015688141188,73.5705695205989,72.9791814701297,72,pp10_8-10-2012-c1.S00
10,1,51,75.68832768709578,32.795770517087746,93.76874223103125,81.22320015579461,75.68832768709578,74,pp10_8-10-2012-c1.S00
10,1,52,74.72349540293523,37.69893284460053,91.20202612827221,77.22994178154816,74.72349540293523,75,pp10_8-10-2012-c1.S00
10,2,1,77.52244691038135,200.25887641114485,97.15436336528509,74.95785445533693,77.52244691038135,65,pp10_8-10-2012-c2.S00
10,2,2,73.65466557210429,144.84700487913275,106.33244868516923,67.32854798048113,73.65466557210429,61,pp10_8-10-2012-c2.S00
10,2,3,82.95878830574146,142.32618115313187,108.55698429395756,78.32693137520303,82.95878830574146,62,pp10_8-10-2012-c2.S00
10,2,4,89.79744864727469,116.19833086237203,112.06558643678824,79.03649836853147,89.79744864727469,61,pp10_8-10-2012-c2.S00
10,2,5,88.11329671941462,115.2699753468188,111.65502584526936,77.34367645435655,88.11329671941462,59,pp10_8-10-2012-c2.S00
10,2,6,89.88671635594393,77.03267572238634,108.47718436419964,72.87716450514272,89.88671635594393,55,pp10_8-10-2012-c2.S00
10,2,7,81.53755006280068,218.08827374467145,97.82132886747519,78.6836676941874,81.53755006280068,68,pp10_8-10-2012-c2.S00
10,2,8,82.08294985601046,172.6787626213446,105.80703848699729,70.18402297273278,82.08294985601046,62,pp10_8-10-2012-c2.S00
10,2,9,85.21814511634818,162.66250754220766,111.81332156807184,80.15367612938086,85.21814511634818,69,pp10_8-10-2012-c2.S00
10,2,10,87.72443333928253,170.5509098353947,109.47380558600028,82.40154395475983,87.72443333928253,71,pp10_8-10-2012-c2.S00
10,2,11,96.65741254858412,55.626057818352045,114.88409886856874,85.6539312965547,96.65741254858412,73,pp10_8-10-2012-c2.S00
10,2,12,85.75956209373932,169.82989046739385,110.1349748412768,81.53046348157028,85.75956209373932,63,pp10_8-10-2012-c2.S00
10,2,13,77.46832303272082,164.78286510678933,107.43160342077414,77.45171325039118,77.46832303272082,69,pp10_8-10-2012-c2.S00
10,2,14,93.48781918181675,100.7576123376686,101.48022695134084,83.03189435563982,93.48781918181675,69,pp10_8-10-2012-c2.S00
10,2,15,93.2743595358003,108.09121989606867,99.12421299318473,80.14838432874531,93.2743595358003,69,pp10_8-10-2012-c2.S00
10,2,16,95.99278900322993,106.08444074763062,98.11078633219003,88.71323145035034,95.99278900322993,67,pp10_8-10-2012-c2.S00
10,2,17,97.53063940051824,82.52194610029694,99.55720093498627,90.73455870139102,97.53063940051824,82,pp10_8-10-2012-c2.S00
10,2,18,90.16730261226886,124.04938674153995,97.77992320706447,79.79925348411004,90.16730261226886,66,pp10_8-10-2012-c2.S00
10,2,19,97.40698985343855,48.49227537724363,100.62631486058235,82.67290993547067,97.40698985343855,63,pp10_8-10-2012-c2.S00
10,2,20,87.70298312163787,162.40950003520572,101.03496750891209,82.54749222931763,87.70298312163787,68,pp10_8-10-2012-c2.S00
10,2,21,95.60070618510429,159.06149400652822,100.35237299203872,86.35036725044871,95.60070618510429,68,pp10_8-10-2012-c2.S00
10,2,22,98.51033437308689,57.83012969042046,105.46325299739837,89.98931378827741,98.51033437308689,73,pp10_8-10-2012-c2.S00
10,2,23,82.87769784172662,183.03264815729366,106.74618945072095,72.76895972092946,82.87769784172662,66,pp10_8-10-2012-c2.S00
10,2,24,92.15864472581286,117.06630288793862,102.7075691724817,84.45472045484931,92.15864472581286,68,pp10_8-10-2012-c2.S00
10,2,25,87.45399352205551,107.40148177341239,106.9232549632589,78.58743105301012,87.45399352205551,66,pp10_8-10-2012-c2.S00
10,2,26,97.23057445798386,61.69797355108794,107.87127672731876,81.14687463194132,97.23057445798386,63,pp10_8-10-2012-c2.S00
10,2,27,88.7297094333083,132.87656047394768,108.6206605831782,76.46073212958872,88.7297094333083,67,pp10_8-10-2012-c2.S00
10,2,28,95.603462909523,86.63908360551687,105.88123217870792,86.09488621844599,95.603462909523,73,pp10_8-10-2012-c2.S00
10,2,29,97.95788214973759,92.91633971561104,101.88891554872195,82.37420789869502,97.95788214973759,70,pp10_8-10-2012-c2.S00
10,2,30,106.18385318080817,73.75830443906035,107.38062543769678,78.57154100580762,106.18385318080817,62,pp10_8-10-2012-c2.S00
10,2,31,83.11527683834187,207.6205589126668,108.18554260929426,71.69733305508271,83.11527683834187,54,pp10_8-10-2012-c2.S00
10,2,32,94.94607385467307,75.8766826852349,109.65772505501906,80.75641129252811,94.94607385467307,66,pp10_8-10-2012-c2.S00
10,2,33,95.28535980148884,76.56307959029371,108.25496081958214,83.50836868751794,95.28535980148884,68,pp10_8-10-2012-c2.S00
10,2,34,91.41988792857822,84.50210261298983,106.41060469100873,73.10825169604892,91.41988792857822,64,pp10_8-10-2012-c2.S00
10,2,35,95.1038524111134,95.96463241198809,109.87480454842249,80.6090292684113,95.1038524111134,68,pp10_8-10-2012-c2.S00
10,2,36,92.4340007880503,144.4759979956878,107.66234278033177,72.43002018497015,92.4340007880503,62,pp10_8-10-2012-c2.S00
10,2,37,94.72953873827572,60.69662472669414,109.30041693697373,87.14117921578388,94.72953873827572,75,pp10_8-10-2012-c2.S00
10,2,38,79.41176470588235,240.0649347928721,105.21933991859356,81.26295323645076,79.41176470588235,59,pp10_8-10-2012-c2.S00
10,2,39,85.08077873414972,151.59826741499236,114.44132897208134,72.66324321990832,85.08077873414972,65,pp10_8-10-2012-c2.S00
10,2,40,85.73489898015231,172.4469916246023,113.28741483986377,80.07953550315773,85.73489898015231,62,pp10_8-10-2012-c2.S00
10,3,1,67.21097906618269,119.78073665635442,106.25678527684262,67.35176847123759,67.21097906618269,68,pp10_8-10-2012-c3.S00
10,3,2,52.624243250082735,97.44333166059975,113.9499629775683,55.65965509827559,52.624243250082735,55,pp10_8-10-2012-c3.S00
10,3,3,54.877141815530436,68.75066034404475,117.0998070458571,55.95340446140617,54.877141815530436,56,pp10_8-10-2012-c3.S00
10,3,4,55.37681554017895,110.04396987547729,123.45751952578624,56.65365868853405,55.37681554017895,57,pp10_8-10-2012-c3.S00
10,3,5,62.553012217385195,138.1755417633433,125.18438855806987,63.30540202753618,62.553012217385195,62,pp10_8-10-2012-c3.S00
10,3,6,59.99895370128172,94.8608247779237,128.3350404550632,59.51865143639346,59.99895370128172,60,pp10_8-10-2012-c3.S00
10,3,7,62.753517248285185,94.54365798603764,123.64552581012249,60.29168750063206,62.753517248285185,60,pp10_8-10-2012-c3.S00
10,3,8,64.53781512605042,76.2913317216528,125.3680196767052,63.507702767911056,64.53781512605042,64,pp10_8-10-2012-c3.S00
10,3,9,72.34941478732514,59.094663750028786,113.41844848543406,71.69472694893678,72.34941478732514,71,pp10_8-10-2012-c3.S00
10,3,10,66.39806825281572,91.26827812567473,109.54263224204381,67.37077305298298,66.39806825281572,66,pp10_8-10-2012-c3.S00
10,3,11,65.59863611706662,82.51962597906582,123.40740341047446,65.0095448045681,65.59863611706662,65,pp10_8-10-2012-c3.S00
10,3,12,62.17731937896894,93.77471684210755,126.60416191220284,62.58565787781651,62.17731937896894,62,pp10_8-10-2012-c3.S00
10,3,13,63.929585753396616,71.64915233074254,128.49046412656705,63.64686672240496,63.929585753396616,64,pp10_8-10-2012-c3.S00
10,3,14,64.92541256450448,63.649231417710105,134.4522555227081,65.13188246050849,64.92541256450448,65,pp10_8-10-2012-c3.S00
10,3,15,66.93163249169785,68.7259467127438,127.44285601774851,66.0751161220173,66.93163249169785,66,pp10_8-10-2012-c3.S00
10,3,16,63.839949279701315,74.72559947681516,119.92949478377899,63.45546848901237,63.839949279701315,63,pp10_8-10-2012-c3.S00
10,3,17,64.44153096376935,73.34553883170625,119.88386168877284,63.80188404464473,64.44153096376935,64,pp10_8-10-2012-c3.S00
10,3,18,63.781305419784594,80.90256134522487,118.12884333978097,62.78340032817796,63.781305419784594,63,pp10_8-10-2012-c3.S00
10,3,19,64.44992454635798,76.06171407785001,111.27058243006468,63.68248932433004,64.44992454635798,63,pp10_8-10-2012-c3.S00
10,3,20,63.59260984319205,87.80743528707487,112.48583798408508,63.40364687272037,63.59260984319205,63,pp10_8-10-2012-c3.S00
10,3,21,59.05664263645726,98.58364249618496,107.09954339861869,59.59007315489774,59.05664263645726,59,pp10_8-10-2012-c3.S00
10,3,22,65.21875200175697,67.82063220393022,121.36905763844649,64.41578867544109,65.21875200175697,64,pp10_8-10-2012-c3.S00
10,3,23,56.30733085055862,134.80588318819258,125.05812113881112,56.1784328985028,56.30733085055862,56,pp10_8-10-2012-c3.S00
10,3,24,61.26550271993162,111.89819591436795,109.62738206138214,61.61480925368766,61.26550271993162,61,pp10_8-10-2012-c3.S00
10,3,25,61.30734359274329,114.26941673575612,113.09792647063732,60.88243950850641,61.30734359274329,61,pp10_8-10-2012-c3.S00
10,3,26,67.26072148467367,75.78293773419655,114.68715219298998,68.71718906064828,67.26072148467367,68,pp10_8-10-2012-c3.S00
10,3,27,57.09322897121106,160.84031809659865,127.92933702518543,57.116550973399235,57.09322897121106,55,pp10_8-10-2012-c3.S00
10,3,28,61.486627359080636,131.96712272156813,115.7068442761898,60.548683339636774,61.486627359080636,62,pp10_8-10-2012-c3.S00
10,3,29,62.9005726184279,93.47142012662991,113.58120777110258,63.78985541155562,62.9005726184279,62,pp10_8-10-2012-c3.S00
10,3,30,59.70638253566099,139.34744611132484,122.93824438254039,59.6878268340913,59.70638253566099,59,pp10_8-10-2012-c3.S00
10,3,31,65.57479842239992,80.24421035773977,111.76663830180964,64.56206642690425,65.57479842239992,66,pp10_8-10-2012-c3.S00
10,3,32,64.89626702109868,90.7485146964485,126.29489900122086,65.13120160475373,64.89626702109868,64,pp10_8-10-2012-c3.S00
10,3,33,62.53488155115819,99.98184702059062,120.74316542347272,63.6745200277927,62.53488155115819,62,pp10_8-10-2012-c3.S00
10,3,34,59.332632050906206,90.45568452399324,123.87365852693716,58.05802032301823,59.332632050906206,59,pp10_8-10-2012-c3.S00
10,3,35,61.640069037639115,86.88049969006988,123.48999164849519,61.77633689750607,61.640069037639115,61,pp10_8-10-2012-c3.S00
10,3,36,61.83217630340586,82.4486599673775,117.16335273186365,60.610109787558514,61.83217630340586,61,pp10_8-10-2012-c3.S00
10,3,37,63.18158879483541,77.30894154271039,123.55110223640999,61.60628725979477,63.18158879483541,61,pp10_8-10-2012-c3.S00
10,3,38,67.25607409497908,89.34981452072222,110.46880154907703,67.06078682544951,67.25607409497908,67,pp10_8-10-2012-c3.S00
10,3,39,63.165568484508626,88.61583520407022,114.20453607887029,61.79746675218145,63.165568484508626,61,pp10_8-10-2012-c3.S00
11,1,1,90.69714285714286,184.0817021476762,87.7063619589433,88.37447610379508,90.69714285714286,74,pp11_9-10-2012_c1.S00
11,1,2,102.40948235947772,137.65006979189877,102.79551324596008,91.3732280726234,102.40948235947772,67,pp11_9-10-2012_c1.S00
11,1,3,107.97077799814225,174.35413380205912,106.34288565913836,102.18776266630739,107.97077799814225,87,pp11_9-10-2012_c1.S00
11,1,4,85.72680597795873,278.8397161590192,109.41962572385867,86.40523467796544,85.72680597795873,75,pp11_9-10-2012_c1.S00
11,1,5,80.28958613750115,60.883501002885204,120.13095766206582,84.67810588420058,80.28958613750115,77,pp11_9-10-2012_c1.S00
11,1,6,84.92629813847566,238.62868031054464,121.5591155226032,81.50227356761073,84.92629813847566,73,pp11_9-10-2012_c1.S00
11,1,7,113.82476033168533,133.74546040712863,91.24049744804701,108.52550200646122,113.82476033168533,96,pp11_9-10-2012_c1.S00
11,1,8,88.1691842900302,377.5902995051588,84.82394807140032,100.83501713393876,88.1691842900302,81,pp11_9-10-2012_c1.S00
11,1,9,94.07193865955334,280.8971580131687,90.68153305202722,98.91130220070481,94.07193865955334,80,pp11_9-10-2012_c1.S00
11,1,10,107.49088788453126,118.10856296074947,96.99335332264504,91.24754375964403,107.49088788453126,75,pp11_9-10-2012_c1.S00
11,1,11,82.83204314168914,262.3184013700138,109.153124833107,82.42753066743414,82.83204314168914,72,pp11_9-10-2012_c1.S00
11,1,12,105.04636022884199,175.2363281482628,101.58357474456231,93.78935356320193,105.04636022884199,71,pp11_9-10-2012_c1.S00
11,1,13,122.09250335337076,32.50511099404323,96.64525014509758,105.60913269985467,122.09250335337076,87,pp11_9-10-2012_c1.S00
11,1,14,110.97671929355097,51.224544012066886,98.75490213831266,96.52757954231153,110.97671929355097,77,pp11_9-10-2012_c1.S00
11,1,15,113.92953576889293,63.32984148643695,97.95551223407189,94.72213609926402,113.92953576889293,80,pp11_9-10-2012_c1.S00
11,1,16,81.89931835395102,393.5407769704109,98.40553863247236,90.71027668236444,81.89931835395102,73,pp11_9-10-2012_c1.S00
11,1,17,109.77611017193749,108.94917292164996,101.29498024135827,97.63198046473165,109.77611017193749,87,pp11_9-10-2012_c1.S00
11,1,18,109.78641627754082,43.291387835225756,98.99246036559343,98.14465785430123,109.78641627754082,77,pp11_9-10-2012_c1.S00
11,1,19,109.68895729126588,70.75146332269725,101.0025520776709,99.90973761050651,109.68895729126588,79,pp11_9-10-2012_c1.S00
11,1,20,102.3102541630149,239.45926826400296,96.84478483398756,100.75473241337265,102.3102541630149,75,pp11_9-10-2012_c1.S00
11,1,21,110.98963242224316,69.55367927877919,97.1318795527021,104.25186654571444,110.98963242224316,72,pp11_9-10-2012_c1.S00
11,1,22,97.28470732454797,270.0214346904904,99.59766015261411,97.1406320469454,97.28470732454797,78,pp11_9-10-2012_c1.S00
11,1,23,119.56331367855684,56.24187004175188,99.33758239150048,97.99355056429708,119.56331367855684,72,pp11_9-10-2012_c1.S00
11,1,24,117.85337499091767,125.27590892292137,99.76944616089264,106.43137733141582,117.85337499091767,88,pp11_9-10-2012_c1.S00
11,1,25,88.03553517695946,325.17063058658385,96.6768448928992,97.86462913857152,88.03553517695946,75,pp11_9-10-2012_c1.S00
11,1,26,118.53376205787781,81.35546191655442,101.92731371025245,97.86464157911638,118.53376205787781,83,pp11_9-10-2012_c1.S00
11,1,27,115.042216404584,100.06050582599235,103.94782366851966,104.49151590814193,115.042216404584,76,pp11_9-10-2012_c1.S00
11,1,28,111.60315743078095,57.566706774567905,105.22252751588822,98.5654398209105,111.60315743078095,86,pp11_9-10-2012_c1.S00
11,1,29,93.31029065200315,176.54627248800796,104.57102095981439,89.97666585060458,93.31029065200315,74,pp11_9-10-2012_c1.S00
11,1,30,116.01913936852887,108.40107303388753,103.29560704131922,98.27960771126672,116.01913936852887,81,pp11_9-10-2012_c1.S00
11,1,31,91.4806844486838,180.73553097940254,103.49509831468264,87.99737074673176,91.4806844486838,79,pp11_9-10-2012_c1.S00
11,1,32,100.27784103848782,172.9851576677652,103.24323606093725,83.61056199412172,100.27784103848782,65,pp11_9-10-2012_c1.S00
11,1,33,92.35145166325576,190.06893515175022,94.92999145686626,90.19176962437729,92.35145166325576,78,pp11_9-10-2012_c1.S00
11,1,34,119.25387373753988,121.44543050715684,97.71797410448393,103.9487562407429,119.25387373753988,87,pp11_9-10-2012_c1.S00
11,1,35,105.80991233889979,161.27233148544315,101.7284920061628,101.33286258584509,105.80991233889979,82,pp11_9-10-2012_c1.S00
11,1,36,118.7975386384124,43.74221015751905,101.01751388857762,110.96598117146641,118.7975386384124,92,pp11_9-10-2012_c1.S00
11,1,37,91.3825454212622,325.49033657904914,101.41286514451106,113.91575652764489,91.3825454212622,82,pp11_9-10-2012_c1.S00
11,1,38,96.4216015086125,248.7610776668788,100.97873504857222,102.79595274534077,96.4216015086125,82,pp11_9-10-2012_c1.S00
11,3,1,76.19540601747008,419.1027065291549,128.10117961205543,127.64412676293458,76.19540601747008,75,pp11_9-10-2012_c3.S00
11,3,2,91.2927191679049,358.82196044394925,117.35020371725162,121.59569316872707,91.2927191679049,85,pp11_9-10-2012_c3.S00
11,3,3,78.37017605082971,433.9779732975571,111.63457176635663,91.20143745856902,78.37017605082971,67,pp11_9-10-2012_c3.S00
11,3,4,97.33315356613187,402.24993196856343,112.61088560769956,99.41174267545838,97.33315356613187,73,pp11_9-10-2012_c3.S00
11,3,5,89.60581169769266,450.0306870927778,114.23730068405469,121.99776026476175,89.60581169769266,74,pp11_9-10-2012_c3.S00
11,3,6,80.49982409103592,522.3459751281837,109.71311612625917,100.0722868867222,80.49982409103592,75,pp11_9-10-2012_c3.S00
11,3,7,73.49540864792597,513.12437403614,124.87241453379393,120.50458349159155,73.49540864792597,72,pp11_9-10-2012_c3.S00
11,3,8,81.11240260019802,549.9811997716538,115.16882987668117,114.21648753860609,81.11240260019802,61,pp11_9-10-2012_c3.S00
11,3,9,96.29016008060003,332.98689999363734,122.0103739157319,128.92862194756196,96.29016008060003,87,pp11_9-10-2012_c3.S00
11,3,10,98.82702301410541,192.8414237463632,121.74251276999712,93.04759772649656,98.82702301410541,74,pp11_9-10-2012_c3.S00
11,3,11,93.24288900641542,348.97549306356467,129.65184603681166,112.50397238433361,93.24288900641542,82,pp11_9-10-2012_c3.S00
11,3,12,117.91822230219063,300.65403821369546,131.47627959648767,134.13068513984754,117.91822230219063,92,pp11_9-10-2012_c3.S00
11,3,13,92.44761480160498,200.75765277414115,138.1765464991331,90.95626667874555,92.44761480160498,70,pp11_9-10-2012_c3.S00
11,3,14,81.81605758721624,474.0326248936951,142.03198184520005,133.49561316089282,81.81605758721624,83,pp11_9-10-2012_c3.S00
11,3,15,89.45756013490424,387.99763509883365,138.73634503583114,104.19152858374387,89.45756013490424,72,pp11_9-10-2012_c3.S00
12,1,1,77.54612638046999,42.47695148274241,173.78513740611572,85.98412868976592,77.54612638046999,78,pp12_9-10-212_c1.S00
12,1,2,71.48342059336824,42.29199177169607,204.9213862657547,72.56210935357959,71.48342059336824,71,pp12_9-10-212_c1.S00
12,1,3,70.05525047159925,36.49811245364997,254.1463699946801,70.13363820047428,70.05525047159925,70,pp12_9-10-212_c1.S00
12,1,4,73.69245422796062,26.028560547819268,238.88896588186424,72.70218353749563,73.69245422796062,74,pp12_9-10-212_c1.S00
12,1,5,75.24800979791794,29.671540906437095,281.77432275017105,76.08387823278706,75.24800979791794,75,pp12_9-10-212_c1.S00
12,1,6,74.4142883949438,30.271356045236107,289.7411039173603,74.38946640603244,74.4142883949438,75,pp12_9-10-212_c1.S00
12,1,7,71.7520889532206,30.008732115254535,316.2557618776957,71.60390853919088,71.7520889532206,72,pp12_9-10-212_c1.S00
12,1,8,73.0967495627314,39.679993028929125,332.1666534125805,73.26786402246604,73.0967495627314,73,pp12_9-10-212_c1.S00
12,1,9,79.08640834378507,33.375849588823904,282.4546473940214,78.57760827050855,79.08640834378507,79,pp12_9-10-212_c1.S00
12,1,10,81.2484941805172,18.385804544163015,212.6986691882213,80.54405130712937,81.2484941805172,81,pp12_9-10-212_c1.S00
12,1,11,81.53115908742919,24.796554803484234,157.11161183416843,81.62426551220318,81.53115908742919,81,pp12_9-10-212_c1.S00
12,1,12,82.41785746419427,30.202474793343974,141.9670141989986,83.22031464359412,82.41785746419427,83,pp12_9-10-212_c1.S00
12,1,13,79.75049126539147,30.109549449130142,135.71747399270535,78.88516983402272,79.75049126539147,79,pp12_9-10-212_c1.S00
12,1,14,82.18023741849188,27.644239490013963,145.8143381625414,82.20642643614362,82.18023741849188,82,pp12_9-10-212_c1.S00
12,1,15,78.39512298858723,30.762864928764113,149.4547166287899,78.14454229107747,78.39512298858723,78,pp12_9-10-212_c1.S00
12,1,16,84.13369968255662,22.44514940504375,183.1567181487878,83.95077245763193,84.13369968255662,85,pp12_9-10-212_c1.S00
12,1,17,81.53207115005317,26.859968945076655,199.25821791191896,81.36837748431911,81.53207115005317,81,pp12_9-10-212_c1.S00
12,1,18,85.35525677257287,21.695725443726655,205.87922098735967,85.03114209889124,85.35525677257287,85,pp12_9-10-212_c1.S00
12,1,19,83.49086516684282,25.44309622951428,202.5778348614772,83.4931757265081,83.49086516684282,84,pp12_9-10-212_c1.S00
12,1,20,83.08973075504505,24.8923896917423,204.88191903928916,83.08513094012936,83.08973075504505,83,pp12_9-10-212_c1.S00
12,1,21,78.19313251518533,31.89795479486141,194.64244095385075,78.43776234593243,78.19313251518533,78,pp12_9-10-212_c1.S00
12,1,22,81.81966148509235,23.624752971831082,209.8206565598647,82.07251553771397,81.81966148509235,82,pp12_9-10-212_c1.S00
12,1,23,83.19638904561434,24.110711784459458,217.89049591422082,82.69181790618846,83.19638904561434,83,pp12_9-10-212_c1.S00
12,1,24,84.08095233917872,22.165990841949522,199.27026219964029,84.11572911702096,84.08095233917872,84,pp12_9-10-212_c1.S00
12,1,25,84.2950119620302,20.928211093953006,202.30930079221724,83.99559831991792,84.2950119620302,84,pp12_9-10-212_c1.S00
12,1,26,84.4973521348134,21.669747111740733,211.1359796533982,83.74618789801995,84.4973521348134,84,pp12_9-10-212_c1.S00
12,1,27,81.54763636363637,22.988720528377538,193.26110666493574,82.94903190489859,81.54763636363637,82,pp12_9-10-212_c1.S00
12,1,28,82.92966871662492,21.048421394281757,204.6232419927915,82.56742937030891,82.92966871662492,83,pp12_9-10-212_c1.S00
12,1,29,85.22601168898424,25.099194116800444,215.82571577926475,85.2088749875625,85.22601168898424,85,pp12_9-10-212_c1.S00
12,1,30,84.62445659191667,25.102174783642695,227.82686378459135,85.20152996685356,84.62445659191667,86,pp12_9-10-212_c1.S00
12,1,31,83.34542039495996,21.945371655426342,242.09900409082573,83.74303130004554,83.34542039495996,83,pp12_9-10-212_c1.S00
12,1,32,85.46613227149824,20.8186890844828,257.58213474154473,86.04196292366832,85.46613227149824,86,pp12_9-10-212_c1.S00
12,1,33,83.82138421982405,22.97106564952284,270.5917940934499,84.01116981829206,83.82138421982405,85,pp12_9-10-212_c1.S00
12,1,34,86.50779682494984,20.068991729032533,271.05283121565975,87.3067452184235,86.50779682494984,87,pp12_9-10-212_c1.S00
12,1,35,83.07441064138023,24.40924345942274,200.82588873604934,83.5507196844245,83.07441064138023,83,pp12_9-10-212_c1.S00
12,1,36,82.39049307889792,23.20803743330172,216.373462793231,82.54095117033769,82.39049307889792,83,pp12_9-10-212_c1.S00
12,1,37,80.37647400839435,26.821937092805538,232.93335865239303,80.24570660380026,80.37647400839435,80,pp12_9-10-212_c1.S00
12,1,38,82.36372529483161,24.69822057661604,245.74268758992355,82.04138107045243,82.36372529483161,82,pp12_9-10-212_c1.S00
12,1,39,84.37628747997253,25.744336607256308,259.152165684104,84.62904292320212,84.37628747997253,85,pp12_9-10-212_c1.S00
12,1,40,82.3380238132055,25.559147150941175,270.879505187273,82.92533643506468,82.3380238132055,83,pp12_9-10-212_c1.S00
12,1,41,83.89453033851578,26.098726800410475,291.75320762197174,84.80066825977217,83.89453033851578,84,pp12_9-10-212_c1.S00
12,1,42,80.96568446576353,28.077749707794098,294.8774719059467,80.66051037106664,80.96568446576353,81,pp12_9-10-212_c1.S00
12,1,43,81.35338083871979,26.583435185953814,318.86374785105386,81.30620474920919,81.35338083871979,81,pp12_9-10-212_c1.S00
12,1,44,82.77428651824313,24.576968015947543,329.1074557562669,82.8869086133937,82.77428651824313,83,pp12_9-10-212_c1.S00
12,1,45,81.36316014449632,25.77392663809598,337.7650675535202,81.35624729109307,81.36316014449632,82,pp12_9-10-212_c1.S00
12,1,46,84.26004377272001,24.186151366704586,329.2240713953972,84.3269437259684,84.26004377272001,84,pp12_9-10-212_c1.S00
12,1,47,84.33561291271417,23.2382273237878,263.0571083645026,84.63180485268434,84.33561291271417,85,pp12_9-10-212_c1.S00
12,1,48,79.02923456696712,30.167756549638185,241.48906513154506,79.70010459385813,79.02923456696712,79,pp12_9-10-212_c1.S00
12,1,49,82.6853697041849,23.219960954740564,208.79092272420723,82.99235284868628,82.6853697041849,83,pp12_9-10-212_c1.S00
12,1,50,82.1896960589293,24.77003285999103,238.69122445782025,82.09706458747387,82.1896960589293,82,pp12_9-10-212_c1.S00
12,1,51,79.8975430023841,27.02178884489895,261.9320726712545,79.98919953834266,79.8975430023841,80,pp12_9-10-212_c1.S00
12,1,52,81.38741219737507,25.430470038042834,281.4639513134956,81.64487035951267,81.38741219737507,82,pp12_9-10-212_c1.S00
12,1,53,82.00124197121222,22.98153347451955,299.24208435217537,81.55119938831777,82.00124197121222,82,pp12_9-10-212_c1.S00
12,1,54,80.73111360056602,27.557050668479107,317.57281820376716,81.19300931288551,80.73111360056602,80,pp12_9-10-212_c1.S00
12,1,55,74.7598971722365,36.021316121226455,331.32221485972406,75.33339631600926,74.7598971722365,76,pp12_9-10-212_c1.S00
12,1,56,78.32258598567941,22.32392376025344,329.61613846421244,77.88444312624634,78.32258598567941,78,pp12_9-10-212_c1.S00
12,2,1,75.41213644166895,28.026558331228053,480.36734548732636,75.97319835567227,75.41213644166895,75,pp12_9-10-212_c2.S00
12,2,2,72.50529703634169,23.909448531470282,489.68524058262506,72.2513864584888,72.50529703634169,73,pp12_9-10-212_c2.S00
12,2,3,70.10164205642133,40.89050667614824,518.1085344791412,71.89741748695572,70.10164205642133,71,pp12_9-10-212_c2.S00
12,2,4,74.75589353612168,43.476731123938244,523.2943929394086,75.09096104061852,74.75589353612168,75,pp12_9-10-212_c2.S00
12,2,5,70.76155264936864,40.25368654583259,529.2477796554565,70.72482511997222,70.76155264936864,71,pp12_9-10-212_c2.S00
12,2,6,71.8658295347037,40.20867736950852,522.1183745781581,72.20624098796398,71.8658295347037,72,pp12_9-10-212_c2.S00
12,2,7,71.62085044192358,28.316102866011676,498.5059459944566,71.55161368474364,71.62085044192358,71,pp12_9-10-212_c2.S00
12,2,8,71.62742055770336,34.0460599161153,481.0873168428739,72.19527992450942,71.62742055770336,73,pp12_9-10-212_c2.S00
12,2,9,79.96904351496816,32.49959537427071,501.64156012733775,78.67796956480791,79.96904351496816,79,pp12_9-10-212_c2.S00
12,2,10,78.46878721458035,30.82593836464417,424.58794391552607,78.56608232619861,78.46878721458035,79,pp12_9-10-212_c2.S00
12,2,11,78.26119717614976,23.262826244139493,313.1260377248128,78.7186986543859,78.26119717614976,78,pp12_9-10-212_c2.S00
12,2,12,76.41587377735135,32.91029064098694,330.0037609398365,76.6340518715481,76.41587377735135,76,pp12_9-10-212_c2.S00
12,2,13,75.55760518677265,37.78091845278558,372.5024067560832,75.84469671503952,75.55760518677265,76,pp12_9-10-212_c2.S00
12,2,14,77.76873379334593,26.816114831419487,383.56669535835584,78.42210053255161,77.76873379334593,79,pp12_9-10-212_c2.S00
12,2,15,80.08369492513764,25.37497013384685,423.124497650067,79.73158412631199,80.08369492513764,82,pp12_9-10-212_c2.S00
12,2,16,80.18337878762529,26.291629335205243,458.1778908451398,80.99407909282793,80.18337878762529,81,pp12_9-10-212_c2.S00
12,2,17,84.19165779362066,19.800127783658976,487.0052452882131,83.59977095033973,84.19165779362066,84,pp12_9-10-212_c2.S00
12,2,18,78.57909716467918,20.717416442156516,502.2511440098286,79.42076896391809,78.57909716467918,79,pp12_9-10-212_c2.S00
12,2,19,82.07491195503201,21.22265133535289,519.8358794252077,82.54153675312797,82.07491195503201,83,pp12_9-10-212_c2.S00
12,2,20,79.47293987789314,21.90899949924567,492.27384431759515,80.54097499015431,79.47293987789314,80,pp12_9-10-212_c2.S00
12,2,21,75.94496888625493,23.792405446034696,479.86135302384696,76.11137154791504,75.94496888625493,76,pp12_9-10-212_c2.S00
12,2,22,79.14286957656991,27.96858165886193,491.86460334062576,79.6580095116049,79.14286957656991,80,pp12_9-10-212_c2.S00
12,2,23,77.76136481847499,25.375948845923627,496.4479114810626,78.5205652622506,77.76136481847499,78,pp12_9-10-212_c2.S00
12,2,24,78.04068196862086,26.36763960839245,473.16190510988235,78.44371988568454,78.04068196862086,79,pp12_9-10-212_c2.S00
12,2,25,81.82789933408286,22.266726761572635,469.2282053987185,81.468276809901,81.82789933408286,81,pp12_9-10-212_c2.S00
12,2,26,80.14554941471286,28.26379507821459,495.0182389954726,80.34798601089666,80.14554941471286,80,pp12_9-10-212_c2.S00
12,2,27,75.28394194123848,18.01482574099857,482.5400264819463,74.91901003985355,75.28394194123848,75,pp12_9-10-212_c2.S00
12,2,28,74.0719990780714,22.427642523272535,484.00226396719614,74.45409988810619,74.0719990780714,75,pp12_9-10-212_c2.S00
12,2,29,77.47934790554865,27.182738097966556,508.71708607077596,79.40736550365885,77.47934790554865,79,pp12_9-10-212_c2.S00
12,2,30,79.79428037091873,25.773365711599617,528.9205415109793,78.89276952023307,79.79428037091873,79,pp12_9-10-212_c2.S00
12,2,31,75.89240611345662,21.156350012072814,541.9523089925448,76.13826699356238,75.89240611345662,76,pp12_9-10-212_c2.S00
12,2,32,78.79751705740522,23.832751540318778,560.5716872453689,77.8971390478313,78.79751705740522,79,pp12_9-10-212_c2.S00
12,2,33,79.91784760731156,26.9656829327624,564.5283761819204,79.8844506977126,79.91784760731156,79,pp12_9-10-212_c2.S00
12,2,34,80.1735527753764,30.93400368433829,568.6182195623716,80.59905541768919,80.1735527753764,81,pp12_9-10-212_c2.S00
12,2,35,74.75121218085202,23.486337973349087,568.6117763916651,75.35681263798227,74.75121218085202,75,pp12_9-10-212_c2.S00
12,2,36,76.69285556942506,33.80096728706063,584.8686213731766,76.1319147620971,76.69285556942506,75,pp12_9-10-212_c2.S00
12,2,37,82.04123871944095,97.85727290640416,603.1441525499026,84.01865603687862,82.04123871944095,78,pp12_9-10-212_c2.S00
12,2,38,80.92695877667785,25.725783093793723,592.0278294324875,87.28897437353929,80.92695877667785,83,pp12_9-10-212_c2.S00
12,2,39,80.70850459765245,28.56915630176141,597.4430417140325,83.10048796962947,80.70850459765245,81,pp12_9-10-212_c2.S00
12,2,40,88.38457263047766,199.03146907979968,615.2029784361522,86.6884583534052,88.38457263047766,76,pp12_9-10-212_c2.S00
12,2,41,100.87151632895979,154.8846184840914,641.3788408001263,96.29263364057988,100.87151632895979,75,pp12_9-10-212_c2.S00
12,2,42,103.5600994749931,189.65432930203883,649.6177702625592,98.32912654274453,103.5600994749931,78,pp12_9-10-212_c2.S00
12,2,43,79.43704959728699,27.069019545466215,649.1411062598229,84.29186790032934,79.43704959728699,78,pp12_9-10-212_c2.S00
12,2,44,89.40068510453402,326.10628276544355,662.5494233727455,93.75997074178109,89.40068510453402,79,pp12_9-10-212_c2.S00
12,2,45,113.82422206173266,43.361625601126576,665.1075625260671,104.35007648915052,113.82422206173266,81,pp12_9-10-212_c2.S00
12,2,46,85.8178388085693,353.2682031623321,679.424264717102,94.42830665986985,85.8178388085693,81,pp12_9-10-212_c2.S00
12,2,47,89.20802534318902,360.2509070324083,662.8710780382156,95.45859731429567,89.20802534318902,83,pp12_9-10-212_c2.S00
12,2,48,85.79916211755744,391.00825732389336,688.0885996103286,96.78029575888067,85.79916211755744,82,pp12_9-10-212_c2.S00
12,2,49,100.27473274759949,175.4448324122341,679.79347935915,90.82444245045384,100.27473274759949,77,pp12_9-10-212_c2.S00
12,2,50,88.48539805307374,147.87268361887607,684.6779277682305,79.63578221267089,88.48539805307374,69,pp12_9-10-212_c2.S00
12,2,51,83.23793395427603,23.5657222629582,686.1878183841706,83.25553993675858,83.23793395427603,83,pp12_9-10-212_c2.S00
12,3,1,83.82360707684182,146.69976746604667,745.8087548767527,82.5516679988087,83.82360707684182,76,pp12_9-10-212_c3.S00
12,3,2,77.09956393068903,179.41043551280137,735.4458263397216,81.7880166991047,77.09956393068903,74,pp12_9-10-212_c3.S00
12,3,3,69.78785955300171,31.474338190636736,749.3999362866084,74.19043070434903,69.78785955300171,72,pp12_9-10-212_c3.S00
12,3,4,72.22630749606063,56.668756410679784,777.827948085467,73.74787394494439,72.22630749606063,69,pp12_9-10-212_c3.S00
12,3,5,69.684004914779,34.66388111614608,775.203913406531,73.12196703540782,69.684004914779,70,pp12_9-10-212_c3.S00
12,3,6,68.44443206661747,30.279595921631927,780.4146486441294,74.11728477956106,68.44443206661747,67,pp12_9-10-212_c3.S00
12,3,7,69.79049905161975,36.61257913835742,783.8522927363714,72.95562143580368,69.79049905161975,71,pp12_9-10-212_c3.S00
12,3,8,80.00563102695854,73.29861909934766,801.041320224603,79.03195494978378,80.00563102695854,79,pp12_9-10-212_c3.S00
12,3,9,89.8433256736996,168.83099305864403,813.4258118430773,96.73688820401827,89.8433256736996,88,pp12_9-10-212_c3.S00
12,3,10,98.53485308436909,146.66835564682475,783.4668614586194,100.40776682148378,98.53485308436909,88,pp12_9-10-212_c3.S00
12,3,11,107.59200387951937,190.68586284643587,778.0792347629865,97.23924936080972,107.59200387951937,83,pp12_9-10-212_c3.S00
12,3,12,122.41673666321567,98.72822292048814,783.0658818085989,103.07225558354209,122.41673666321567,84,pp12_9-10-212_c3.S00
12,3,13,81.69542163927967,448.48107182761174,788.3971127470335,97.44706498496234,81.69542163927967,82,pp12_9-10-212_c3.S00
12,3,14,86.14298664410467,78.35330731262356,791.5202917853991,86.86847270106276,86.14298664410467,83,pp12_9-10-212_c3.S00
12,3,15,80.36214630956152,27.27862363619963,810.9933851559957,82.58838845478992,80.36214630956152,79,pp12_9-10-212_c3.S00
12,3,16,76.48088083174079,22.575361805898073,809.9816752990087,78.09823991755644,76.48088083174079,77,pp12_9-10-212_c3.S00
12,3,17,82.29710826826725,28.197652764246367,823.6612075726191,81.19348995946348,82.29710826826725,81,pp12_9-10-212_c3.S00
12,3,18,85.87002096436059,20.116892655976322,824.1301649808884,85.13968524088462,85.87002096436059,85,pp12_9-10-212_c3.S00
12,3,19,79.13550330735477,20.384166781895708,828.3764411091804,82.75902234874665,79.13550330735477,81,pp12_9-10-212_c3.S00
12,3,20,83.64375845550384,23.216200731125088,826.3556122700373,85.54333822124948,83.64375845550384,84,pp12_9-10-212_c3.S00
12,3,21,84.07800205268559,28.75991187281624,812.3270617008209,91.20375599203011,84.07800205268559,80,pp12_9-10-212_c3.S00
12,3,22,82.19198073625452,68.5185270147156,803.1216607570648,89.4717744099597,82.19198073625452,83,pp12_9-10-212_c3.S00
12,3,23,87.37999086982477,264.8815071851248,792.0297364195188,95.44318745365987,87.37999086982477,84,pp12_9-10-212_c3.S00
12,3,24,78.15799516600941,34.76997997971096,811.7846761504809,80.62403687338035,78.15799516600941,79,pp12_9-10-212_c3.S00
12,3,25,77.57303686037947,37.55132413837799,802.9783542871476,87.00814382390429,77.57303686037947,83,pp12_9-10-212_c3.S00
12,3,26,90.7928689161283,262.27607990474553,810.5105442245801,101.52613448270907,90.7928689161283,83,pp12_9-10-212_c3.S00
12,3,27,92.35479056178347,284.3914009287312,810.5747711618741,91.58128245271122,92.35479056178347,79,pp12_9-10-212_c3.S00
12,3,28,83.98615110533451,25.467740840460227,814.9127117395401,88.38067257100096,83.98615110533451,82,pp12_9-10-212_c3.S00
12,3,29,79.08412441055981,28.609689904404142,810.221840429306,88.6983954993387,79.08412441055981,77,pp12_9-10-212_c3.S00
12,3,30,82.20257133897773,35.39286649907718,838.0304349541664,85.54781286939979,82.20257133897773,80,pp12_9-10-212_c3.S00
12,3,31,75.09289747074436,32.0105621903652,845.5248006621997,75.33797000274062,75.09289747074436,75,pp12_9-10-212_c3.S00
12,3,32,76.95735029658856,37.37653041537283,838.8311104456584,76.27273697908967,76.95735029658856,77,pp12_9-10-212_c3.S00
12,3,33,88.50968911194758,198.71821561441965,847.6519680301349,88.63630614305536,88.50968911194758,74,pp12_9-10-212_c3.S00
12,3,34,81.91781552491933,382.5025276649083,815.9018314997355,88.62256930818161,81.91781552491933,79,pp12_9-10-212_c3.S00
12,3,35,76.8511919946675,357.49840867192995,815.4992694656054,86.78431618685524,76.8511919946675,77,pp12_9-10-212_c3.S00
13,1,1,71.09831048936663,473.3660474914585,176.4542504294465,89.86298995461935,71.09831048936663,54,pp13_10-10-2012_c1.S00
13,1,2,78.91647648428271,506.1963679100768,231.91455696026483,100.48093468997007,78.91647648428271,67,pp13_10-10-2012_c1.S00
13,1,3,103.16899109100237,295.42382293595176,218.333985281984,108.37672965517268,103.16899109100237,75,pp13_10-10-2012_c1.S00
13,1,4,163.14391927774827,29.547068078324564,233.17002218266327,134.12331885645787,163.14391927774827,74,pp13_10-10-2012_c1.S00
13,1,5,73.76286972023138,22.590960016531493,199.77827012240886,79.85124267879874,73.76286972023138,76,pp13_10-10-2012_c1.S00
13,1,6,69.41334795394508,26.200118942138527,152.68900176783401,69.39507132588575,69.41334795394508,70,pp13_10-10-2012_c1.S00
13,1,7,76.81289768804463,21.33174940391936,125.4380397712191,76.14941797852516,76.81289768804463,76,pp13_10-10-2012_c1.S00
13,1,8,67.97811373596453,30.766885313481176,110.38760211964448,70.65853145172198,67.97811373596453,70,pp13_10-10-2012_c1.S00
13,1,9,70.47855422189315,28.705650067623452,116.09023578365644,69.5143519662631,70.47855422189315,67,pp13_10-10-2012_c1.S00
13,1,10,70.34941272069143,26.54874145505885,110.39628630181154,68.8205521184951,70.34941272069143,69,pp13_10-10-2012_c1.S00
13,1,11,71.34060755084268,25.542861614173315,196.9928756698966,71.2133308030665,71.34060755084268,71,pp13_10-10-2012_c1.S00
13,1,12,72.18122203116489,69.56057904268843,196.99922422568002,75.47020260896534,72.18122203116489,73,pp13_10-10-2012_c1.S00
13,1,13,83.23121170438914,221.70158311707078,116.94209374934435,84.09491980870565,83.23121170438914,74,pp13_10-10-2012_c1.S00
13,1,14,68.08804063413884,27.89813981823267,130.70371727397045,75.12412893722454,68.08804063413884,72,pp13_10-10-2012_c1.S00
13,1,15,82.29414606297485,138.3313075840322,137.4019140233596,76.22002326445654,82.29414606297485,71,pp13_10-10-2012_c1.S00
13,1,16,84.35365131968281,136.8328946922509,126.64597116957108,81.65800588090593,84.35365131968281,71,pp13_10-10-2012_c1.S00
13,1,17,70.98221221839333,380.8378432309711,119.33581222544113,85.78328723544254,70.98221221839333,67,pp13_10-10-2012_c1.S00
13,1,18,77.55617268366574,488.8509461566811,120.89908813188474,86.27749726837501,77.55617268366574,60,pp13_10-10-2012_c1.S00
13,1,19,85.80894619095035,310.89883543854046,109.60957810382048,87.87983766725908,85.80894619095035,69,pp13_10-10-2012_c1.S00
13,1,20,85.49791264861697,303.4185597652829,131.36310473481814,79.22672905940563,85.49791264861697,69,pp13_10-10-2012_c1.S00
13,1,21,70.59900347693436,46.1677603655188,120.68327576518058,77.68174479342997,70.59900347693436,68,pp13_10-10-2012_c1.S00
13,1,22,72.29460626427212,17.23618264643232,120.53541857600212,72.88168721882006,72.29460626427212,71,pp13_10-10-2012_c1.S00
13,1,23,71.43815208928108,17.12493860022379,127.52025699317456,71.04758287264654,71.43815208928108,69,pp13_10-10-2012_c1.S00
13,1,24,73.93788819875776,33.19635570535566,121.9785445605715,77.0332053458939,73.93788819875776,75,pp13_10-10-2012_c1.S00
13,1,25,63.399910700997175,215.12193807881584,117.54234070926904,71.47357491093378,63.399910700997175,63,pp13_10-10-2012_c1.S00
13,1,26,67.03276721096846,39.55954851621002,121.08658546507358,69.8511593365421,67.03276721096846,63,pp13_10-10-2012_c1.S00
13,1,27,65.97267628589233,59.71222530155669,120.94703455418349,66.38550294383118,65.97267628589233,66,pp13_10-10-2012_c1.S00
13,1,28,62.84993350837112,39.19665044000828,133.4180034711957,64.09983103203898,62.84993350837112,64,pp13_10-10-2012_c1.S00
13,1,29,72.75512752907218,36.382895553535,149.42804777324199,71.02995802238584,72.75512752907218,71,pp13_10-10-2012_c1.S00
13,1,30,66.25389779027866,30.33717533400934,144.6209809621175,65.83975410172715,66.25389779027866,66,pp13_10-10-2012_c1.S00
13,1,31,80.35505242168907,198.82764135475517,156.39584954579672,78.4921476488312,80.35505242168907,70,pp13_10-10-2012_c1.S00
13,1,32,76.21433655312659,178.04899769313167,167.66384745438893,75.39282458297288,76.21433655312659,69,pp13_10-10-2012_c1.S00
13,1,33,84.59710849726815,118.90669551430922,181.56372742553552,75.9706638906151,84.59710849726815,64,pp13_10-10-2012_c1.S00
13,1,34,69.94900500462514,132.1878076774931,157.3639933238427,71.48492259361471,69.94900500462514,65,pp13_10-10-2012_c1.S00
13,1,35,69.13838319298881,374.534251934604,134.91237188826005,73.85018138720964,69.13838319298881,64,pp13_10-10-2012_c1.S00
13,1,36,69.9611149471236,100.19935142613738,115.34370230138302,78.96246671533832,69.9611149471236,72,pp13_10-10-2012_c1.S00
13,1,37,82.37995474733931,176.99217386692658,149.80399273435276,90.18588849063963,82.37995474733931,73,pp13_10-10-2012_c1.S00
13,1,38,71.95988032240548,235.7177980215423,152.61099016865094,68.86970526464283,71.95988032240548,62,pp13_10-10-2012_c1.S00
13,1,39,78.50670301236251,215.80468685944726,155.50859393874805,74.32363973632455,78.50670301236251,69,pp13_10-10-2012_c1.S00
13,1,40,82.82516068462483,193.52821565906405,157.11613375047844,76.96865734700114,82.82516068462483,68,pp13_10-10-2012_c1.S00
13,1,41,73.20186161960906,42.49264716757173,145.84257430185875,79.25006735762581,73.20186161960906,76,pp13_10-10-2012_c1.S00
13,1,42,71.02038145712697,47.00569127114695,130.23850611001254,70.99816563225662,71.02038145712697,68,pp13_10-10-2012_c1.S00
13,1,43,74.4591892383203,47.33322284477623,148.51647568444412,72.91436771232014,74.4591892383203,72,pp13_10-10-2012_c1.S00
13,2,1,66.29477704606373,39.21773276035056,168.9474688280374,67.65990931419655,66.29477704606373,66,pp13_10-10-2012_c2.S00
13,2,2,66.29619638521716,45.55454957428821,195.45647553702196,65.14430725850785,66.29619638521716,64,pp13_10-10-2012_c2.S00
13,2,3,65.35735655873944,29.229177228743243,188.69131620724997,64.64555257804071,65.35735655873944,66,pp13_10-10-2012_c2.S00
13,2,4,64.02529735168349,35.88055624632167,187.33381506303945,64.63384480358413,64.02529735168349,64,pp13_10-10-2012_c2.S00
13,2,5,63.818548696074174,28.311050478984928,208.45046259462833,64.01637785887966,63.818548696074174,64,pp13_10-10-2012_c2.S00
13,2,6,61.25290023201856,39.174857849961015,217.8244277358055,61.08708781832829,61.25290023201856,61,pp13_10-10-2012_c2.S00
13,2,7,54.81683635981946,34.40280136855711,204.265791173776,55.50748960943893,54.81683635981946,55,pp13_10-10-2012_c2.S00
13,2,8,63.081987014947906,102.06830180042125,220.81907627085846,60.47041406401743,63.081987014947906,60,pp13_10-10-2012_c2.S00
13,2,9,65.3107131529091,73.41589501761422,212.581259744366,65.81704031936825,65.3107131529091,65,pp13_10-10-2012_c2.S00
13,2,10,58.37316377987284,77.4605714801151,194.68938010732333,59.49233198830237,58.37316377987284,58,pp13_10-10-2012_c2.S00
13,2,11,57.04475737081168,52.4908021408247,199.69599231878917,57.0878912315083,57.04475737081168,57,pp13_10-10-2012_c2.S00
13,2,12,56.16192519354538,69.60495175152273,206.22484710514544,56.6782461441122,56.16192519354538,57,pp13_10-10-2012_c2.S00
13,2,13,55.50391312764448,71.98454345921884,209.51083730359872,56.0332301423264,55.50391312764448,56,pp13_10-10-2012_c2.S00
13,2,14,59.606828587476386,78.80581800070276,195.47201201319695,60.409548168815675,59.606828587476386,60,pp13_10-10-2012_c2.S00
13,2,15,59.05536618577621,69.71764197725294,195.3987699598074,59.74785278967271,59.05536618577621,59,pp13_10-10-2012_c2.S00
13,2,16,67.1311744089293,48.18001729605837,174.41580451329548,66.55489651076496,67.1311744089293,67,pp13_10-10-2012_c2.S00
13,2,17,64.85442605362658,40.55371020457448,168.03825641870498,64.62005087484916,64.85442605362658,65,pp13_10-10-2012_c2.S00
13,2,18,63.93622181263394,45.03237104422846,162.17792378167312,63.42002623354395,63.93622181263394,63,pp13_10-10-2012_c2.S00
13,2,19,73.26149664635483,24.327914706622813,157.93752194941044,71.80152338209251,73.26149664635483,73,pp13_10-10-2012_c2.S00
13,2,20,71.08026030368764,30.186615715136167,169.19994754294555,69.22181192943826,71.08026030368764,69,pp13_10-10-2012_c2.S00
13,2,21,71.6304906902582,36.14635144631266,173.32357919911544,70.76877403209606,71.6304906902582,71,pp13_10-10-2012_c2.S00
13,2,22,60.17520631178018,52.57739487969138,169.44299632012843,63.382714971434325,60.17520631178018,63,pp13_10-10-2012_c2.S00
13,2,23,64.96515860634425,34.29551616459167,188.95376273989677,64.62621217953662,64.96515860634425,64,pp13_10-10-2012_c2.S00
13,2,24,62.50869707909419,44.467666253638924,194.11855170031387,63.16969582994158,62.50869707909419,63,pp13_10-10-2012_c2.S00
13,2,25,66.1852457439646,42.85935276493516,180.33354549209278,64.98921699399749,66.1852457439646,65,pp13_10-10-2012_c2.S00
13,2,26,60.52430894654155,43.708816303888725,221.36832316716513,60.576658480024584,60.52430894654155,60,pp13_10-10-2012_c2.S00
13,2,27,63.92348340345529,34.42580691817694,191.87776456475257,62.694903288129716,63.92348340345529,63,pp13_10-10-2012_c2.S00
13,2,28,60.60584321251143,39.27672243356651,198.32899828155834,61.64091538063561,60.60584321251143,62,pp13_10-10-2012_c2.S00
13,2,29,67.51788343113064,40.21063539440805,191.89162235856057,65.83739331681281,67.51788343113064,66,pp13_10-10-2012_c2.S00
13,2,30,67.41415061882223,31.05100213981376,181.3147354722023,68.24417665051297,67.41415061882223,68,pp13_10-10-2012_c2.S00
13,2,31,61.38669050561355,53.713592859991245,173.9235033661127,62.19361314441388,61.38669050561355,62,pp13_10-10-2012_c2.S00
13,2,32,70.23052009906648,46.04650112449485,148.2660005480051,67.67180929984897,70.23052009906648,68,pp13_10-10-2012_c2.S00
13,2,33,67.38804819111927,37.74091846689576,150.2081484357516,68.19083721094454,67.38804819111927,67,pp13_10-10-2012_c2.S00
13,2,34,61.286273597060706,63.48194164178331,161.0021513938904,61.04976879398649,61.286273597060706,61,pp13_10-10-2012_c2.S00
13,2,35,65.45359285358761,45.65882260879137,154.4607329358657,66.30049604941159,65.45359285358761,66,pp13_10-10-2012_c2.S00
13,2,36,70.09851460166311,57.6340209265471,158.91097452739874,69.9681392710656,70.09851460166311,68,pp13_10-10-2012_c2.S00
13,2,37,62.327611974095376,55.3481193318837,169.18431032200655,63.61951132255296,62.327611974095376,62,pp13_10-10-2012_c2.S00
13,2,38,70.70486211006535,186.5519396989598,156.9827272385359,71.44408497133603,70.70486211006535,66,pp13_10-10-2012_c2.S00
13,3,1,64.8921505249069,162.72260474297644,215.24046249625584,65.62007482703775,64.8921505249069,62,pp13_10-10-2012_c3.S00
13,3,2,81.11240260019802,357.6639917610781,241.4686272998651,77.26554942618435,81.11240260019802,59,pp13_10-10-2012_c3.S00
13,3,3,65.01027350911082,205.20555338960224,227.71761772433916,61.93706728971253,65.01027350911082,52,pp13_10-10-2012_c3.S00
13,3,4,60.07910107650803,58.65153844181959,246.7285307029883,60.95729847835998,60.07910107650803,62,pp13_10-10-2012_c3.S00
13,3,5,55.69206121674607,50.24554043998776,223.39466449220976,56.36407287906234,55.69206121674607,54,pp13_10-10-2012_c3.S00
13,3,6,71.38446325937828,173.57663148534735,222.5159344335397,67.2336559895426,71.38446325937828,60,pp13_10-10-2012_c3.S00
13,3,7,76.21283143092282,324.889486173755,217.05498492419719,81.65414665937423,76.21283143092282,66,pp13_10-10-2012_c3.S00
13,3,8,61.84070251116931,490.24071252381566,194.05558873613674,70.90168935805559,61.84070251116931,55,pp13_10-10-2012_c3.S00
13,3,9,64.5784045971862,47.48121961122576,197.903299604853,67.46779154986143,64.5784045971862,65,pp13_10-10-2012_c3.S00
13,3,10,70.9835966928622,169.7720795403428,214.08241964379945,65.50592661534125,70.9835966928622,61,pp13_10-10-2012_c3.S00
13,3,11,64.9902517940847,129.33644038004394,229.63786617020767,64.57431473912051,64.9902517940847,59,pp13_10-10-2012_c3.S00
13,3,12,61.64198758431646,47.73174281469323,224.98648820916813,61.223834126256406,61.64198758431646,62,pp13_10-10-2012_c3.S00
13,3,13,63.78620048727802,41.930571947202914,219.03829359511533,64.06478806349138,63.78620048727802,64,pp13_10-10-2012_c3.S00
13,3,14,64.25951803303985,41.15311119644606,216.12628382841746,64.00809795586392,64.25951803303985,64,pp13_10-10-2012_c3.S00
13,3,15,63.69155224152041,40.65739943116335,208.77962766786416,63.74966991984596,63.69155224152041,64,pp13_10-10-2012_c3.S00
13,3,16,77.87265768676376,116.39744258050615,191.44403221209845,73.79845479791985,77.87265768676376,64,pp13_10-10-2012_c3.S00
13,3,17,62.017451380633005,105.18628967343818,197.7385435263316,60.42842546959097,62.017451380633005,59,pp13_10-10-2012_c3.S00
13,3,18,57.67058639480614,49.44430818247602,220.93927214245002,58.54964885485048,57.67058639480614,58,pp13_10-10-2012_c3.S00
13,3,19,57.302639248849864,50.978930302772454,218.99449725349743,57.805099220729126,57.302639248849864,57,pp13_10-10-2012_c3.S00
13,3,20,58.8761119548709,54.936731868764305,223.50088498294355,58.55406732227032,58.8761119548709,58,pp13_10-10-2012_c3.S00
13,3,21,62.223347499773936,56.78669143555165,224.46129254003367,62.86605856105064,62.223347499773936,63,pp13_10-10-2012_c3.S00
13,3,22,62.0570579154994,71.1628929937702,205.99609944721064,62.362919797282665,62.0570579154994,59,pp13_10-10-2012_c3.S00
13,3,23,65.64266933767372,125.84422386485863,191.3839266637961,65.56947184304396,65.64266933767372,65,pp13_10-10-2012_c3.S00
13,3,24,63.957765984143656,43.12654635706449,182.15271876454352,62.05472179014857,63.957765984143656,63,pp13_10-10-2012_c3.S00
13,3,25,65.75197261693435,39.41428003190454,188.66877958973248,65.67435310066988,65.75197261693435,66,pp13_10-10-2012_c3.S00
13,3,26,67.13286713286713,31.277983469383596,185.30578732192515,66.00635845810174,67.13286713286713,66,pp13_10-10-2012_c3.S00
13,3,27,66.05729280559808,46.14335762232712,170.78390542169413,66.6889236233818,66.05729280559808,66,pp13_10-10-2012_c3.S00
13,3,28,68.15577829721485,30.421279171118655,173.3315899391969,67.49065725877881,68.15577829721485,68,pp13_10-10-2012_c3.S00
13,3,29,64.86405239283893,57.027036198564204,185.22281995018324,65.84483848682915,64.86405239283893,63,pp13_10-10-2012_c3.S00
13,3,30,65.32521729884905,73.09199046124195,177.3275053014358,66.68478186776241,65.32521729884905,65,pp13_10-10-2012_c3.S00
13,3,31,64.51409670814301,46.3112154531434,179.82321421702702,64.86490112946679,64.51409670814301,65,pp13_10-10-2012_c3.S00
13,3,32,67.3457914184184,48.762282707885745,181.2787869880597,66.39237226455784,67.3457914184184,67,pp13_10-10-2012_c3.S00
13,3,33,62.70614150726758,70.71834471483223,189.6825549175342,63.86959888882314,62.70614150726758,63,pp13_10-10-2012_c3.S00
13,3,34,62.40731335703403,47.79080016934018,191.73902966578802,63.5045914174368,62.40731335703403,62,pp13_10-10-2012_c3.S00
13,3,35,65.26863006577312,64.7568213439958,199.38943595290183,67.96178193471084,65.26863006577312,64,pp13_10-10-2012_c3.S00
13,3,36,62.15231426842936,99.33904129201618,186.64650060236454,63.92261965190992,62.15231426842936,61,pp13_10-10-2012_c3.S00
13,3,37,66.05043418625988,46.506043144184815,175.30967282851537,65.50753028079247,66.05043418625988,66,pp13_10-10-2012_c3.S00
13,3,38,64.4211202054245,87.27056987325338,199.6403570185105,72.94691010229289,64.4211202054245,67,pp13_10-10-2012_c3.S00
13,3,39,65.76124444021598,190.33448300325426,201.5407608628273,75.63840151556457,65.76124444021598,62,pp13_10-10-2012_c3.S00
13,3,40,75.62146387945923,145.3359072973612,200.75218351781368,73.31968638763452,75.62146387945923,70,pp13_10-10-2012_c3.S00
13,3,41,70.41339710680498,194.28795712626317,209.85192484954993,67.41259930940966,70.41339710680498,60,pp13_10-10-2012_c3.S00
13,3,42,62.7161619015503,57.341313984825916,201.0508869687716,66.39773015317817,62.7161619015503,65,pp13_10-10-2012_c3.S00
13,3,43,73.76857271499324,189.31678213805716,178.77083568076293,69.43037281120196,73.76857271499324,55,pp13_10-10-2012_c3.S00
13,3,44,90.72920050798902,159.68838487202697,188.32506569623948,74.5089078702343,90.72920050798902,67,pp13_10-10-2012_c3.S00
13,3,45,70.17131669114048,221.5715333163654,184.78232878247897,72.66957814733809,70.17131669114048,63,pp13_10-10-2012_c3.S00
14,1,1,83.36014575620725,36.21033221031854,135.90221496882538,81.773110336562,83.36014575620725,81,pp14_10-10-2012_c1.S00
14,1,2,69.94841794600086,25.141743333409032,152.45984247724215,70.26674181415389,69.94841794600086,70,pp14_10-10-2012_c1.S00
14,1,3,76.75915686754514,31.964175691803014,165.43882525165876,78.00528258128364,76.75915686754514,79,pp14_10-10-2012_c1.S00
14,1,4,72.52347959969207,34.208192879738164,181.2420287022988,72.85864508102337,72.52347959969207,73,pp14_10-10-2012_c1.S00
14,1,5,72.19023689229128,35.52550207799355,195.43831501801807,72.03986436594278,72.19023689229128,71,pp14_10-10-2012_c1.S00
14,1,6,76.60847880299252,29.26359872342717,202.9487717628479,76.2121066942811,76.60847880299252,77,pp14_10-10-2012_c1.S00
14,1,7,72.54015496248924,29.199055444777446,209.2508077740669,72.93702896417429,72.54015496248924,73,pp14_10-10-2012_c1.S00
14,1,8,70.1783140393977,27.7849456467313,215.9040451457103,70.89961396766206,70.1783140393977,71,pp14_10-10-2012_c1.S00
14,1,9,84.10393341501542,29.632678360739764,203.16086870729924,84.3567135647317,84.10393341501542,87,pp14_10-10-2012_c1.S00
14,1,10,84.97533539255913,24.25279295008511,125.26036392698686,85.07678059643756,84.97533539255913,85,pp14_10-10-2012_c1.S00
14,1,11,91.11296023200059,20.60008834731702,107.1598438863953,90.13119819754114,91.11296023200059,91,pp14_10-10-2012_c1.S00
14,1,12,82.59938891313837,21.939293590583457,98.9587842176358,82.69500353007267,82.59938891313837,82,pp14_10-10-2012_c1.S00
14,1,13,85.35180775059537,20.3477160399564,103.26720977375905,84.83527604695409,85.35180775059537,85,pp14_10-10-2012_c1.S00
14,1,14,81.11852127695589,24.9015977017734,132.17740369836488,81.42095388292024,81.11852127695589,80,pp14_10-10-2012_c1.S00
14,1,15,83.39045163041635,32.189268973296144,128.52029144614934,82.14226569961757,83.39045163041635,83,pp14_10-10-2012_c1.S00
14,1,16,87.2043852779953,25.177086688188762,102.64409860273203,97.25558977342249,87.2043852779953,89,pp14_10-10-2012_c1.S00
14,1,17,82.133772833402,24.789725903538862,105.75248846660058,82.23871221598237,82.133772833402,82,pp14_10-10-2012_c1.S00
14,1,18,81.494418039129,26.473776242695013,100.40449274629354,81.10859253462404,81.494418039129,81,pp14_10-10-2012_c1.S00
14,1,19,78.83639064992951,30.467132786274316,106.95984303802251,79.39357256212583,78.83639064992951,79,pp14_10-10-2012_c1.S00
14,1,20,82.90815738805603,25.59246181011546,120.46342316269875,82.7196588911737,82.90815738805603,83,pp14_10-10-2012_c1.S00
14,1,21,81.65426550436737,21.889817804978556,105.15114769190549,81.48962758208314,81.65426550436737,82,pp14_10-10-2012_c1.S00
14,1,22,87.04832869811618,20.092788269853273,104.36991707384587,86.52221488027523,87.04832869811618,87,pp14_10-10-2012_c1.S00
14,1,23,79.72102830265186,27.050386490833677,103.77189602504174,80.76304307064662,79.72102830265186,80,pp14_10-10-2012_c1.S00
14,1,24,80.90481086638887,22.50850634432485,105.49792788823446,79.91458143455287,80.90481086638887,80,pp14_10-10-2012_c1.S00
14,1,25,84.43473077687264,23.273983094601732,115.1888836239775,84.73326331625383,84.43473077687264,84,pp14_10-10-2012_c1.S00
14,1,26,86.1652333972867,23.265223375402208,103.73573124905427,84.74829595902314,86.1652333972867,85,pp14_10-10-2012_c1.S00
14,1,27,85.59347035106697,26.22281602426289,104.69593572467565,85.75379614904523,85.59347035106697,86,pp14_10-10-2012_c1.S00
14,1,28,81.70969235301544,28.273863945888948,104.49331725786129,81.17673281338065,81.70969235301544,81,pp14_10-10-2012_c1.S00
14,1,29,81.02467731566193,22.109648437556345,106.27054027070602,80.5732422327002,81.02467731566193,81,pp14_10-10-2012_c1.S00
14,1,30,87.83334117093816,18.740588051150628,112.79012437363465,86.8718825859949,87.83334117093816,87,pp14_10-10-2012_c1.S00
14,1,31,85.09186037564866,18.87169130643032,115.9315095235904,85.09544071362664,85.09186037564866,85,pp14_10-10-2012_c1.S00
14,1,32,80.64224389805368,23.847386647376364,115.90584620237351,80.6819468923534,80.64224389805368,80,pp14_10-10-2012_c1.S00
14,1,33,82.86588374617585,23.996783621846763,117.70485248416662,82.80929567540686,82.86588374617585,83,pp14_10-10-2012_c1.S00
14,1,34,86.70385054767826,20.622140464029417,100.15702435870965,85.99107688646764,86.70385054767826,86,pp14_10-10-2012_c1.S00
14,1,35,79.28557401883316,406.21438021306403,115.3721576889356,85.56084214219203,79.28557401883316,75,pp14_10-10-2012_c1.S00
14,1,36,84.3645928017483,28.99396982121116,108.22736368725697,87.29559833668172,84.3645928017483,83,pp14_10-10-2012_c1.S00
14,1,37,85.4500683994528,16.93064334308722,114.18946506430706,84.51565800563743,85.4500683994528,86,pp14_10-10-2012_c1.S00
14,1,38,83.97799231807329,21.770852577632468,114.19452032844225,84.46074068037173,83.97799231807329,83,pp14_10-10-2012_c1.S00
14,1,39,82.63141715339687,26.14378877477429,115.81594399611156,81.5308873196443,82.63141715339687,80,pp14_10-10-2012_c1.S00
14,1,40,87.42305099977533,34.25957924938734,111.78665137986341,88.1662275073429,87.42305099977533,87,pp14_10-10-2012_c1.S00
14,1,41,84.03034093056318,18.67457158875238,117.97739012042682,83.13917029847701,84.03034093056318,83,pp14_10-10-2012_c1.S00
14,1,42,83.44408160819678,28.984016305435283,112.69103287110725,81.54262526320915,83.44408160819678,79,pp14_10-10-2012_c1.S00
14,1,43,81.92709325482726,26.646375946530814,104.22547010034323,82.68174876260261,81.92709325482726,82,pp14_10-10-2012_c1.S00
14,1,44,84.41752331163445,27.038376057454695,106.8724644690752,84.81457928332189,84.41752331163445,85,pp14_10-10-2012_c1.S00
14,1,45,83.83254330394719,22.94662136232262,113.25073526750008,83.15552531716725,83.83254330394719,83,pp14_10-10-2012_c1.S00
14,1,46,82.15239506351301,24.173147815756213,107.62361635267735,83.98786274846643,82.15239506351301,84,pp14_10-10-2012_c1.S00
14,1,47,83.94765883651269,22.57842703327421,121.21607866237561,83.34894727865854,83.94765883651269,83,pp14_10-10-2012_c1.S00
14,1,48,81.34532160853671,21.624651009514395,112.26602944980066,81.52830770425498,81.34532160853671,79,pp14_10-10-2012_c1.S00
14,1,49,79.7256464917972,33.71637000810073,125.95603068619967,81.695857413734,79.7256464917972,80,pp14_10-10-2012_c1.S00
14,1,50,90.0554172355634,20.702907473143128,116.36460021535555,89.69160254479696,90.0554172355634,86,pp14_10-10-2012_c1.S00
14,1,51,87.1591174605294,22.174597505912296,120.00633839170138,86.44911195002496,87.1591174605294,87,pp14_10-10-2012_c1.S00
14,1,52,90.756717338868,21.076011625870088,111.39093385140102,89.25377402945111,90.756717338868,90,pp14_10-10-2012_c1.S00
14,1,53,87.7155683987822,20.861265794261772,103.58515105595191,87.56556023632487,87.7155683987822,87,pp14_10-10-2012_c1.S00
14,1,54,87.50542371197191,27.61465558532783,109.44736626396576,86.87812844011933,87.50542371197191,87,pp14_10-10-2012_c1.S00
14,1,55,85.98733755414862,21.386482357925,110.56696080466112,86.5714283262069,85.98733755414862,86,pp14_10-10-2012_c1.S00
14,2,1,87.88128017164313,29.433674803516443,127.97034014003972,87.07235206731906,87.88128017164313,85,pp14_10-10-2012_c2.S00
14,2,2,73.03943730468222,35.653534245663934,132.70125346630812,74.73253340361019,73.03943730468222,73,pp14_10-10-2012_c2.S00
14,2,3,78.13233116957066,31.021263612239242,138.0551407923301,78.37080302598575,78.13233116957066,79,pp14_10-10-2012_c2.S00
14,2,4,78.39572376929046,33.71766645843348,146.94412610729535,79.85678986975303,78.39572376929046,80,pp14_10-10-2012_c2.S00
14,2,5,74.44349636506365,33.281045730137926,154.86089857121308,73.5375215154762,74.44349636506365,74,pp14_10-10-2012_c2.S00
14,2,6,77.67835308796008,35.19718753676275,158.70813958644868,79.0007138745661,77.67835308796008,78,pp14_10-10-2012_c2.S00
14,2,7,72.7481858624131,35.431794092859185,160.41954184671243,73.71076625386874,72.7481858624131,74,pp14_10-10-2012_c2.S00
14,2,8,80.23421867430545,27.979934207208316,161.8860232581695,75.06083291132624,80.23421867430545,76,pp14_10-10-2012_c2.S00
14,2,9,81.03335998615152,28.648865030494274,141.40446729709706,81.82337944271664,81.03335998615152,81,pp14_10-10-2012_c2.S00
14,2,10,78.99971151864825,28.448651994665372,135.51495043933392,79.06963260956108,78.99971151864825,79,pp14_10-10-2012_c2.S00
14,2,11,79.70965464010641,25.088040289864708,161.52851174076397,79.5850544385612,79.70965464010641,80,pp14_10-10-2012_c2.S00
14,2,12,78.39201975177716,25.203618486324014,138.7014282017946,78.77543409429491,78.39201975177716,78,pp14_10-10-2012_c2.S00
14,2,13,81.8829077426465,32.95568437739351,140.756419167916,81.29127095080912,81.8829077426465,82,pp14_10-10-2012_c2.S00
14,2,14,76.38980824796427,29.481318121063435,138.54582090824843,77.36111419821779,76.38980824796427,77,pp14_10-10-2012_c2.S00
14,2,15,72.38525354670855,26.741377468812164,132.14817843337855,72.54349046039084,72.38525354670855,73,pp14_10-10-2012_c2.S00
14,2,16,78.1242052794873,27.14881488761007,130.5824086825053,77.72793785836548,78.1242052794873,78,pp14_10-10-2012_c2.S00
14,2,17,81.65394423171168,27.301610998296724,131.3993676091234,81.70531598757952,81.65394423171168,81,pp14_10-10-2012_c2.S00
14,2,18,77.07363817720902,28.19708479934345,130.91523273487886,77.4489752282699,77.07363817720902,77,pp14_10-10-2012_c2.S00
14,2,19,76.18685238661458,23.738412874790207,132.3911432425181,75.33321463589867,76.18685238661458,76,pp14_10-10-2012_c2.S00
14,2,20,76.03960396039604,29.52391964748054,121.02425793508688,75.80599960039059,76.03960396039604,76,pp14_10-10-2012_c2.S00
14,2,21,82.3953840677489,26.270597641866,136.08220629791418,81.77794402303795,82.3953840677489,82,pp14_10-10-2012_c2.S00
14,2,22,80.99573695834546,23.318944536275406,131.93707974453767,80.75541965607553,80.99573695834546,81,pp14_10-10-2012_c2.S00
14,2,23,83.38361106339117,24.821445866083984,131.98827725847562,83.2077454454576,83.38361106339117,83,pp14_10-10-2012_c2.S00
14,2,24,80.21550513146805,28.52416264102563,136.89837799519302,80.21375726995369,80.21550513146805,80,pp14_10-10-2012_c2.S00
14,2,25,85.63886783576824,24.820526155078785,134.5602632428209,84.22097794388732,85.63886783576824,85,pp14_10-10-2012_c2.S00
14,2,26,80.47630388187663,25.181453134922073,132.84482323825358,80.14298758450896,80.47630388187663,80,pp14_10-10-2012_c2.S00
14,2,27,80.17641666047226,20.798188912812453,133.2474140604337,80.7715369777754,80.17641666047226,80,pp14_10-10-2012_c2.S00
14,2,28,78.92620102439105,32.15875438909571,126.1344139561057,79.7650099741295,78.92620102439105,79,pp14_10-10-2012_c2.S00
14,2,29,78.99817999076413,22.297710351497845,139.6500818481048,77.30251119888077,78.99817999076413,78,pp14_10-10-2012_c2.S00
14,2,30,81.45355655647148,21.479402257115737,144.7506639778614,80.40043127561609,81.45355655647148,81,pp14_10-10-2012_c2.S00
14,2,31,80.67212576629967,33.925187302324005,136.57224989682436,88.6454854177932,80.67212576629967,83,pp14_10-10-2012_c2.S00
14,2,32,79.56968823118034,29.957728976788466,133.40823657313982,79.6827856361245,79.56968823118034,79,pp14_10-10-2012_c2.S00
14,2,33,78.02050458458608,24.67546046561903,142.46245966951054,76.87021742959817,78.02050458458608,77,pp14_10-10-2012_c2.S00
14,2,34,80.59373813386723,25.207548102977654,135.0707189137737,80.89211486491064,80.59373813386723,81,pp14_10-10-2012_c2.S00
14,2,35,76.34601388173894,20.099715286957043,137.44425103465716,76.63600782311211,76.34601388173894,76,pp14_10-10-2012_c2.S00
14,2,36,77.511164938309,22.764138541792807,136.1796436647574,77.0664251073574,77.511164938309,78,pp14_10-10-2012_c2.S00
14,2,37,78.28690758503522,22.972399304837918,137.0004809235533,78.7420402230695,78.28690758503522,78,pp14_10-10-2012_c2.S00
14,2,38,81.92615407730158,21.875249121668183,129.7053807362914,80.34684426852813,81.92615407730158,81,pp14_10-10-2012_c2.S00
14,2,39,78.20218032746237,25.50748427465742,136.02075486282507,79.00620835522811,78.20218032746237,78,pp14_10-10-2012_c2.S00
14,2,40,78.3093060507415,24.281935922123196,147.24239370326202,77.59127043572565,78.3093060507415,78,pp14_10-10-2012_c2.S00
14,2,41,77.55421473833026,27.743448632601506,146.76123698105414,77.89574778421472,77.55421473833026,78,pp14_10-10-2012_c2.S00
14,2,42,77.16496945010184,25.733045688588028,164.27016996045907,80.5602294281125,77.16496945010184,79,pp14_10-10-2012_c2.S00
14,2,43,76.8,27.82738573551128,152.46405064264934,76.31742330162476,76.8,77,pp14_10-10-2012_c2.S00
14,2,44,82.231888514094,22.76876600074872,162.72362473607063,83.7238969731455,82.231888514094,85,pp14_10-10-2012_c2.S00
14,2,45,80.82490182043296,21.688211213695133,158.42386201868456,81.4262471102799,80.82490182043296,80,pp14_10-10-2012_c2.S00
14,2,46,76.02962407424768,23.448687108749255,163.61938460270565,77.01828357223421,76.02962407424768,76,pp14_10-10-2012_c2.S00
14,2,47,80.82899313377426,27.986037194023194,157.1396440918247,80.03508686547478,80.82899313377426,80,pp14_10-10-2012_c2.S00
14,2,48,77.89403250515046,29.56199500487459,149.5431002110243,77.27619394014279,77.89403250515046,77,pp14_10-10-2012_c2.S00
14,2,49,78.17191714591073,29.01253397929927,146.54028173188368,77.22547419940432,78.17191714591073,78,pp14_10-10-2012_c2.S00
14,2,50,77.59369608139598,28.428046602989813,145.7480226273338,77.72992217404148,77.59369608139598,78,pp14_10-10-2012_c2.S00
14,2,51,83.95930060258816,23.796006817394932,138.53133117655912,82.65990344254921,83.95930060258816,84,pp14_10-10-2012_c2.S00
14,2,52,77.18848150229775,26.950766050153455,138.28724118421476,78.73617659894128,77.18848150229775,77,pp14_10-10-2012_c2.S00
14,2,53,80.00131858713388,26.15651944107021,158.97354077100755,80.02251560712854,80.00131858713388,80,pp14_10-10-2012_c2.S00
14,2,54,77.68971865295572,26.3941654757686,160.03474880506596,77.17316568481425,77.68971865295572,77,pp14_10-10-2012_c2.S00
14,3,1,86.00374446641354,33.67218661862215,150.69155197304983,88.51097013878078,86.00374446641354,87,pp14_10-10-2012_c3.S00
14,3,2,77.73306296469609,51.48058848911409,164.17501442035038,80.38774747705708,77.73306296469609,79,pp14_10-10-2012_c3.S00
14,3,3,78.22035121073493,34.93740943720264,174.25912674665452,89.59562334287912,78.22035121073493,81,pp14_10-10-2012_c3.S00
14,3,4,70.81689704705954,43.347624598462886,172.03774835268658,70.928577018405,70.81689704705954,71,pp14_10-10-2012_c3.S00
14,3,5,78.09793442149356,198.5015617860563,179.09326043228307,80.3165359445537,78.09793442149356,75,pp14_10-10-2012_c3.S00
14,3,6,71.20640324508348,41.019684582734044,185.47195199131966,72.88640306430558,71.20640324508348,72,pp14_10-10-2012_c3.S00
14,3,7,67.36478835265571,40.32264089067122,193.50705566306908,68.89345780809721,67.36478835265571,69,pp14_10-10-2012_c3.S00
14,3,8,75.6643863925839,72.32755006796201,206.1686067779859,74.98455575474848,75.6643863925839,75,pp14_10-10-2012_c3.S00
14,3,9,95.82122905027933,282.9338938509585,185.46976243058842,95.20683071150265,95.82122905027933,82,pp14_10-10-2012_c3.S00
14,3,10,117.73056735816047,67.90636770831415,174.78862234950066,104.33773800687244,117.73056735816047,90,pp14_10-10-2012_c3.S00
14,3,11,77.59290247213714,294.5571787158439,190.26650971770286,84.0135073494787,77.59290247213714,69,pp14_10-10-2012_c3.S00
14,3,12,75.13657599816561,57.82158909868726,183.63586082557836,75.02633515161773,75.13657599816561,71,pp14_10-10-2012_c3.S00
14,3,13,74.67931815285688,38.0400372646323,197.67455293436845,75.3258753972128,74.67931815285688,75,pp14_10-10-2012_c3.S00
14,3,14,75.52639977305769,25.26243135103354,215.03144824802877,76.35175302571928,75.52639977305769,72,pp14_10-10-2012_c3.S00
14,3,15,81.72386272944932,284.5510380208671,188.6469207495451,78.20820373936246,81.72386272944932,71,pp14_10-10-2012_c3.S00
14,3,16,77.31248808388942,95.65025797694139,215.54471523463727,80.41045981316516,77.31248808388942,78,pp14_10-10-2012_c3.S00
14,3,17,87.79942583732058,156.99944831914672,198.6288073639075,86.83581893748293,87.79942583732058,70,pp14_10-10-2012_c3.S00
14,3,18,78.51913975918049,32.023470203710886,214.94588964879512,74.54570207086702,78.51913975918049,73,pp14_10-10-2012_c3.S00
14,3,19,75.03532983233596,30.05079208235647,199.45956531663737,74.83969561302413,75.03532983233596,75,pp14_10-10-2012_c3.S00
14,3,20,79.64176290360594,33.561819662256724,203.49288227160773,78.60865826948235,79.64176290360594,76,pp14_10-10-2012_c3.S00
14,3,21,78.35690492052917,30.909912962020154,199.34608460962772,81.906239558508,78.35690492052917,80,pp14_10-10-2012_c3.S00
14,3,22,73.8535510367625,34.56828085739338,191.40752442081768,76.90339142878851,73.8535510367625,73,pp14_10-10-2012_c3.S00
14,3,23,85.0893982706273,107.41835839506643,195.14508062899114,90.55818238630891,85.0893982706273,85,pp14_10-10-2012_c3.S00
14,3,24,81.10305567873607,164.3233068011167,189.38489322662355,78.0818478445212,81.10305567873607,75,pp14_10-10-2012_c3.S00
14,3,25,75.4366398935898,28.13104539400577,192.87769444982212,82.02370303304245,75.4366398935898,77,pp14_10-10-2012_c3.S00
14,3,26,74.78935854914967,23.504870954307975,201.8182259430488,76.51205197175344,74.78935854914967,76,pp14_10-10-2012_c3.S00
14,3,27,89.77872616783411,214.62772729334012,203.3532679994901,84.98579001265267,89.77872616783411,74,pp14_10-10-2012_c3.S00
14,3,28,110.12642297351411,40.21730523823047,214.81667296489078,93.51996007437508,110.12642297351411,76,pp14_10-10-2012_c3.S00
14,3,29,111.63347465175104,94.07837895294314,211.4691675444444,93.91702230957647,111.63347465175104,74,pp14_10-10-2012_c3.S00
14,3,30,109.14830378190017,34.13246803951679,191.30026707053185,93.56437229843189,109.14830378190017,76,pp14_10-10-2012_c3.S00
14,3,31,106.06421105961384,89.87632566325297,201.0829533735911,90.10277265689025,106.06421105961384,69,pp14_10-10-2012_c3.S00
14,3,32,77.54342934025503,113.84897616173386,205.99750184615453,73.86783791600416,77.54342934025503,68,pp14_10-10-2012_c3.S00
14,3,33,77.55915957037101,37.685675630484916,195.43311598598956,79.12080844050894,77.55915957037101,79,pp14_10-10-2012_c3.S00
14,3,34,73.78112240813385,27.664483348076747,185.59305224816003,75.45589458576093,73.78112240813385,73,pp14_10-10-2012_c3.S00
15,1,1,63.419520779748204,51.39497457445811,322.6051076096793,64.25021081957966,63.419520779748204,64,pp15_15-10-2012_c1.S00
15,1,2,64.75124468510376,38.218375642904306,339.32500763336816,63.748040521952014,64.75124468510376,64,pp15_15-10-2012_c1.S00
15,1,3,66.05054457015967,45.015011861911795,342.2867162068685,66.19876580319057,66.05054457015967,66,pp15_15-10-2012_c1.S00
15,1,4,64.16018830081718,45.213222693868836,332.70484475096066,64.35462756427005,64.16018830081718,64,pp15_15-10-2012_c1.S00
15,1,5,63.15646424433545,42.23761766611991,358.9035462200642,62.53167092055082,63.15646424433545,63,pp15_15-10-2012_c1.S00
15,1,6,67.62795817281233,34.40858433746303,351.5629485090574,65.6005516968978,67.62795817281233,66,pp15_15-10-2012_c1.S00
15,1,7,61.732940273183125,43.75983326832553,355.01394149661064,62.57476838979249,61.732940273183125,62,pp15_15-10-2012_c1.S00
15,1,8,65.92510461747558,41.070318202016566,347.7975614905357,65.09092748841891,65.92510461747558,65,pp15_15-10-2012_c1.S00
15,1,9,62.97213452299245,35.63930145320159,319.1391160786152,63.37495349977787,62.97213452299245,63,pp15_15-10-2012_c1.S00
15,1,10,62.34339102465922,45.244417724105375,275.8618442753951,62.87334912934651,62.34339102465922,64,pp15_15-10-2012_c1.S00
15,1,11,66.87567514080035,41.63727334884072,237.0138330022494,67.08607696934293,66.87567514080035,67,pp15_15-10-2012_c1.S00
15,1,12,68.8647699463862,32.63934664323677,239.2224292188883,67.7221171861204,68.8647699463862,67,pp15_15-10-2012_c1.S00
15,1,13,65.61747503149745,28.15856007778073,258.3021003693342,65.49325521731129,65.61747503149745,66,pp15_15-10-2012_c1.S00
15,1,14,66.03079072516725,32.45509640211693,253.77644518613815,65.99835484204814,66.03079072516725,66,pp15_15-10-2012_c1.S00
15,1,15,64.53889120466862,29.167430768060925,257.0207125176986,64.18035183002551,64.53889120466862,64,pp15_15-10-2012_c1.S00
15,1,16,67.37092517563097,30.462537919793395,251.16704957683882,69.00603369921446,67.37092517563097,69,pp15_15-10-2012_c1.S00
15,1,17,69.4085936261297,29.292878377877962,240.32342026432354,69.9610587706479,69.4085936261297,70,pp15_15-10-2012_c1.S00
15,1,18,72.32789494627934,34.05534821670955,234.69729058047136,72.51304453903188,72.32789494627934,72,pp15_15-10-2012_c1.S00
15,1,19,66.70147594799286,33.773770091299944,242.39390754600365,66.53521886399636,66.70147594799286,67,pp15_15-10-2012_c1.S00
15,1,20,63.3512757777001,64.5066122068036,243.99586549599965,63.51210882825156,63.3512757777001,63,pp15_15-10-2012_c1.S00
15,1,21,63.66779399157804,37.30605801410996,245.91414732833704,63.368393032997844,63.66779399157804,63,pp15_15-10-2012_c1.S00
15,1,22,65.35714285714286,39.37381036162217,241.00956260363262,64.43196595568831,65.35714285714286,65,pp15_15-10-2012_c1.S00
15,1,23,63.69149432436635,43.53850556175149,238.38978559672833,63.537730899328984,63.69149432436635,64,pp15_15-10-2012_c1.S00
15,1,24,66.31347870627836,35.46764684401885,237.98237619400024,76.40287564980487,66.31347870627836,67,pp15_15-10-2012_c1.S00
15,1,25,66.44482896313058,42.522541127103985,230.76967388590177,66.62590783021102,66.44482896313058,66,pp15_15-10-2012_c1.S00
15,1,26,64.84541350108475,34.73218891022842,241.46637703378994,64.6690239226135,64.84541350108475,65,pp15_15-10-2012_c1.S00
15,1,27,66.69473684210526,31.472747397317438,244.48150835633277,66.78266115418324,66.69473684210526,67,pp15_15-10-2012_c1.S00
15,1,28,61.46179099862679,50.76316228793911,237.4149430423975,61.9539703995946,61.46179099862679,62,pp15_15-10-2012_c1.S00
15,1,29,65.40568226326414,46.6520435701799,239.90720946391423,65.51118695996702,65.40568226326414,64,pp15_15-10-2012_c1.S00
15,1,30,62.33450007609192,42.22744130370419,248.58062737782797,62.48964615253111,62.33450007609192,62,pp15_15-10-2012_c1.S00
15,1,31,70.01452019041668,39.302749992798596,231.5193902482589,69.22899448374908,70.01452019041668,70,pp15_15-10-2012_c1.S00
15,1,32,59.95446167190718,53.79358022151209,223.72365258236727,60.83004521659265,59.95446167190718,60,pp15_15-10-2012_c1.S00
15,1,33,60.33962466296448,33.92614554069298,253.7245355298122,59.59099342466022,60.33962466296448,60,pp15_15-10-2012_c1.S00
15,1,34,63.74983228530282,39.286350193817675,277.01495627164843,63.3260700270844,63.74983228530282,63,pp15_15-10-2012_c1.S00
15,1,35,64.60345095064899,40.417281994936715,290.9647708952427,64.32969358215729,64.60345095064899,65,pp15_15-10-2012_c1.S00
15,1,36,63.19241940859959,36.66234410250859,258.950880976518,63.81542542638878,63.19241940859959,63,pp15_15-10-2012_c1.S00
15,1,37,63.19362303934173,50.91861215607418,254.83543264865875,62.22424557938551,63.19362303934173,63,pp15_15-10-2012_c1.S00
15,1,38,62.42810384029183,34.87059786232348,272.512618792057,63.00491267511,62.42810384029183,62,pp15_15-10-2012_c1.S00
15,1,39,63.11410154343974,38.92124303894898,262.3918816636006,62.7794390797615,63.11410154343974,63,pp15_15-10-2012_c1.S00
15,1,40,63.616677526755986,31.690801403556534,230.36927443047364,74.549942245055,63.616677526755986,65,pp15_15-10-2012_c1.S00
15,1,41,62.185692223123844,42.407937582296796,232.78303811053436,62.23342350261907,62.185692223123844,62,pp15_15-10-2012_c1.S00
15,1,42,62.67653364686355,36.922642727300705,227.58159688810508,62.98169838724037,62.67653364686355,63,pp15_15-10-2012_c1.S00
15,1,43,60.66247045085586,45.329424912904706,239.95387760003408,61.63624245002866,60.66247045085586,60,pp15_15-10-2012_c1.S00
15,1,44,59.630348552620475,53.059446492857084,231.68855356971423,62.42357347710058,59.630348552620475,62,pp15_15-10-2012_c1.S00
15,1,45,65.30801565444267,57.0789201798656,221.8663279414177,65.29697928108895,65.30801565444267,63,pp15_15-10-2012_c1.S00
15,1,46,60.637634162245995,47.6059308296517,215.29040273924667,69.792884214626,60.637634162245995,62,pp15_15-10-2012_c1.S00
15,1,47,62.38507922652819,36.442026396978676,207.58505837519962,62.14311134771754,62.38507922652819,62,pp15_15-10-2012_c1.S00
15,1,48,64.59518097622984,46.29163012124965,195.54028192559878,64.30529062443723,64.59518097622984,64,pp15_15-10-2012_c1.S00
15,1,49,57.311556966582664,65.2221772706501,197.4120670268933,58.57471242931982,57.311556966582664,58,pp15_15-10-2012_c1.S00
15,1,50,61.3414155821002,59.03211816797093,221.54419399599234,60.33315725938107,61.3414155821002,60,pp15_15-10-2012_c1.S00
15,1,51,58.524607514552834,69.76517998576152,249.51230785350006,58.32481941220661,58.524607514552834,58,pp15_15-10-2012_c1.S00
15,1,52,64.36933223413025,46.29192102032177,226.5364956955115,63.186914761022976,64.36933223413025,64,pp15_15-10-2012_c1.S00
15,1,53,62.76842687032106,49.13898443041802,221.1907692660888,63.58551157144829,62.76842687032106,64,pp15_15-10-2012_c1.S00
15,1,54,58.30871946854032,72.88863817625332,232.7491421421369,58.64317821403965,58.30871946854032,58,pp15_15-10-2012_c1.S00
15,1,55,71.2754458490236,93.8354840781197,194.8845830152432,81.27705777868007,71.2754458490236,71,pp15_15-10-2012_c1.S00
15,2,1,64.34432625569839,209.43037980287147,227.66808918279906,64.59752245057994,64.34432625569839,58,pp15_15-10-2012_c2.S00
15,2,2,61.09486759010502,65.94634883238757,237.67629948755106,60.400573761947456,61.09486759010502,60,pp15_15-10-2012_c2.S00
15,2,3,57.024189338128664,80.78496203706968,250.10268546938897,57.99048288868119,57.024189338128664,57,pp15_15-10-2012_c2.S00
15,2,4,59.88560093708052,59.958805917915946,254.25366799533367,58.96191622794916,59.88560093708052,60,pp15_15-10-2012_c2.S00
15,2,5,55.855754453559605,51.71330201841098,256.5941784977913,55.60242080955456,55.855754453559605,55,pp15_15-10-2012_c2.S00
15,2,6,61.163067223405136,76.02982917382654,264.09488625029724,60.07639377228916,61.163067223405136,60,pp15_15-10-2012_c2.S00
15,2,7,53.489146903958684,76.35503643268994,278.3721839229266,53.57032125281791,53.489146903958684,53,pp15_15-10-2012_c2.S00
15,2,8,54.23990805440115,71.85701891675258,311.33135219017663,54.159879089022674,54.23990805440115,54,pp15_15-10-2012_c2.S00
15,2,9,56.3634237815572,74.5259562597697,303.5493261953195,55.719405504254006,56.3634237815572,56,pp15_15-10-2012_c2.S00
15,2,10,69.33499153625591,142.1546220320721,274.4918949137131,65.77491688076407,69.33499153625591,59,pp15_15-10-2012_c2.S00
15,2,11,70.60481151165405,128.3651071492527,295.8321880439917,62.400511440231156,70.60481151165405,57,pp15_15-10-2012_c2.S00
15,2,12,79.52711740087155,106.92751985387322,294.0240383287271,65.21651054897035,79.52711740087155,49,pp15_15-10-2012_c2.S00
15,2,13,68.9324918722509,149.08638255898143,295.74116973876954,63.9042322190168,68.9324918722509,55,pp15_15-10-2012_c2.S00
15,2,14,75.43383327520056,80.19491713496659,301.0241150677204,69.29555009078855,75.43383327520056,59,pp15_15-10-2012_c2.S00
15,2,15,65.88190439879902,190.1393571193147,306.8187350829442,63.0298930366834,65.88190439879902,53,pp15_15-10-2012_c2.S00
15,2,16,59.91721047007438,101.8020713177691,310.08374362587926,60.59378426391631,59.91721047007438,59,pp15_15-10-2012_c2.S00
15,2,17,57.343150471844865,85.75000233007304,290.00087534189225,57.90722472121318,57.343150471844865,58,pp15_15-10-2012_c2.S00
15,2,18,60.809406455061016,523.768162229665,296.284476039807,67.97323714165638,60.809406455061016,55,pp15_15-10-2012_c2.S00
15,2,19,88.53193788749218,282.2070292041276,283.6327593753735,72.15375111124789,88.53193788749218,55,pp15_15-10-2012_c2.S00
15,2,20,100.84530160032827,231.6603188746611,282.2432583590349,78.73458477438739,100.84530160032827,50,pp15_15-10-2012_c2.S00
15,2,21,68.80546075085324,435.7400578602156,268.05304874281086,70.75942218722776,68.80546075085324,51,pp15_15-10-2012_c2.S00
15,2,22,69.6153614348911,303.6796119562755,310.8646277040243,67.22007832924525,69.6153614348911,56,pp15_15-10-2012_c2.S00
15,2,23,90.25254712894781,187.68786338223944,347.9357156018416,82.69409189789245,90.25254712894781,55,pp15_15-10-2012_c2.S00
15,2,24,81.01978021978022,192.2132808580068,363.7908582806587,81.7133471673044,81.01978021978022,55,pp15_15-10-2012_c2.S00
15,2,25,84.71959761199642,166.29386577949015,351.00168520212173,72.07555931052192,84.71959761199642,61,pp15_15-10-2012_c2.S00
15,2,26,80.6900223618358,499.15430286106005,316.59379585584,108.32717934325338,80.6900223618358,54,pp15_15-10-2012_c2.S00
15,2,27,75.88235294117648,553.7409493548245,294.9013051062822,90.37192923128605,75.88235294117648,54,pp15_15-10-2012_c2.S00
15,3,1,59.43806449998749,126.88080121387476,270.927777911226,72.93291615846877,59.43806449998749,60,pp15_15-10-2012_c3.S00
15,3,2,57.28768447017538,100.4767787501169,267.90984356900054,57.57309229852011,57.28768447017538,58,pp15_15-10-2012_c3.S00
15,3,3,52.717834312926335,91.15494069974655,279.508069490393,54.94274470163509,52.717834312926335,54,pp15_15-10-2012_c3.S00
15,3,4,52.920846268415666,81.8769090983478,318.9170229434967,51.73540337011218,52.920846268415666,52,pp15_15-10-2012_c3.S00
15,3,5,55.23426758328927,122.51296694888127,330.91154372493423,55.359498115846264,55.23426758328927,54,pp15_15-10-2012_c3.S00
15,3,6,54.35099917730421,89.5880349254222,326.6933892329534,52.93421286931262,54.35099917730421,54,pp15_15-10-2012_c3.S00
15,3,7,56.22537233088104,108.88212048867057,333.7806397338708,56.89304617307058,56.22537233088104,57,pp15_15-10-2012_c3.S00
15,3,8,55.185298291627,109.2868594368741,338.63502697348594,55.80784613443539,55.185298291627,55,pp15_15-10-2012_c3.S00
15,3,9,54.16927899686521,85.0533334815107,338.936630855004,54.026734298778074,54.16927899686521,55,pp15_15-10-2012_c3.S00
15,3,10,48.2000490316254,68.31925440950954,370.26272727648416,50.49750942212219,48.2000490316254,50,pp15_15-10-2012_c3.S00
15,3,11,49.27967916875541,71.23790605641699,381.68146721522015,50.283188189876576,49.27967916875541,50,pp15_15-10-2012_c3.S00
15,3,12,52.5306880938048,65.71465680213073,391.72100846966106,52.49858729482318,52.5306880938048,52,pp15_15-10-2012_c3.S00
15,3,13,51.014452641866825,60.23743151429733,396.4338033099969,51.400053363541765,51.014452641866825,52,pp15_15-10-2012_c3.S00
15,3,14,54.063595760282645,155.5404765998746,409.099262269338,50.64596600572889,54.063595760282645,44,pp15_15-10-2012_c3.S00
15,3,15,58.28412771864877,172.01639774802797,415.0989493529002,52.965632735442504,58.28412771864877,51,pp15_15-10-2012_c3.S00
15,3,16,55.8302959320699,116.68076048185627,373.6150430222352,57.01624068459496,55.8302959320699,53,pp15_15-10-2012_c3.S00
15,3,17,54.1574198900757,131.70238823140957,387.03252199292183,56.227746800426395,54.1574198900757,55,pp15_15-10-2012_c3.S00
15,3,18,56.79423183582917,113.59419690590771,364.11187135179836,54.89215196628744,56.79423183582917,54,pp15_15-10-2012_c3.S00
15,3,19,50.68988709634027,179.1248893823228,346.4457494894663,52.0368221582224,50.68988709634027,50,pp15_15-10-2012_c3.S00
15,3,20,51.440681661593736,124.54671037829792,361.4496956944466,53.335557079936066,51.440681661593736,52,pp15_15-10-2012_c3.S00
15,3,21,56.67390722170977,114.47826539027021,307.16212031443916,65.18894912429775,56.67390722170977,48,pp15_15-10-2012_c3.S00
15,3,22,53.74642342949828,116.07945146676597,340.83420137564343,52.82509761465092,53.74642342949828,53,pp15_15-10-2012_c3.S00
15,3,23,56.217508216313114,83.24697112300287,358.57574069897333,56.85288321189582,56.217508216313114,57,pp15_15-10-2012_c3.S00
15,3,24,57.43041910684649,66.3335065152513,342.50826317071915,56.108759005585064,57.43041910684649,56,pp15_15-10-2012_c3.S00
15,3,25,55.704240974546444,73.99354195122896,349.7714480102062,57.24818502664566,55.704240974546444,56,pp15_15-10-2012_c3.S00
15,3,26,55.08667065152421,120.0541707793144,340.60226235985755,55.852866246023524,55.08667065152421,55,pp15_15-10-2012_c3.S00
15,3,27,57.16652223489168,80.1701012851779,335.0279537836711,58.11233162144199,57.16652223489168,58,pp15_15-10-2012_c3.S00
15,3,28,62.643477578871,147.1603931023909,313.7633988201618,61.93042312363784,62.643477578871,57,pp15_15-10-2012_c3.S00
15,3,29,77.29336188436831,126.44396076872772,320.3935398697853,66.0862994475911,77.29336188436831,61,pp15_15-10-2012_c3.S00
15,3,30,65.86133408200509,104.56954148461682,310.99743049144746,59.997352140645184,65.86133408200509,53,pp15_15-10-2012_c3.S00
15,3,31,70.66959307989343,129.8213229988205,322.1256875058015,66.22754997493078,70.66959307989343,61,pp15_15-10-2012_c3.S00
15,3,32,60.82189746699169,89.30818114381442,311.95770188768705,58.1185328462782,60.82189746699169,55,pp15_15-10-2012_c3.S00
15,3,33,60.00956785201722,114.53621791527395,295.55118253926435,58.80076836595933,60.00956785201722,56,pp15_15-10-2012_c3.S00
15,3,34,53.61537253259333,89.17005404573563,311.2020538965861,53.4265934468247,53.61537253259333,53,pp15_15-10-2012_c3.S00
15,3,35,54.04778979375233,64.86936826604766,332.40209260582924,53.67974331844598,54.04778979375233,54,pp15_15-10-2012_c3.S00
15,3,36,57.0391688539671,60.70574445985534,304.46246600548426,56.64280128960187,57.0391688539671,57,pp15_15-10-2012_c3.S00
15,3,37,58.22238910046666,74.11306787595944,313.8676665345828,58.243589839308214,58.22238910046666,58,pp15_15-10-2012_c3.S00
15,3,38,56.57837457723604,81.7658775863452,299.4096465279659,68.03578115773077,56.57837457723604,57,pp15_15-10-2012_c3.S00
15,3,39,56.24332866987927,72.30409482522712,312.3488678097725,58.361026486140254,56.24332866987927,58,pp15_15-10-2012_c3.S00
15,3,40,54.03328372344743,102.426321986599,323.9500795741876,55.11677988081549,54.03328372344743,55,pp15_15-10-2012_c3.S00
15,3,41,55.60845657297038,66.37351493605391,323.9601959606012,56.04742323026682,55.60845657297038,56,pp15_15-10-2012_c3.S00
15,3,42,56.14477692169862,76.26887478710765,305.95124958952266,55.9435293561779,56.14477692169862,56,pp15_15-10-2012_c3.S00
15,3,43,55.3975425167621,90.66861088449527,304.8009655257066,55.7776390779453,55.3975425167621,55,pp15_15-10-2012_c3.S00
15,3,44,52.81508886959893,69.16524157913565,314.2045779208342,52.8530967501613,52.81508886959893,53,pp15_15-10-2012_c3.S00
15,3,45,50.61798294433684,82.47718676549009,326.37644542853036,51.92272123297055,50.61798294433684,52,pp15_15-10-2012_c3.S00
15,3,46,58.86017121891562,68.92534143633087,308.7371382912,56.31548578959579,58.86017121891562,56,pp15_15-10-2012_c3.S00
16,1,1,96.85513056301858,27.760382171832642,53.25268931286409,97.07498827539385,96.85513056301858,97,pp16_15-10-2012_c1.S00
16,1,2,89.77442127729437,34.26676964750537,56.52292200252414,90.46452822200953,89.77442127729437,90,pp16_15-10-2012_c1.S00
16,1,3,87.37519223455097,36.74473612845775,65.88786350910863,87.75325090742359,87.37519223455097,87,pp16_15-10-2012_c1.S00
16,1,4,88.08082170987166,36.13642572627516,85.1457075441877,87.58234091525277,88.08082170987166,88,pp16_15-10-2012_c1.S00
16,1,5,85.1472899660295,42.36890516165859,89.87644855926435,85.09464173012724,85.1472899660295,85,pp16_15-10-2012_c1.S00
16,1,6,88.52872246237175,36.015217989018446,68.70134900212288,87.81806761461,88.52872246237175,87,pp16_15-10-2012_c1.S00
16,1,7,88.51052153183899,38.891410727631346,85.6705408518513,87.94991362839937,88.51052153183899,88,pp16_15-10-2012_c1.S00
16,1,8,86.64562487408502,41.03921987444998,87.90778275008003,86.65357833883415,86.64562487408502,87,pp16_15-10-2012_c1.S00
16,1,9,90.54101350231178,32.63952686871105,68.42969806045294,88.06367482524365,90.54101350231178,88,pp16_15-10-2012_c1.S00
16,1,10,83.52152524660363,54.765201161170964,60.67059763794144,84.79659871178,83.52152524660363,86,pp16_15-10-2012_c1.S00
16,1,11,89.39460826864413,40.79030854966631,68.95341037983695,89.43877261945357,89.39460826864413,89,pp16_15-10-2012_c1.S00
16,1,12,98.17712494622334,33.65966481081764,65.59519698719184,102.6291702290376,98.17712494622334,98,pp16_15-10-2012_c1.S00
16,1,13,94.70889298797121,32.656530949005045,59.101351566116016,93.89084715507924,94.70889298797121,94,pp16_15-10-2012_c1.S00
16,1,14,89.40184006704548,71.961628603538,60.295723755657676,88.49615449731549,89.40184006704548,87,pp16_15-10-2012_c1.S00
16,1,15,86.1002932500584,80.34035151507527,63.3745940623184,84.50247255184998,86.1002932500584,85,pp16_15-10-2012_c1.S00
16,1,16,91.53640821900801,37.246574898501024,63.948812048882246,91.0921010384957,91.53640821900801,89,pp16_15-10-2012_c1.S00
16,1,17,92.09093180114914,42.904059524355425,68.26024320820967,90.64094721556951,92.09093180114914,90,pp16_15-10-2012_c1.S00
16,1,18,92.90181539946985,39.60947553596468,67.76412428071102,91.49180773999542,92.90181539946985,92,pp16_15-10-2012_c1.S00
16,1,19,90.46433861682974,45.53828856675352,70.56510516057412,90.20135254108658,90.46433861682974,89,pp16_15-10-2012_c1.S00
16,1,20,85.68112958520449,61.91840215142971,74.58001328930258,85.92078299547235,85.68112958520449,86,pp16_15-10-2012_c1.S00
16,1,21,90.92760619461231,39.383600302127405,80.7072655270497,89.42739317553739,90.92760619461231,90,pp16_15-10-2012_c1.S00
16,1,22,87.841908380501,77.70367500176492,77.08863914559285,89.35004265867174,87.841908380501,85,pp16_15-10-2012_c1.S00
16,1,23,81.7626069815605,58.190846154631245,77.01433976193269,81.71578038030614,81.7626069815605,82,pp16_15-10-2012_c1.S00
16,1,24,87.05723007678603,76.44979854243026,80.24657299717268,91.38124688422928,87.05723007678603,86,pp16_15-10-2012_c1.S00
16,1,25,90.68790333653715,54.07331486264424,82.15610293497642,90.17166824489831,90.68790333653715,90,pp16_15-10-2012_c1.S00
16,1,26,87.43071754735163,55.76712008191414,79.25958274900913,86.32128793336452,87.43071754735163,86,pp16_15-10-2012_c1.S00
16,1,27,87.01180173092054,51.052046388639845,77.66399063964685,87.46687628291548,87.01180173092054,87,pp16_15-10-2012_c1.S00
16,1,28,86.42658095992735,51.498256875115494,78.94171934872865,86.55072081983872,86.42658095992735,86,pp16_15-10-2012_c1.S00
16,1,29,81.91425163146445,58.56270879153904,75.66074102943142,80.73082547417532,81.91425163146445,81,pp16_15-10-2012_c1.S00
16,1,30,87.70656993147925,56.65182369376484,83.18518480757872,87.27218080516904,87.70656993147925,88,pp16_15-10-2012_c1.S00
16,1,31,89.09574284431862,38.819996564489216,82.46766931662957,88.9614186560735,89.09574284431862,88,pp16_15-10-2012_c1.S00
16,1,32,85.15069646679063,64.46391313991406,82.29452592879534,83.65539037362365,85.15069646679063,85,pp16_15-10-2012_c1.S00
16,1,33,86.81147885497617,58.44629758944263,89.64896136323611,85.32118758745492,86.81147885497617,86,pp16_15-10-2012_c1.S00
16,1,34,86.62202098527777,52.12431117201465,91.83787715385357,85.3531601001819,86.62202098527777,85,pp16_15-10-2012_c1.S00
16,1,35,87.95405742821474,53.46715754352231,82.70143152177334,88.42116154339165,87.95405742821474,88,pp16_15-10-2012_c1.S00
16,1,36,83.33707319523754,60.57135794534576,94.22783459573984,83.00453784440954,83.33707319523754,83,pp16_15-10-2012_c1.S00
16,1,37,83.79874722166093,71.5909236781338,97.25719706863165,83.94017881869028,83.79874722166093,83,pp16_15-10-2012_c1.S00
16,1,38,79.40687956825863,77.72528410811955,105.28261529356242,79.35784038522591,79.40687956825863,78,pp16_15-10-2012_c1.S00
16,1,39,83.07747605884518,63.66442207233851,111.02665298481783,83.1376521062106,83.07747605884518,82,pp16_15-10-2012_c1.S00
16,1,40,85.15592515592516,60.389232618532624,108.86075984686613,84.75980150159448,85.15592515592516,85,pp16_15-10-2012_c1.S00
16,1,41,83.56414235644911,65.4498677522642,117.37100795209408,82.82589615484079,83.56414235644911,83,pp16_15-10-2012_c1.S00
16,1,42,84.47428641384701,57.194946026662514,122.43162892013788,84.22422168608755,84.47428641384701,84,pp16_15-10-2012_c1.S00
16,1,43,86.49216821675599,52.277565399995936,127.02955169479053,85.119919553337,86.49216821675599,84,pp16_15-10-2012_c1.S00
16,1,44,83.34893691852918,66.50271421644148,119.28340737173954,82.77217370793224,83.34893691852918,83,pp16_15-10-2012_c1.S00
16,1,45,82.18108558878411,68.17407835032103,116.84346660524606,82.27418030742555,82.18108558878411,82,pp16_15-10-2012_c1.S00
16,1,46,89.6219878506377,47.77793149898748,119.35252387821674,87.97687593294928,89.6219878506377,88,pp16_15-10-2012_c1.S00
16,1,47,79.34173275276899,75.21007313830353,125.56469680964946,80.04021559152753,79.34173275276899,79,pp16_15-10-2012_c1.S00
16,1,48,82.73676032629807,69.97009399324824,116.2827359765768,82.21517051545283,82.73676032629807,82,pp16_15-10-2012_c1.S00
16,1,49,81.95502351432236,65.23174254174812,107.64219334622224,82.05834259664019,81.95502351432236,82,pp16_15-10-2012_c1.S00
16,1,50,88.20287300447941,46.255534178672306,116.64387958000104,87.27382047045975,88.20287300447941,87,pp16_15-10-2012_c1.S00
16,1,51,84.91557598161654,61.252590027843176,123.09177100261053,83.43428508558621,84.91557598161654,85,pp16_15-10-2012_c1.S00
16,1,52,81.95035198221564,72.69387040304152,126.10337724139293,84.0984110823522,81.95035198221564,82,pp16_15-10-2012_c1.S00
16,1,53,82.3309687523555,70.20474747122663,121.04381783306599,82.37282021368543,82.3309687523555,82,pp16_15-10-2012_c1.S00
16,1,54,84.9174365316069,62.35280824407872,126.01575356076161,83.85120386853814,84.9174365316069,83,pp16_15-10-2012_c1.S00
16,1,55,82.44752137050043,67.35226471941449,132.18495554029943,81.81285114338,82.44752137050043,82,pp16_15-10-2012_c1.S00
16,1,56,84.5936030870404,55.54846824367662,132.91890487571558,83.12992242941012,84.5936030870404,83,pp16_15-10-2012_c1.S00
16,1,57,88.46570613699085,45.8525412108461,134.19416919449966,87.08017459313075,88.46570613699085,87,pp16_15-10-2012_c1.S00
16,1,58,81.98139245827926,69.65896269228782,135.99243981738886,81.46389178770283,81.98139245827926,81,pp16_15-10-2012_c1.S00
16,1,59,80.9692856378028,66.96133598467017,127.86338185419639,80.72429173731555,80.9692856378028,81,pp16_15-10-2012_c1.S00
16,2,1,91.25602851750891,65.69640584726626,93.44772209382306,104.37093045388659,91.25602851750891,94,pp16_15-10-2012_c2.S00
16,2,2,85.82485427516987,50.337273795048496,97.76363967955112,85.57297041254739,85.82485427516987,85,pp16_15-10-2012_c2.S00
16,2,3,83.35085636764457,61.3195018185125,108.48386071970066,82.69945075797538,83.35085636764457,82,pp16_15-10-2012_c2.S00
16,2,4,92.9882845344644,41.96325680593153,117.56349292000135,90.52223029943804,92.9882845344644,91,pp16_15-10-2012_c2.S00
16,2,5,89.66549499443826,42.52281800892593,118.92889324724675,89.53147980806729,89.66549499443826,88,pp16_15-10-2012_c2.S00
16,2,6,87.07750627529327,52.229590643147624,110.43672861506542,86.52706579162428,87.07750627529327,87,pp16_15-10-2012_c2.S00
16,2,7,81.71009584267969,65.8433401998591,122.79921255807082,81.43082419565569,81.71009584267969,81,pp16_15-10-2012_c2.S00
16,2,8,76.60911562024621,74.7311136674935,132.99124727298815,77.28310989967237,76.60911562024621,76,pp16_15-10-2012_c2.S00
16,2,9,80.84210526315789,63.003036721691075,107.04767860074838,80.09631182011216,80.84210526315789,81,pp16_15-10-2012_c2.S00
16,2,10,81.31327784988929,72.56177457943983,92.77951186199984,81.29267083530625,81.31327784988929,81,pp16_15-10-2012_c2.S00
16,2,11,83.41155343226129,63.200521584463026,99.88520285735528,82.94700814889123,83.41155343226129,83,pp16_15-10-2012_c2.S00
16,2,12,83.59996112352998,63.85668403120061,108.34058203945557,83.16793324382355,83.59996112352998,82,pp16_15-10-2012_c2.S00
16,2,13,80.89464311335803,82.45804636843981,111.95339244753123,81.2892069241032,80.89464311335803,81,pp16_15-10-2012_c2.S00
16,2,14,80.36957925587403,78.58082744937545,115.20181580086549,79.9221531284973,80.36957925587403,80,pp16_15-10-2012_c2.S00
16,2,15,83.26785610987612,61.02674035342461,116.97473939756553,84.24010160025209,83.26785610987612,83,pp16_15-10-2012_c2.S00
16,2,16,79.71292730393083,67.06965102049607,126.23047410945098,79.01137382400533,79.71292730393083,80,pp16_15-10-2012_c2.S00
16,2,17,84.0296039818221,62.374796538170344,130.24029709349077,84.53169694139312,84.0296039818221,83,pp16_15-10-2012_c2.S00
16,2,18,82.64715895408989,67.25438359661632,134.64117442766826,82.47265206351877,82.64715895408989,83,pp16_15-10-2012_c2.S00
16,2,19,86.66369710467707,57.73398076165014,137.898655829827,85.35226703391722,86.66369710467707,84,pp16_15-10-2012_c2.S00
16,2,20,80.47019531441856,69.84837578380504,136.68387187123298,80.3400573372841,80.47019531441856,81,pp16_15-10-2012_c2.S00
16,2,21,76.48259722153064,79.96442313028547,138.38943951924642,77.05138270364453,76.48259722153064,76,pp16_15-10-2012_c2.S00
16,2,22,80.07167874888002,64.81790567168827,146.77167594532173,80.23924103807659,80.07167874888002,81,pp16_15-10-2012_c2.S00
16,2,23,77.12409880335952,80.74532295909702,142.03679333925248,77.64557582642882,77.12409880335952,77,pp16_15-10-2012_c2.S00
16,2,24,79.30502127225945,79.89272077151578,149.33939236899218,80.38527633659541,79.30502127225945,80,pp16_15-10-2012_c2.S00
16,2,25,73.65066679986015,83.69062062443518,144.79729789197444,74.51588713272164,73.65066679986015,73,pp16_15-10-2012_c2.S00
16,2,26,73.77388129055605,87.2776840288239,138.11100658575694,73.67423205108692,73.77388129055605,74,pp16_15-10-2012_c2.S00
16,2,27,77.34556244942002,81.7274045013135,133.88848064343134,77.41056375286232,77.34556244942002,78,pp16_15-10-2012_c2.S00
16,2,28,81.4438105133051,77.65888532954794,131.01093958616258,80.57731330059468,81.4438105133051,80,pp16_15-10-2012_c2.S00
16,2,29,77.11746690542734,79.70539371228645,128.82796388914187,77.56055373797814,77.11746690542734,77,pp16_15-10-2012_c2.S00
16,2,30,78.07456731135791,77.23850730836187,132.95362585733335,78.53530933962514,78.07456731135791,77,pp16_15-10-2012_c2.S00
16,2,31,85.72225839456794,65.92266077520358,121.42178287754456,83.99269834781687,85.72225839456794,84,pp16_15-10-2012_c2.S00
16,2,32,72.13652599550205,94.94972964045785,134.50943400015433,71.69219581590345,72.13652599550205,72,pp16_15-10-2012_c2.S00
16,2,33,81.45165299527716,80.41657979616961,141.0977458635966,81.29263607362905,81.45165299527716,81,pp16_15-10-2012_c2.S00
16,2,34,77.26219347884668,86.59958300422306,132.35618997514248,78.49515910471479,77.26219347884668,78,pp16_15-10-2012_c2.S00
16,2,35,82.83769162907602,71.63701255285045,137.67851508359115,82.89432496589919,82.83769162907602,82,pp16_15-10-2012_c2.S00
16,2,36,78.94700426667545,75.77681503567001,139.51802771290144,79.56784900004665,78.94700426667545,79,pp16_15-10-2012_c2.S00
16,2,37,84.09966962678811,63.14304471589125,138.81218757480383,83.49359772447497,84.09966962678811,84,pp16_15-10-2012_c2.S00
16,2,38,75.86996073136798,72.50220040344496,146.62010426918667,76.7881653704991,75.86996073136798,76,pp16_15-10-2012_c2.S00
16,2,39,75.41151103002157,85.21724260278997,139.64194638381403,75.0076362144202,75.41151103002157,75,pp16_15-10-2012_c2.S00
16,2,40,79.28871309696396,68.89008755541482,141.52513730426628,79.3097199856614,79.28871309696396,79,pp16_15-10-2012_c2.S00
16,2,41,83.46719681908549,67.40122209349295,134.45384426663318,82.97123355530202,83.46719681908549,83,pp16_15-10-2012_c2.S00
16,2,42,79.38179231165518,76.22669060919232,136.61179893761874,80.78902465396871,79.38179231165518,80,pp16_15-10-2012_c2.S00
16,2,43,87.30221717771212,58.4507079223077,143.25732237597308,85.86201165573051,87.30221717771212,86,pp16_15-10-2012_c2.S00
16,2,44,77.02486700482494,80.90812945549604,146.70214707454045,77.64642634956788,77.02486700482494,77,pp16_15-10-2012_c2.S00
16,2,45,88.05896805896806,57.254873748215516,142.03409480849902,85.59438555426895,88.05896805896806,86,pp16_15-10-2012_c2.S00
16,2,46,89.38154206436505,52.205824746364826,147.12865973015627,89.15085967456301,89.38154206436505,88,pp16_15-10-2012_c2.S00
16,2,47,84.4528735232196,65.07790060095942,148.19126081665357,83.68548767367999,84.4528735232196,84,pp16_15-10-2012_c2.S00
16,2,48,78.47329004005873,83.99025792560272,149.05740863978863,78.96323343130449,78.47329004005873,78,pp16_15-10-2012_c2.S00
16,2,49,83.9589044520177,67.26281946496864,142.96836520135403,83.70225496167937,83.9589044520177,84,pp16_15-10-2012_c2.S00
16,2,50,87.77525153534562,52.01094506578209,150.01373625894388,87.50494351368397,87.77525153534562,87,pp16_15-10-2012_c2.S00
16,2,51,83.12549967054689,58.898907472364726,144.22782071878513,84.47691123237213,83.12549967054689,84,pp16_15-10-2012_c2.S00
16,2,52,81.02200609906866,67.80531888330603,148.8805140266816,80.76379603197178,81.02200609906866,81,pp16_15-10-2012_c2.S00
16,2,53,81.0972441977544,64.5295597794432,158.24661814570428,81.3625374858578,81.0972441977544,81,pp16_15-10-2012_c2.S00
16,2,54,79.91833240030296,64.76588861485489,161.19014787475268,79.6958015092959,79.91833240030296,80,pp16_15-10-2012_c2.S00
16,2,55,88.84805797989078,48.704707073212276,149.05660858154297,89.21025266249974,88.84805797989078,88,pp16_15-10-2012_c2.S00
16,3,1,84.14659508813459,65.55000743269423,147.51437813304364,83.4863664470613,84.14659508813459,83,pp16_15-10-2012_c3.S00
16,3,2,80.1142187487105,56.993540230932204,137.2851128662626,80.18299302297333,80.1142187487105,80,pp16_15-10-2012_c3.S00
16,3,3,84.8987111918154,64.81880301406822,157.32498246332008,84.34579565736155,84.8987111918154,83,pp16_15-10-2012_c3.S00
16,3,4,91.29173620457604,42.89847762820827,169.195985224843,91.53525793664157,91.29173620457604,89,pp16_15-10-2012_c3.S00
16,3,5,89.83769556952771,45.04867067774731,123.5744648049275,89.75021765641868,89.83769556952771,88,pp16_15-10-2012_c3.S00
16,3,6,78.17181381053884,81.7072692158562,136.21641923685868,78.99855108677099,78.17181381053884,78,pp16_15-10-2012_c3.S00
16,3,7,77.35567157414091,75.62968055771846,155.57197254002094,76.96935035487016,77.35567157414091,77,pp16_15-10-2012_c3.S00
16,3,8,81.0594191665155,56.91312247988131,167.20432426929474,81.06868032794446,81.0594191665155,81,pp16_15-10-2012_c3.S00
16,3,9,83.68569272395959,56.962014562974275,178.54116804997128,83.02506698270639,83.68569272395959,82,pp16_15-10-2012_c3.S00
16,3,10,80.90443641656054,73.65241021802667,183.10333719750244,79.79223043893775,80.90443641656054,80,pp16_15-10-2012_c3.S00
16,3,11,84.84775881002295,63.49314174316195,180.2048544506232,85.14373782854527,84.84775881002295,85,pp16_15-10-2012_c3.S00
16,3,12,78.55994686150781,76.86096347281602,171.10341233114403,78.27349188309162,78.55994686150781,78,pp16_15-10-2012_c3.S00
16,3,13,78.93530109368824,71.95739245446798,165.3857851078113,79.96033805372814,78.93530109368824,79,pp16_15-10-2012_c3.S00
16,3,14,74.37208261132713,84.5471631151752,179.38156182368596,73.23576946910471,74.37208261132713,74,pp16_15-10-2012_c3.S00
16,3,15,77.55477414119557,70.07686550067474,167.18217344482738,77.95409212758143,77.55477414119557,78,pp16_15-10-2012_c3.S00
16,3,16,80.6556867351257,73.56843571036063,155.24525786141555,81.12132933276395,80.6556867351257,80,pp16_15-10-2012_c3.S00
16,3,17,78.45767307644469,82.80704181037272,159.3082342038552,79.08843145823727,78.45767307644469,78,pp16_15-10-2012_c3.S00
16,3,18,76.1524536425461,88.24458528356564,144.5729032203555,76.82663456735511,76.1524536425461,77,pp16_15-10-2012_c3.S00
16,3,19,78.7161504479996,78.5255803391622,148.38416193326313,79.25180367585271,78.7161504479996,78,pp16_15-10-2012_c3.S00
16,3,20,74.92991636108937,84.15038055728074,157.89782198270163,75.29029776373257,74.92991636108937,75,pp16_15-10-2012_c3.S00
16,3,21,79.84274117269685,83.33077182256419,159.79139783680438,80.02709983699023,79.84274117269685,80,pp16_15-10-2012_c3.S00
16,3,22,74.5411024035151,92.82723141307876,164.77892957031727,75.23736756878594,74.5411024035151,75,pp16_15-10-2012_c3.S00
16,3,23,77.60154224556273,79.20477769614553,164.87031190594038,77.57129465459535,77.60154224556273,77,pp16_15-10-2012_c3.S00
16,3,24,81.04605339093443,72.71921926860594,166.91949118375777,80.58121567486475,81.04605339093443,81,pp16_15-10-2012_c3.S00
16,3,25,77.61903199343725,60.07499291378813,162.35081220169863,78.20435545158882,77.61903199343725,78,pp16_15-10-2012_c3.S00
16,3,26,78.14727939476032,82.685609369683,171.19790768921376,78.8422850402072,78.14727939476032,78,pp16_15-10-2012_c3.S00
16,3,27,81.0587507730365,75.63255523731938,181.5946784933408,80.29178252077351,81.0587507730365,81,pp16_15-10-2012_c3.S00
16,3,28,86.10988369263711,70.52172840920775,179.78738779524963,84.31146503333002,86.10988369263711,83,pp16_15-10-2012_c3.S00
16,3,29,77.48628892410578,87.0641114651056,176.76943442920845,77.95327819865197,77.48628892410578,77,pp16_15-10-2012_c3.S00
16,3,30,83.8268725512791,62.77611241561016,174.87904363771278,83.37348024578144,83.8268725512791,83,pp16_15-10-2012_c3.S00
16,3,31,80.9652843553103,79.48549846552659,179.37310977975528,81.19781784111014,80.9652843553103,81,pp16_15-10-2012_c3.S00
16,3,32,74.22561666845951,98.03164069512972,171.04706022540728,75.48612036934743,74.22561666845951,74,pp16_15-10-2012_c3.S00
16,3,33,76.95803882973964,91.7747119966992,167.7271604994933,77.51770249071221,76.95803882973964,74,pp16_15-10-2012_c3.S00
16,3,34,78.58194638025743,83.9719679645081,164.4913390606642,79.45481167988231,78.58194638025743,79,pp16_15-10-2012_c3.S00
16,3,35,78.01904761904763,82.4448334444558,172.23482035895188,76.9432923929145,78.01904761904763,78,pp16_15-10-2012_c3.S00
17,1,1,74.41688776098744,28.571957427285408,232.3270584364732,77.97757238335907,74.41688776098744,76,pp17_17-10-2012_c1.S00
17,1,2,70.16054275542419,23.11415171253975,240.32919936279455,70.05399444326758,70.16054275542419,70,pp17_17-10-2012_c1.S00
17,1,3,74.55054096868786,16.69072666637461,226.2106564919154,75.2693088406697,74.55054096868786,75,pp17_17-10-2012_c1.S00
17,1,4,73.08359335942214,19.00629392844953,231.6460046996673,73.24465890911718,73.08359335942214,74,pp17_17-10-2012_c1.S00
17,1,5,86.61513781537116,223.23707349519287,226.26277223924797,84.1609174101303,86.61513781537116,72,pp17_17-10-2012_c1.S00
17,1,6,67.8391387609337,514.8724729310665,276.0434777398904,80.66470733676105,67.8391387609337,66,pp17_17-10-2012_c1.S00
17,1,7,77.53797104016296,219.57684941730852,268.1818961222967,79.77292257423203,77.53797104016296,69,pp17_17-10-2012_c1.S00
17,1,8,76.38457511778049,419.9882885701411,245.83205489019554,83.48082841765135,76.38457511778049,65,pp17_17-10-2012_c1.S00
17,1,9,79.11816215102503,15.695567197961509,209.0343014250199,85.94329817487548,79.11816215102503,81,pp17_17-10-2012_c1.S00
17,1,10,84.02610896496603,25.033454094646142,204.9660063435634,84.69623357045154,84.02610896496603,83,pp17_17-10-2012_c1.S00
17,1,11,74.0808364409918,20.265014667891368,198.9399090518554,74.94184396006168,74.0808364409918,75,pp17_17-10-2012_c1.S00
17,1,12,78.4860485063051,21.66798254841909,197.3392684141795,77.76661447659134,78.4860485063051,78,pp17_17-10-2012_c1.S00
17,1,13,75.88370427092855,17.810827749228853,210.53336686690648,76.26826443287233,75.88370427092855,76,pp17_17-10-2012_c1.S00
17,1,14,74.36429974740388,16.32287561373826,212.56328790187837,74.23605247400701,74.36429974740388,74,pp17_17-10-2012_c1.S00
17,1,15,75.27417218543046,17.450575339037403,218.39267551700274,75.3705112023279,75.27417218543046,76,pp17_17-10-2012_c1.S00
17,1,16,74.05206065948299,20.84535194283701,227.82002954979737,74.6513621898368,74.05206065948299,74,pp17_17-10-2012_c1.S00
17,1,17,84.49370508013948,17.355617486402313,215.21531776189804,83.67077499851584,84.49370508013948,85,pp17_17-10-2012_c1.S00
17,1,18,75.1112997707785,18.631715143272004,209.946221340696,76.21842837979396,75.1112997707785,75,pp17_17-10-2012_c1.S00
17,1,19,79.62299717247879,23.42411127314278,205.7085041264693,86.41781000128637,79.62299717247879,81,pp17_17-10-2012_c1.S00
17,1,20,73.94799528597578,19.28591235671942,213.3917956997951,74.08211911028872,73.94799528597578,74,pp17_17-10-2012_c1.S00
17,1,21,90.04851752021563,18.69616505448175,210.55702769358953,88.8881522723784,90.04851752021563,89,pp17_17-10-2012_c1.S00
17,1,22,84.14694142346126,27.126707899290885,212.7019526084264,82.81472255488237,84.14694142346126,83,pp17_17-10-2012_c1.S00
17,1,23,81.68603506007484,38.84272740215688,219.0464638998111,88.87740176580846,81.68603506007484,83,pp17_17-10-2012_c1.S00
17,1,24,78.66314161719957,32.39854978658355,227.2323438256979,79.76638871338218,78.66314161719957,79,pp17_17-10-2012_c1.S00
17,1,25,76.982694437887,27.831968262151378,220.76141712963582,76.17332271008442,76.982694437887,76,pp17_17-10-2012_c1.S00
17,1,26,81.6203625800395,28.67047923462381,233.12829529146353,81.5007857232665,81.6203625800395,83,pp17_17-10-2012_c1.S00
17,1,27,93.23767209327814,21.735957850159718,214.94372158050538,94.0060600395004,93.23767209327814,93,pp17_17-10-2012_c1.S00
17,1,28,84.156897625189,26.809463154899216,223.04649834136168,83.44298314079643,84.156897625189,83,pp17_17-10-2012_c1.S00
17,1,29,77.26575492069796,37.663168370557784,230.86832075913748,77.39528011033933,77.26575492069796,77,pp17_17-10-2012_c1.S00
17,1,30,84.68065918546185,27.29007357153056,235.84513845642408,82.60253482833505,84.68065918546185,85,pp17_17-10-2012_c1.S00
17,1,31,88.45564997541962,23.99451430934894,232.54546072880427,88.60170101945599,88.45564997541962,88,pp17_17-10-2012_c1.S00
17,1,32,81.73609378897481,32.18219485407022,227.53272796670595,82.86256214293341,81.73609378897481,82,pp17_17-10-2012_c1.S00
17,1,33,81.38826334613856,40.7539995326513,236.40441746016344,89.8275679629917,81.38826334613856,84,pp17_17-10-2012_c1.S00
17,1,34,89.64893337613447,110.23638082844356,224.36197014451028,89.36209242995828,89.64893337613447,82,pp17_17-10-2012_c1.S00
17,1,35,81.24721603563475,28.89893585322638,229.56661092936992,84.36720569885026,81.24721603563475,83,pp17_17-10-2012_c1.S00
17,1,36,87.48201438848922,28.155839754052078,240.37690910895665,93.51934463859847,87.48201438848922,87,pp17_17-10-2012_c1.S00
17,1,37,80.09108459977229,22.462298331824968,244.78518127898374,80.94351604928573,80.09108459977229,80,pp17_17-10-2012_c1.S00
17,1,38,75.62621807364859,25.725727151943005,251.01165458758672,82.30961434698354,75.62621807364859,77,pp17_17-10-2012_c1.S00
17,1,39,82.4899304284145,21.144830378130408,257.7689075678587,81.85272337738425,82.4899304284145,82,pp17_17-10-2012_c1.S00
17,1,40,83.65697412131404,21.831141509871248,263.8516315360864,83.284919198292,83.65697412131404,84,pp17_17-10-2012_c1.S00
17,1,41,82.75398824517212,18.607447630642678,252.91402089595795,82.86915148875366,82.75398824517212,82,pp17_17-10-2012_c1.S00
17,1,42,72.88062674279644,23.409045893599753,255.26519675552845,73.33831401790182,72.88062674279644,73,pp17_17-10-2012_c1.S00
17,1,43,72.56936067551267,23.651582732153987,260.12988580962025,74.44851004459585,72.56936067551267,70,pp17_17-10-2012_c1.S00
17,1,44,84.56720993524573,219.01621287353328,260.9574974646171,86.65508758394668,84.56720993524573,75,pp17_17-10-2012_c1.S00
17,1,45,85.60037724525229,56.62552862573232,266.2912607163191,82.9323159394026,85.60037724525229,78,pp17_17-10-2012_c1.S00
17,1,46,74.00862863674915,30.337358487132768,275.63640366395316,82.48936321462195,74.00862863674915,78,pp17_17-10-2012_c1.S00
17,1,47,78.77100249668233,33.06853641185909,274.27073938449223,81.45765029285103,78.77100249668233,75,pp17_17-10-2012_c1.S00
17,1,48,77.81056470916022,33.19506415694912,278.6740650951862,81.08675616644322,77.81056470916022,76,pp17_17-10-2012_c1.S00
17,1,49,80.55974409115058,27.347803412947876,259.1459414899349,91.20809266747285,80.55974409115058,83,pp17_17-10-2012_c1.S00
17,1,50,71.51495808731731,24.12498555644303,265.2201016227404,71.44748032353819,71.51495808731731,72,pp17_17-10-2012_c1.S00
17,1,51,72.98619485591894,20.10080754686756,270.4966221213341,74.59366212456176,72.98619485591894,74,pp17_17-10-2012_c1.S00
17,1,52,79.51709285042618,26.843065091928278,272.45656062960626,81.04732458082339,79.51709285042618,79,pp17_17-10-2012_c1.S00
17,1,53,94.57267797796047,97.7063798617898,259.15794459283353,107.50428913248082,94.57267797796047,89,pp17_17-10-2012_c1.S00
17,1,54,77.52869518794438,28.390463503732768,269.7060892005762,85.78301623954127,77.52869518794438,80,pp17_17-10-2012_c1.S00
17,1,55,77.79874134197763,78.09902459999091,270.95709649821123,83.07975576395789,77.79874134197763,73,pp17_17-10-2012_c1.S00
17,2,1,64.34365360447846,39.263624299167695,266.8773275032639,65.59377105993529,64.34365360447846,65,pp17_17-10-2012_c2.S00
17,2,2,66.54132857251643,38.4906386815706,290.9361979603767,66.66880727944275,66.54132857251643,67,pp17_17-10-2012_c2.S00
17,2,3,64.1715698220938,28.967014390411713,300.8884160041809,65.38954922783499,64.1715698220938,64,pp17_17-10-2012_c2.S00
17,2,4,70.03644277103231,29.005398498260522,313.935940571626,70.04276299222062,70.03644277103231,71,pp17_17-10-2012_c2.S00
17,2,5,68.41489894772006,25.883902569738616,310.4363615075747,71.76413118919979,68.41489894772006,69,pp17_17-10-2012_c2.S00
17,2,6,68.26206989428321,35.2821118589426,331.03168510198594,69.05356232238313,68.26206989428321,69,pp17_17-10-2012_c2.S00
17,2,7,64.53273113987868,29.604163420252448,338.48674847881,64.6072588304989,64.53273113987868,64,pp17_17-10-2012_c2.S00
17,2,8,67.31828330439097,23.711340942740556,344.0126248399417,66.97509337188676,67.31828330439097,68,pp17_17-10-2012_c2.S00
17,2,9,79.65667489968573,24.045825710561267,253.39462118446826,79.63329079840332,79.65667489968573,80,pp17_17-10-2012_c2.S00
17,2,10,81.74153099067037,23.670885545305424,244.11162442862988,81.75786102171988,81.74153099067037,82,pp17_17-10-2012_c2.S00
17,2,11,74.17346463618647,22.81701860175719,240.969542252024,74.62226263980071,74.17346463618647,74,pp17_17-10-2012_c2.S00
17,2,12,73.09867662401845,23.012358470566493,257.621434139212,74.48212589106213,73.09867662401845,75,pp17_17-10-2012_c2.S00
17,2,13,77.9103597931792,24.682674108733117,274.97536045710245,84.28101223061482,77.9103597931792,78,pp17_17-10-2012_c2.S00
17,2,14,83.44886563710449,19.659915551967615,269.4666916747888,83.36957475536813,83.44886563710449,83,pp17_17-10-2012_c2.S00
17,2,15,76.01720379426148,17.62509650258752,257.84359362026055,83.98679876128833,76.01720379426148,77,pp17_17-10-2012_c2.S00
17,2,16,74.18379395758055,19.156989481385096,267.51899508734544,75.12032476676008,74.18379395758055,76,pp17_17-10-2012_c2.S00
17,2,17,76.93906215626217,29.171246681013432,246.60375575919946,76.71226921031872,76.93906215626217,78,pp17_17-10-2012_c2.S00
17,2,18,72.38085190557827,20.01014596617191,259.95990548630556,80.1382130395621,72.38085190557827,73,pp17_17-10-2012_c2.S00
17,2,19,72.52070296398996,24.55846596281891,274.35596000552175,73.80997381173074,72.52070296398996,74,pp17_17-10-2012_c2.S00
17,2,20,72.56104762235576,23.104604672979228,284.6929498632749,72.28206504142533,72.56104762235576,73,pp17_17-10-2012_c2.S00
17,2,21,79.91184493379339,31.990151229581624,280.15538467963535,80.17433519971867,79.91184493379339,80,pp17_17-10-2012_c2.S00
17,2,22,75.61909038744605,31.152966492653743,291.3361875693003,76.01246171041082,75.61909038744605,75,pp17_17-10-2012_c2.S00
17,2,23,69.8927177584487,21.14302214052742,300.26159188548723,70.04631122977783,69.8927177584487,70,pp17_17-10-2012_c2.S00
17,2,24,72.31051030641592,31.616460059605245,277.3078469057878,72.07037271869679,72.31051030641592,72,pp17_17-10-2012_c2.S00
17,2,25,75.0443179004704,32.45217795480906,284.01265950600305,75.17937342474858,75.0443179004704,75,pp17_17-10-2012_c2.S00
17,2,26,71.30289805325357,26.537407314784776,250.23634591698647,71.15825613172105,71.30289805325357,72,pp17_17-10-2012_c2.S00
17,2,27,71.47629256618637,29.830654972559856,252.87005580365658,71.42784785684198,71.47629256618637,71,pp17_17-10-2012_c2.S00
17,2,28,70.95264302276274,23.159415918734318,271.70419563750426,71.51691327504814,70.95264302276274,71,pp17_17-10-2012_c2.S00
17,2,29,75.19628471552757,23.63748355378291,263.6987299203873,74.97078527429451,75.19628471552757,75,pp17_17-10-2012_c2.S00
17,2,30,69.8609766280836,20.511964131214466,264.0008349110683,70.09199272692203,69.8609766280836,71,pp17_17-10-2012_c2.S00
17,2,31,79.08912901588224,19.56270137876474,295.06604160666467,78.67283028569072,79.08912901588224,79,pp17_17-10-2012_c2.S00
17,2,32,71.98345968297726,20.338715586627426,295.4117964784304,72.92296055058638,71.98345968297726,72,pp17_17-10-2012_c2.S00
17,2,33,71.4319723183391,27.75926041122415,293.2756615718206,71.76383086803058,71.4319723183391,72,pp17_17-10-2012_c2.S00
17,2,34,72.69153060667286,24.78433209334851,298.55084557334584,73.05924683300158,72.69153060667286,73,pp17_17-10-2012_c2.S00
17,2,35,72.09273088431269,41.20151053778499,292.00999718805156,72.07552810808023,72.09273088431269,72,pp17_17-10-2012_c2.S00
17,2,36,77.14942678690824,21.72634986988968,274.815213261048,77.40511237674703,77.14942678690824,78,pp17_17-10-2012_c2.S00
17,2,37,74.54017292642084,26.265459763146644,284.37861729164916,76.50723832168927,74.54017292642084,75,pp17_17-10-2012_c2.S00
17,2,38,75.01460179181309,33.05673102720409,284.4365580022335,75.61278107228378,75.01460179181309,75,pp17_17-10-2012_c2.S00
17,2,39,76.09572365351498,23.154421238909595,278.27956805030504,76.15388396692772,76.09572365351498,77,pp17_17-10-2012_c2.S00
17,3,1,66.64664063282267,57.23574828287164,271.88481074397765,67.64489641363421,66.64664063282267,66,pp17_17-10-2012_c3.S00
17,3,2,62.90248272331712,33.314238483233765,268.327194271485,62.48755119976898,62.90248272331712,63,pp17_17-10-2012_c3.S00
17,3,3,59.78257951952759,32.743598664886996,281.95554934541383,60.58624820932746,59.78257951952759,60,pp17_17-10-2012_c3.S00
17,3,4,62.67870111007366,37.88986123919189,296.93833920756975,62.49331933859115,62.67870111007366,63,pp17_17-10-2012_c3.S00
17,3,5,64.87654896114786,29.258764274405614,310.95723341703416,66.0983733621426,64.87654896114786,66,pp17_17-10-2012_c3.S00
17,3,6,64.40426166400087,32.53355335400369,292.95473822951317,65.86635796284924,64.40426166400087,65,pp17_17-10-2012_c3.S00
17,3,7,59.91817978958156,36.97593221526976,315.191279655695,59.87867496600374,59.91817978958156,60,pp17_17-10-2012_c3.S00
17,3,8,66.35595543703113,31.00591944891449,315.86495602528254,65.65809144619853,66.35595543703113,66,pp17_17-10-2012_c3.S00
17,3,9,75.68180138454336,21.24163743569942,282.58248495459554,75.50951812540491,75.68180138454336,76,pp17_17-10-2012_c3.S00
17,3,10,67.8542523468471,25.455347901035832,264.4075267165899,68.04837364020447,67.8542523468471,68,pp17_17-10-2012_c3.S00
17,3,11,69.33328907954895,41.047843419944414,283.6486832370361,69.5796393479531,69.33328907954895,69,pp17_17-10-2012_c3.S00
17,3,12,65.03662880569931,32.02426693219406,285.0972083926201,65.08776263200367,65.03662880569931,65,pp17_17-10-2012_c3.S00
17,3,13,67.79336851977858,27.378014624007772,301.0157072842121,68.60735449505349,67.79336851977858,69,pp17_17-10-2012_c3.S00
17,3,14,66.07253742216363,29.65476310418724,300.8821602543195,66.510676541583,66.07253742216363,67,pp17_17-10-2012_c3.S00
17,3,15,66.0137363318539,34.94687783317073,273.31365224222344,66.06972766971836,66.0137363318539,66,pp17_17-10-2012_c3.S00
17,3,16,68.19315828708689,24.214382281189586,283.1522291103999,68.25852915967504,68.19315828708689,68,pp17_17-10-2012_c3.S00
17,3,17,69.49713526938304,25.332076979959236,288.0074964265029,69.22089050374925,69.49713526938304,70,pp17_17-10-2012_c3.S00
17,3,18,67.62570251655188,27.94573129665921,295.33577215472855,68.21173279530679,67.62570251655188,67,pp17_17-10-2012_c3.S00
17,3,19,65.65048889491939,31.565519253658028,306.99224393169084,65.86975577929988,65.65048889491939,66,pp17_17-10-2012_c3.S00
17,3,20,67.43699822081382,26.703899426654587,314.42641318043076,67.83963694861158,67.43699822081382,68,pp17_17-10-2012_c3.S00
17,3,21,65.95704270130557,37.867236046654696,298.0323688606421,65.46500448075433,65.95704270130557,66,pp17_17-10-2012_c3.S00
17,3,22,69.9748419120147,26.283413647142133,321.3931455552578,70.36644920588782,69.9748419120147,70,pp17_17-10-2012_c3.S00
17,3,23,65.65372391875086,32.726668273343556,321.314192934831,66.74670932687198,65.65372391875086,66,pp17_17-10-2012_c3.S00
17,3,24,64.9278425415277,40.692150246176055,330.014885387818,64.85687084797149,64.9278425415277,65,pp17_17-10-2012_c3.S00
17,3,25,69.08679008160598,28.095192874452366,340.3092611412207,69.14381813555956,69.08679008160598,69,pp17_17-10-2012_c3.S00
17,3,26,66.69617134983925,31.828297827602075,336.0980207125346,66.38761555387948,66.69617134983925,67,pp17_17-10-2012_c3.S00
17,3,27,67.82518433084813,27.506685521452688,345.4604221820831,68.15532491356134,67.82518433084813,68,pp17_17-10-2012_c3.S00
17,3,28,67.88831205275712,27.88710528795828,320.4093201220036,68.14534228903553,67.88831205275712,68,pp17_17-10-2012_c3.S00
17,3,29,69.41969144366811,24.42826953702778,302.9130366921425,69.1553022508199,69.41969144366811,70,pp17_17-10-2012_c3.S00
17,3,30,71.4333099663173,26.928710441957396,309.9146991511186,71.63569583489249,71.4333099663173,71,pp17_17-10-2012_c3.S00
17,3,31,68.419828701505,28.75276961901324,301.82250201503433,68.86947024986148,68.419828701505,69,pp17_17-10-2012_c3.S00
17,3,32,67.44685805528758,23.979149050507367,313.9031140486399,67.26051968603085,67.44685805528758,67,pp17_17-10-2012_c3.S00
17,3,33,67.9091848013191,25.028085826916634,297.1590472658475,67.87659840031216,67.9091848013191,68,pp17_17-10-2012_c3.S00
17,3,34,68.41751779096272,25.408653407611475,318.60718013246856,68.64502701945602,68.41751779096272,69,pp17_17-10-2012_c3.S00
17,3,35,67.71548089206543,24.429081918523075,332.9122034231822,67.8708896972239,67.71548089206543,68,pp17_17-10-2012_c3.S00
17,3,36,66.17859768503479,30.9078808870573,320.4164164841175,74.3351222784569,66.17859768503479,67,pp17_17-10-2012_c3.S00
17,3,37,63.813983096987116,31.806739201738065,308.73970151344935,63.702580457708486,63.813983096987116,64,pp17_17-10-2012_c3.S00
17,3,38,65.73319959879639,34.04628471582474,320.53026994665464,73.93496413935597,65.73319959879639,67,pp17_17-10-2012_c3.S00
17,3,39,64.03442711135018,33.003054386995,311.38226474920907,64.07958140925815,64.03442711135018,64,pp17_17-10-2012_c3.S00
17,3,40,67.36246441139542,28.262150342919686,324.57545959353445,67.89873259601494,67.36246441139542,68,pp17_17-10-2012_c3.S00
17,3,41,67.64321553622351,29.07734317538169,306.80878504713377,67.13227047833304,67.64321553622351,67,pp17_17-10-2012_c3.S00
17,3,42,66.70659311794064,22.981980206992592,278.91910758316516,67.919703650785,66.70659311794064,68,pp17_17-10-2012_c3.S00
17,3,43,67.79118681470243,32.63179646596147,285.9916031936804,76.18497303603218,67.79118681470243,69,pp17_17-10-2012_c3.S00
17,3,44,67.86916552770029,24.229586577495336,268.8179472833872,67.1454956603547,67.86916552770029,67,pp17_17-10-2012_c3.S00
17,3,45,71.843443834724,17.65109777775452,307.17017361323036,71.569526413021,71.843443834724,72,pp17_17-10-2012_c3.S00
17,3,46,68.63211803019496,24.407576653132466,321.8076684912046,69.0052984520793,68.63211803019496,68,pp17_17-10-2012_c3.S00
17,3,47,68.34260289210233,21.666198890948465,328.71591028372444,75.79263359891871,68.34260289210233,69,pp17_17-10-2012_c3.S00
17,3,48,71.07683408849898,22.21165756412144,353.4658157507578,70.91926866800834,71.07683408849898,71,pp17_17-10-2012_c3.S00
17,3,49,66.64942130692012,29.376557390037974,343.6178605834643,67.4483029895462,66.64942130692012,67,pp17_17-10-2012_c3.S00
17,3,50,67.04495853339154,31.40787879714709,331.1767283221086,67.10241247847055,67.04495853339154,67,pp17_17-10-2012_c3.S00
17,3,51,65.25756771109931,26.059026835428977,324.09575035770735,65.19734456896161,65.25756771109931,66,pp17_17-10-2012_c3.S00
17,3,52,64.81012658227849,32.82116659770345,281.7227472255627,65.262572779196,64.81012658227849,65,pp17_17-10-2012_c3.S00
17,3,53,66.34272756721737,35.469303798973435,305.5220615784327,66.48191158771515,66.34272756721737,66,pp17_17-10-2012_c3.S00
17,3,54,66.76108476449193,30.391813866492924,310.8274843811989,67.12107565461969,66.76108476449193,67,pp17_17-10-2012_c3.S00
18,1,1,81.74165457184326,37.17141499940153,399.2183331583937,82.48212378876588,81.74165457184326,82,pp18_19-10-2012_c1.S00
18,1,2,83.27985739750446,45.81806911256937,442.3918821195761,81.94451886763176,83.27985739750446,82,pp18_19-10-2012_c1.S00
18,1,3,85.89677940978305,21.804088536398535,488.7711619238059,85.31229518404672,85.89677940978305,86,pp18_19-10-2012_c1.S00
18,1,4,87.74664961721774,19.587107053285187,617.0652376015981,87.23318827394397,87.74664961721774,87,pp18_19-10-2012_c1.S00
18,1,5,87.92650176678444,22.4799034650773,501.63556577563287,87.36875334543487,87.92650176678444,87,pp18_19-10-2012_c1.S00
18,1,6,90.16234064019078,17.943195280216944,518.2548814276854,88.89433980087439,90.16234064019078,90,pp18_19-10-2012_c1.S00
18,1,7,86.43226204225535,32.63973895559921,595.1370598753293,86.50601406755547,86.43226204225535,85,pp18_19-10-2012_c1.S00
18,1,8,92.79582323326497,23.435592573750657,574.2675056914488,89.12908369538685,92.79582323326497,91,pp18_19-10-2012_c1.S00
18,1,9,87.22365109654581,27.478110257477887,379.23115568459036,85.96384368352592,87.22365109654581,86,pp18_19-10-2012_c1.S00
18,1,10,79.67788154826025,27.36861016774085,246.15298954546452,79.7937646433711,79.67788154826025,79,pp18_19-10-2012_c1.S00
18,1,11,85.55456819077109,23.296355055992276,233.0888270209233,87.44490720350295,85.55456819077109,86,pp18_19-10-2012_c1.S00
18,1,12,72.67311392658121,35.66903244579352,235.69949245850245,73.4051546893393,72.67311392658121,73,pp18_19-10-2012_c1.S00
18,1,13,82.42199403776085,30.51415996482231,227.29178745051226,80.69729823985448,82.42199403776085,82,pp18_19-10-2012_c1.S00
18,1,14,82.51470054446462,74.81201074903672,224.73754688302677,85.22729127487789,82.51470054446462,83,pp18_19-10-2012_c1.S00
18,1,15,80.4606644198363,29.56300629606575,236.4432296772798,81.3085079535842,80.4606644198363,79,pp18_19-10-2012_c1.S00
18,1,16,87.4873786407767,25.493130502269413,233.90495564440886,91.33502482088903,87.4873786407767,80,pp18_19-10-2012_c1.S00
18,1,17,89.51333177679197,16.836027543488683,251.54451732436817,88.70235084947198,89.51333177679197,88,pp18_19-10-2012_c1.S00
18,1,18,81.48391018438357,18.96185664237387,287.9311028500398,80.21254438459873,81.48391018438357,80,pp18_19-10-2012_c1.S00
18,1,19,83.97837914599401,22.671063629025603,294.4431441128254,83.393818040813,83.97837914599401,84,pp18_19-10-2012_c1.S00
18,1,20,94.22295181113248,71.44083190326198,249.62948788404464,96.1331709276264,94.22295181113248,83,pp18_19-10-2012_c1.S00
18,1,21,77.06926865380068,22.408066594796743,250.9576316078504,83.71471541554978,77.06926865380068,78,pp18_19-10-2012_c1.S00
18,1,22,83.03925560763453,25.249994930086807,242.10781430701414,82.46937997757146,83.03925560763453,84,pp18_19-10-2012_c1.S00
18,1,23,87.71325141487789,22.333067914070075,210.5968545695146,87.17697027182827,87.71325141487789,87,pp18_19-10-2012_c1.S00
18,1,24,84.39812464538477,81.33586558078902,210.34909094969433,84.8982506280765,84.39812464538477,81,pp18_19-10-2012_c1.S00
18,1,25,80.24853760250777,25.754836150441374,214.2399391770363,81.16883721792449,80.24853760250777,81,pp18_19-10-2012_c1.S00
18,1,26,80.16334691733528,24.674164425206143,218.97257084846495,80.79416203014553,80.16334691733528,80,pp18_19-10-2012_c1.S00
18,1,27,80.70973292505805,27.318514642699967,216.69459228813648,87.53930657381812,80.70973292505805,82,pp18_19-10-2012_c1.S00
18,1,28,92.22487913008571,18.801569611263755,206.35902632176877,90.39648132125537,92.22487913008571,91,pp18_19-10-2012_c1.S00
18,1,29,73.37688612400959,37.5124323109627,241.53165465096632,76.5638791459923,73.37688612400959,74,pp18_19-10-2012_c1.S00
18,1,30,75.24672983041044,29.061127392945682,275.7520872513453,74.48457803986966,75.24672983041044,75,pp18_19-10-2012_c1.S00
18,1,31,79.32006455083378,26.498183322418946,273.4425684909026,79.12730232135704,79.32006455083378,80,pp18_19-10-2012_c1.S00
18,1,32,88.84061504316904,27.036281352218733,227.75024419327576,89.89145089307179,88.84061504316904,89,pp18_19-10-2012_c1.S00
18,1,33,81.98011875375275,40.99825628705946,230.28134121596813,81.4592429621766,81.98011875375275,81,pp18_19-10-2012_c1.S00
18,1,34,79.591596710274,29.077302178041293,219.13441988825798,79.3170522103707,79.591596710274,80,pp18_19-10-2012_c1.S00
18,1,35,78.52299614859847,32.404287995054126,215.07038391629854,78.22896620544294,78.52299614859847,78,pp18_19-10-2012_c1.S00
18,1,36,82.93226142623195,106.02483292747233,230.69197336435317,81.86426387168696,82.93226142623195,82,pp18_19-10-2012_c1.S00
18,1,37,89.43648697826757,114.78081731450244,209.01517019470532,90.32726066739609,89.43648697826757,85,pp18_19-10-2012_c1.S00
18,1,38,75.86042588711992,38.80789479484625,208.4608987122774,76.4651516020919,75.86042588711992,75,pp18_19-10-2012_c1.S00
18,1,39,83.0337259964499,29.130745934047425,204.84876464903354,88.82379001316924,83.0337259964499,84,pp18_19-10-2012_c1.S00
18,1,40,75.44800787262497,41.80258199960094,206.63733528355758,76.09443913965175,75.44800787262497,75,pp18_19-10-2012_c1.S00
18,1,41,87.58529052014678,27.35622666314158,202.7953424533208,93.3877735014384,87.58529052014678,87,pp18_19-10-2012_c1.S00
18,1,42,78.69528981375069,39.06275431232321,209.52854909201463,78.58896030914039,78.69528981375069,79,pp18_19-10-2012_c1.S00
18,1,43,83.92839168883457,28.142457418390073,206.7584852963686,84.683803998754,83.92839168883457,85,pp18_19-10-2012_c1.S00
18,1,44,76.90036628688178,40.867432706376746,216.87594244082769,79.76689382443826,76.90036628688178,79,pp18_19-10-2012_c1.S00
18,1,45,89.78498898619245,82.34545431334482,212.7082814047734,88.90509531342735,89.78498898619245,80,pp18_19-10-2012_c1.S00
18,2,1,78.17586693343905,143.69882565424152,227.7341217464457,78.2605633080316,78.17586693343905,74,pp18_19-10-2012_c2.S00
18,2,2,75.69273798821297,49.070726514936176,262.90196407039963,77.26867178890286,75.69273798821297,78,pp18_19-10-2012_c2.S00
18,2,3,70.88578809641254,46.51379260190147,296.5534028927485,70.35777195692063,70.88578809641254,71,pp18_19-10-2012_c2.S00
18,2,4,73.97625561074075,40.7294051885413,347.5826821108659,73.83582869184514,73.97625561074075,73,pp18_19-10-2012_c2.S00
18,2,5,79.42985721883566,31.725469708365175,346.60237696170805,78.85219682498524,79.42985721883566,80,pp18_19-10-2012_c2.S00
18,2,6,73.05774735214928,39.344850751898704,400.6660194635391,75.22708504460752,73.05774735214928,74,pp18_19-10-2012_c2.S00
18,2,7,75.50263085018001,36.828652875037164,443.37801042795184,74.68587883953005,75.50263085018001,76,pp18_19-10-2012_c2.S00
18,2,8,80.52094851947413,31.41273906683103,397.01556793153287,80.64594907617817,80.52094851947413,81,pp18_19-10-2012_c2.S00
18,2,9,73.58278221509903,32.83265016353082,275.20761023759843,74.11890315587321,73.58278221509903,73,pp18_19-10-2012_c2.S00
18,2,10,79.33525066449779,31.942376967779087,262.2586589028438,79.74233962666139,79.33525066449779,80,pp18_19-10-2012_c2.S00
18,2,11,75.42073047689513,30.164186512700034,295.29789499640464,74.90567972138524,75.42073047689513,75,pp18_19-10-2012_c2.S00
18,2,12,78.61267731782007,26.736976095084678,276.3931818991899,78.51432621683925,78.61267731782007,78,pp18_19-10-2012_c2.S00
18,2,13,77.09863038578706,28.300999161658183,275.80977631807326,77.32924405100445,77.09863038578706,78,pp18_19-10-2012_c2.S00
18,2,14,81.5489522671843,23.025955628696828,283.4590704460939,81.21411975206186,81.5489522671843,81,pp18_19-10-2012_c2.S00
18,2,15,73.37031969150391,40.78121218855331,247.53355602820713,73.26623848080635,73.37031969150391,74,pp18_19-10-2012_c2.S00
18,2,16,74.26782734202337,34.01053712796873,223.95232074658077,76.57563981273827,74.26782734202337,76,pp18_19-10-2012_c2.S00
18,2,17,75.80253088581004,36.7624003927007,227.38035710950692,75.67767880037427,75.80253088581004,75,pp18_19-10-2012_c2.S00
18,2,18,71.1435488964525,38.207524808210586,202.69695490399997,70.92497851482283,71.1435488964525,71,pp18_19-10-2012_c2.S00
18,2,19,73.64487208958656,38.401068882613714,210.74039586782456,73.78333022035659,73.64487208958656,74,pp18_19-10-2012_c2.S00
18,2,20,76.46942903075248,30.933985133974915,217.72039205729962,75.3637271521613,76.46942903075248,76,pp18_19-10-2012_c2.S00
18,2,21,82.01135442011353,26.028067143377932,207.96873763700327,88.95110177658498,82.01135442011353,84,pp18_19-10-2012_c2.S00
18,2,22,74.63879782330133,39.18040812336657,203.85326756238936,74.96495843034216,74.63879782330133,75,pp18_19-10-2012_c2.S00
18,2,23,76.6769735126476,46.79783335978244,201.25311440825462,84.21492930362017,76.6769735126476,82,pp18_19-10-2012_c2.S00
18,2,24,68.48301849125346,46.467716737983174,211.64062134126823,67.6984785287641,68.48301849125346,68,pp18_19-10-2012_c2.S00
18,2,25,75.7527186644638,46.68670501468281,214.94313996036848,76.9927029437696,75.7527186644638,76,pp18_19-10-2012_c2.S00
18,2,26,75.69227270142719,39.456053898935984,214.96331742505234,75.9247197445482,75.69227270142719,76,pp18_19-10-2012_c2.S00
18,2,27,73.09874166549619,35.133796410707035,234.41745689213275,72.71550004482269,73.09874166549619,73,pp18_19-10-2012_c2.S00
18,2,28,84.88475535786495,46.50392949171685,224.6386765897274,87.36793892650554,84.88475535786495,85,pp18_19-10-2012_c2.S00
18,2,29,72.2172614815868,35.479341216181076,221.9082986265421,72.75754129632065,72.2172614815868,72,pp18_19-10-2012_c2.S00
18,2,30,86.2256756062914,47.090513768989524,226.0121013969183,86.96428133137525,86.2256756062914,86,pp18_19-10-2012_c2.S00
18,2,31,81.27521661485548,33.445923422407645,214.71162967781225,81.71810344842574,81.27521661485548,81,pp18_19-10-2012_c2.S00
18,2,32,76.0764468371467,39.820816497348055,211.98478297193844,76.39470164372275,76.0764468371467,76,pp18_19-10-2012_c2.S00
18,2,33,82.53476512293213,32.20348109567132,199.8315747797489,82.15492861295739,82.53476512293213,82,pp18_19-10-2012_c2.S00
18,2,34,77.67587641899544,28.708759637176307,215.61952370007833,77.44644132535905,77.67587641899544,78,pp18_19-10-2012_c2.S00
18,2,35,77.95884773662551,35.17403580911352,225.54885165691377,77.71427341320863,77.95884773662551,77,pp18_19-10-2012_c2.S00
18,2,36,71.2567276153888,48.156851861737564,224.0611966073513,71.44168901729087,71.2567276153888,71,pp18_19-10-2012_c2.S00
18,2,37,66.23198780518617,57.027861711614634,228.8429330021143,66.58242417977502,66.23198780518617,66,pp18_19-10-2012_c2.S00
18,2,38,75.99765984120351,59.388230877309994,210.04369586209455,74.57530684679901,75.99765984120351,77,pp18_19-10-2012_c2.S00
18,2,39,69.88358089120835,48.25507659201351,202.814098367095,69.7333907586212,69.88358089120835,70,pp18_19-10-2012_c2.S00
18,2,40,74.08292455674001,38.573267849769366,201.5727843662103,72.76992934787025,74.08292455674001,73,pp18_19-10-2012_c2.S00
18,2,41,80.9575052157681,30.082324711519714,202.17152724464734,78.87431817657355,80.9575052157681,80,pp18_19-10-2012_c2.S00
18,2,42,72.34685335271335,42.28362223254422,200.84410948355992,72.06240300629288,72.34685335271335,73,pp18_19-10-2012_c2.S00
18,2,43,76.87495307925226,38.10314865518288,193.08377205729485,77.0198347494627,76.87495307925226,76,pp18_19-10-2012_c2.S00
18,2,44,73.50875215661115,34.75448318923748,190.46153089900812,72.65569545645266,73.50875215661115,73,pp18_19-10-2012_c2.S00
18,2,45,70.33535353535353,44.84116162076917,190.48610824545224,70.59266646026323,70.33535353535353,70,pp18_19-10-2012_c2.S00
18,2,46,81.06142441309134,55.11029727891842,183.51579366624355,81.37399445443104,81.06142441309134,82,pp18_19-10-2012_c2.S00
18,2,47,73.94099420719385,86.29167363351381,180.73175215323766,75.20459985403964,73.94099420719385,73,pp18_19-10-2012_c2.S00
18,2,48,74.52116439319364,34.07252848070067,181.86778381566208,74.29007697310298,74.52116439319364,74,pp18_19-10-2012_c2.S00
18,2,49,74.92429118254802,37.80207683356639,181.51576190094153,74.64090236450235,74.92429118254802,75,pp18_19-10-2012_c2.S00
18,2,50,71.8176504967855,49.57293275802275,177.52230743169784,72.69846999024351,71.8176504967855,72,pp18_19-10-2012_c2.S00
18,2,51,74.5467174270466,40.211463735829696,190.7151388913393,74.49901196909747,74.5467174270466,76,pp18_19-10-2012_c2.S00
18,2,52,82.76123560470627,27.365866300035897,191.57225140631198,84.9246196862931,82.76123560470627,84,pp18_19-10-2012_c2.S00
18,2,53,77.24970363185687,31.909073972374102,192.47908043166,75.79709070666382,77.24970363185687,76,pp18_19-10-2012_c2.S00
18,3,1,68.94769413570314,70.64170380885801,275.89741053581236,73.12413917599866,68.94769413570314,70,pp18_19-10-2012_c3.S00
18,3,2,67.5284096484858,69.62670231912996,265.6007869670788,73.02696617168064,67.5284096484858,70,pp18_19-10-2012_c3.S00
18,3,3,68.33914758076749,69.74174796091977,259.8897623469432,69.08611042148745,68.33914758076749,70,pp18_19-10-2012_c3.S00
18,3,4,71.59706673103655,51.43411675453225,276.715223612388,71.56489021802942,71.59706673103655,71,pp18_19-10-2012_c3.S00
18,3,5,77.2095407382911,35.12974623066782,278.5463171184063,76.80913447191318,77.2095407382911,77,pp18_19-10-2012_c3.S00
18,3,6,76.31050825298252,40.328326605482935,261.9792551100254,76.02023498533914,76.31050825298252,77,pp18_19-10-2012_c3.S00
18,3,7,85.96914681498583,26.31436908962615,255.1834554096063,83.41685993808011,85.96914681498583,85,pp18_19-10-2012_c3.S00
18,3,8,89.69615864229448,47.146472243387336,277.40214931964874,88.90495408996249,89.69615864229448,89,pp18_19-10-2012_c3.S00
18,3,9,85.10677594366848,20.682586300701132,266.8297334651152,88.63183323815466,85.10677594366848,87,pp18_19-10-2012_c3.S00
18,3,10,82.66437875360735,28.699644141347346,241.6654904385408,83.28069554778436,82.66437875360735,83,pp18_19-10-2012_c3.S00
18,3,11,68.88689167905035,47.58675933814616,244.2979380230109,70.18664383565387,68.88689167905035,70,pp18_19-10-2012_c3.S00
18,3,12,73.61891016039868,37.94714563896812,238.45928200682005,73.28326275069267,73.61891016039868,73,pp18_19-10-2012_c3.S00
18,3,13,72.13072865861554,36.037255622445606,242.65794171690942,72.55973442513496,72.13072865861554,71,pp18_19-10-2012_c3.S00
18,3,14,73.47210714682292,40.80074405495786,237.3954781830311,73.81688570237408,73.47210714682292,75,pp18_19-10-2012_c3.S00
18,3,15,69.76359778116972,51.61158219692666,255.34809157252312,71.63873963430524,69.76359778116972,71,pp18_19-10-2012_c3.S00
18,3,16,80.14784215675617,48.71352979311291,248.03185865879058,84.7471061561567,80.14784215675617,81,pp18_19-10-2012_c3.S00
18,3,17,78.48970901348474,275.14263203450827,260.1671150078376,82.01536947262163,78.48970901348474,62,pp18_19-10-2012_c3.S00
18,3,18,92.38696991165796,73.64777406898288,271.4127722978592,81.99335592330122,92.38696991165796,71,pp18_19-10-2012_c3.S00
18,3,19,85.78583842074774,203.59061215088062,273.1298292617003,79.31006945228825,85.78583842074774,64,pp18_19-10-2012_c3.S00
18,3,20,82.11804941329088,110.83618374726828,279.0349305311839,87.49764043403168,82.11804941329088,76,pp18_19-10-2012_c3.S00
18,3,21,71.34573203325162,50.09369838422459,266.82096641361716,75.19419970680028,71.34573203325162,75,pp18_19-10-2012_c3.S00
18,3,22,72.12870978930799,46.36065658289716,258.65744433104993,71.27272743117064,72.12870978930799,72,pp18_19-10-2012_c3.S00
18,3,23,71.70210815001292,49.20880954665876,256.1252565900485,72.34055253273497,71.70210815001292,72,pp18_19-10-2012_c3.S00
18,3,24,70.78717407873513,43.08852927193436,242.8637446920077,71.93180348115662,70.78717407873513,71,pp18_19-10-2012_c3.S00
18,3,25,73.47020601243284,35.940256576222325,255.14247059921425,72.89799919631332,73.47020601243284,74,pp18_19-10-2012_c3.S00
18,3,26,82.59174620244657,49.92086570497664,230.4137021789948,82.93594494511684,82.59174620244657,82,pp18_19-10-2012_c3.S00
18,3,27,79.80072592698029,32.47090708478132,223.9972712546587,79.96455779516448,79.80072592698029,80,pp18_19-10-2012_c3.S00
18,3,28,72.5075277028141,47.5926291209964,233.17728729148706,74.08948972218981,72.5075277028141,72,pp18_19-10-2012_c3.S00
18,3,29,78.35164234573973,29.487322563403755,237.19668255945047,76.63311325976004,78.35164234573973,78,pp18_19-10-2012_c3.S00
18,3,30,77.65187168443283,35.634229033453124,240.0947356601556,78.07659603282809,77.65187168443283,79,pp18_19-10-2012_c3.S00
18,3,31,82.10981229335347,28.500078139545828,233.8146075516939,82.10449320269205,82.10981229335347,81,pp18_19-10-2012_c3.S00
18,3,32,74.44843174721537,43.77961178423191,223.49748911062878,76.16304866681536,74.44843174721537,74,pp18_19-10-2012_c3.S00
18,3,33,74.61581685366782,41.302534826358226,217.94920249481996,74.39613631268342,74.61581685366782,75,pp18_19-10-2012_c3.S00
18,3,34,75.06349588739374,47.87757099992821,214.77483957211177,75.76909959961971,75.06349588739374,74,pp18_19-10-2012_c3.S00
18,3,35,79.9458418688072,45.248907601640084,211.09368086357912,79.03298907194775,79.9458418688072,82,pp18_19-10-2012_c3.S00
18,3,36,76.20923623774657,38.6345278121884,216.2882239451011,75.36780434257041,76.20923623774657,75,pp18_19-10-2012_c3.S00
18,3,37,76.34428546988538,38.092611197084985,219.39599779546262,78.19606262886276,76.34428546988538,77,pp18_19-10-2012_c3.S00
19,1,1,107.27193365342644,39.00846999548909,87.16571789489439,91.61970247371192,107.27193365342644,38,pp19_19-10-2012_c1.S00
19,1,2,57.51462672595366,686.0571413795291,89.31042894124985,63.366491285826065,57.51462672595366,30,pp19_19-10-2012_c1.S00
19,1,3,68.34441295653787,574.801443896408,91.5233139504989,64.15099305063411,68.34441295653787,36,pp19_19-10-2012_c1.S00
19,1,4,39.64126717852764,112.44657095450928,94.92643241286278,37.81910534348751,39.64126717852764,24,pp19_19-10-2012_c1.S00
19,1,5,51.15736885928393,869.8229633723539,102.54299601614476,56.17227612356394,51.15736885928393,27,pp19_19-10-2012_c1.S00
19,1,6,61.81413820492455,751.6712888080729,98.82029650807381,80.35111609281601,61.81413820492455,33,pp19_19-10-2012_c1.S00
19,1,7,79.93169898768143,151.44592206319163,89.66106136838594,80.21268523838265,79.93169898768143,31,pp19_19-10-2012_c1.S00
19,1,8,,,94.35997137824694,,,4,pp19_19-10-2012_c1.S00
19,1,9,,,95.14913295209408,,,2,pp19_19-10-2012_c1.S00
19,1,10,70.01709401709402,535.4493167090235,92.21520631164313,90.41471886595795,70.01709401709402,5,pp19_19-10-2012_c1.S00
19,1,11,66.28965733112449,,96.1295397500197,66.28965733112449,,9,pp19_19-10-2012_c1.S00
19,1,12,83.85071649782164,322.6869594037822,101.38018287320932,77.39463473267693,83.85071649782164,56,pp19_19-10-2012_c1.S00
19,1,13,79.04792537793503,393.075778477225,105.87309403171142,75.58694112972628,79.04792537793503,49,pp19_19-10-2012_c1.S00
19,1,14,86.6078201040443,235.1497814011171,108.58884932547808,70.17144672511553,86.6078201040443,46,pp19_19-10-2012_c1.S00
19,1,15,76.72176399066741,35.63561175502144,104.91282013654708,62.900289708390794,76.72176399066741,43,pp19_19-10-2012_c1.S00
19,1,16,71.77023286523274,471.1474404866587,96.6866949275136,66.15348322467075,71.77023286523274,43,pp19_19-10-2012_c1.S00
19,1,17,81.26267524909619,240.3228277927728,96.62020047307014,55.48343451364222,81.26267524909619,35,pp19_19-10-2012_c1.S00
19,1,18,62.99384825700615,564.189704225561,101.12196666399637,64.30194296846928,62.99384825700615,30,pp19_19-10-2012_c1.S00
19,1,19,80.86490551847325,29.87338416496947,101.5497811600566,60.79923883642204,80.86490551847325,40,pp19_19-10-2012_c1.S00
19,1,20,56.43230476523717,650.5075802049845,106.03803795625767,62.00723374674095,56.43230476523717,35,pp19_19-10-2012_c1.S00
19,1,21,67.76304502340629,608.9971789371439,109.842999967436,81.79489977506691,67.76304502340629,54,pp19_19-10-2012_c1.S00
19,1,22,77.23565737990855,441.0369138081649,111.15276060948769,76.3754519918853,77.23565737990855,56,pp19_19-10-2012_c1.S00
19,1,23,73.52702612858188,376.445819640855,110.01755467951298,74.26812513135879,73.52702612858188,47,pp19_19-10-2012_c1.S00
19,1,24,79.78875373360461,383.9424960884163,112.3426656300823,73.13700366024916,79.78875373360461,38,pp19_19-10-2012_c1.S00
19,1,25,63.090446069169474,630.0600812787548,114.71800091564656,57.50972102083667,63.090446069169474,41,pp19_19-10-2012_c1.S00
19,1,26,70.6775566547797,488.0477700422868,115.3426534290115,66.13664740656172,70.6775566547797,35,pp19_19-10-2012_c1.S00
19,1,27,80.84382096394236,287.9276025869378,116.22584669838349,62.377290010168764,80.84382096394236,47,pp19_19-10-2012_c1.S00
19,1,28,88.09865213650703,312.1040697088503,118.69858251065016,72.04772494815931,88.09865213650703,14,pp19_19-10-2012_c1.S00
19,1,29,,,123.24725100646417,,,0,pp19_19-10-2012_c1.S00
19,1,30,,,128.69825263718764,,,0,pp19_19-10-2012_c1.S00
19,1,31,,,138.73551308314006,,,3,pp19_19-10-2012_c1.S00
19,1,32,,,146.12870094676813,,,1,pp19_19-10-2012_c1.S00
19,1,33,,,146.31445535918076,,,0,pp19_19-10-2012_c1.S00
19,1,34,,,151.39871087570984,,,0,pp19_19-10-2012_c1.S00
19,1,35,,,149.36215892136096,,,0,pp19_19-10-2012_c1.S00
19,1,36,,,136.76263811588288,,,1,pp19_19-10-2012_c1.S00
19,1,37,,,126.80289586037398,,,1,pp19_19-10-2012_c1.S00
19,1,38,,,131.89843953847884,,,9,pp19_19-10-2012_c1.S00
19,1,39,110.95975232198144,17.01994634563806,141.4034943630298,68.570459044675,110.95975232198144,22,pp19_19-10-2012_c1.S00
19,1,40,80.10430247718384,59.326171875,147.49913737575213,45.40070775233964,80.10430247718384,15,pp19_19-10-2012_c1.S00
19,1,41,85.31852109008852,137.6111856736319,156.3089965770642,69.44178519084505,85.31852109008852,19,pp19_19-10-2012_c1.S00
19,1,42,107.47521865889213,23.863419205639456,162.32328001757463,69.45782644846543,107.47521865889213,15,pp19_19-10-2012_c1.S00
19,1,43,,,146.1135955264171,,,4,pp19_19-10-2012_c1.S00
19,1,44,50.77383062634024,,122.98530555615822,50.77383062634024,,7,pp19_19-10-2012_c1.S00
19,1,45,59.56085502399302,737.350603909658,134.63432816565037,62.096438101197066,59.56085502399302,21,pp19_19-10-2012_c1.S00
19,1,46,106.10739231742829,,149.7039480060339,106.10739231742829,,6,pp19_19-10-2012_c1.S00
19,1,47,110.76257436452136,39.00752968115479,158.92186666528383,89.54361893679116,110.76257436452136,20,pp19_19-10-2012_c1.S00
19,1,48,75.07610572453181,393.4861976993976,161.07242750724157,72.33434963070341,75.07610572453181,30,pp19_19-10-2012_c1.S00
19,2,1,73.55963017981065,37.68462679227574,131.32163801503677,61.88733525346562,73.55963017981065,50,pp19_19-10-2012_c2.S00
19,2,2,76.13382899628253,53.70252625526637,130.19429445018372,63.96020944752805,76.13382899628253,40,pp19_19-10-2012_c2.S00
19,2,3,77.63410451577965,43.31717972568398,131.9232827057441,61.50282572025123,77.63410451577965,45,pp19_19-10-2012_c2.S00
19,2,4,77.2899631593135,73.64236131113016,134.2647286420067,66.15348685571938,77.2899631593135,35,pp19_19-10-2012_c2.S00
19,2,5,77.06109515793644,32.98238543612857,126.13959976087014,60.722735511047134,77.06109515793644,43,pp19_19-10-2012_c2.S00
19,2,6,79.44695877057741,41.44785967593874,130.16681116422018,53.69531985977527,79.44695877057741,36,pp19_19-10-2012_c2.S00
19,2,7,72.3152234973116,41.22353105014063,135.74243984619775,61.461629087356435,72.3152234973116,42,pp19_19-10-2012_c2.S00
19,2,8,73.76635850642334,49.696961627654346,137.99283684094746,62.19447730487636,73.76635850642334,47,pp19_19-10-2012_c2.S00
19,2,9,89.93138779617601,51.421437374186375,123.0938936928908,52.6919761994077,89.93138779617601,19,pp19_19-10-2012_c2.S00
19,2,10,76.34808669273784,48.63425869304297,119.2419053837657,63.299695757369285,76.34808669273784,37,pp19_19-10-2012_c2.S00
19,2,11,75.17895380850413,39.63909571545493,121.66190064549446,61.807926019718,75.17895380850413,18,pp19_19-10-2012_c2.S00
19,2,12,71.54353732695044,33.19100551446366,128.4661684413751,69.6435278038137,71.54353732695044,22,pp19_19-10-2012_c2.S00
19,2,13,77.1213389121339,44.369468302850464,135.23275802830855,67.91737477773438,77.1213389121339,48,pp19_19-10-2012_c2.S00
19,2,14,77.07296675726532,18.785642624800726,142.93994942605497,68.53983863045772,77.07296675726532,57,pp19_19-10-2012_c2.S00
19,2,15,74.85970256226483,41.86908509342016,155.19748861889045,71.79664882636771,74.85970256226483,65,pp19_19-10-2012_c2.S00
19,2,16,77.9234514558411,45.30285019243071,158.07978535393875,72.75008734479476,77.9234514558411,70,pp19_19-10-2012_c2.S00
19,2,17,78.13179190751445,46.71231212053426,156.73291088143984,72.55086858945532,78.13179190751445,61,pp19_19-10-2012_c2.S00
19,2,18,74.28553247001177,36.65697144557618,158.48066731989383,67.47133772893918,74.28553247001177,60,pp19_19-10-2012_c2.S00
19,2,19,76.8192048012003,43.56944971120193,157.15403358836969,66.74740265347265,76.8192048012003,52,pp19_19-10-2012_c2.S00
19,2,20,78.43612862044203,51.141798970001254,150.9817949096362,62.42547717631765,78.43612862044203,35,pp19_19-10-2012_c2.S00
19,2,21,75.95902507947721,34.98913641770361,156.13964092532794,51.01284893969706,75.95902507947721,24,pp19_19-10-2012_c2.S00
19,2,22,81.59362549800797,67.64031931125942,159.59183435241383,51.3812275694662,81.59362549800797,29,pp19_19-10-2012_c2.S00
19,2,23,36.08929098945724,,164.28230189184347,36.08929098945724,,7,pp19_19-10-2012_c2.S00
19,2,24,73.92760453223704,36.537665385479805,161.95313792030018,39.80938579172842,73.92760453223704,25,pp19_19-10-2012_c2.S00
19,2,25,76.37516315495058,50.906296360220345,144.4344927420219,59.70747496186215,76.37516315495058,24,pp19_19-10-2012_c2.S00
19,2,26,76.60847880299252,78.67353511448998,130.0111032103499,72.96267776496441,76.60847880299252,10,pp19_19-10-2012_c2.S00
19,2,27,74.61268357811409,,140.19739542007446,74.61268357811409,,4,pp19_19-10-2012_c2.S00
19,2,28,40.7103100980652,114.53136074586435,151.48458269635836,44.352137317536496,40.7103100980652,15,pp19_19-10-2012_c2.S00
19,2,29,72.1762114537445,48.32455171632722,160.4806437522173,47.69057124679648,72.1762114537445,20,pp19_19-10-2012_c2.S00
19,2,30,75.5100368701352,9.328600182882226,169.22656152248382,44.880318534468955,75.5100368701352,20,pp19_19-10-2012_c2.S00
19,2,31,55.424121373183986,,177.6492103368044,55.424121373183986,,6,pp19_19-10-2012_c2.S00
19,2,32,,,186.71323546071847,,,3,pp19_19-10-2012_c2.S00
19,2,33,,,192.91741750439007,,,1,pp19_19-10-2012_c2.S00
19,2,34,,,198.73023690780005,,,8,pp19_19-10-2012_c2.S00
19,2,35,,,203.5532536973556,,,7,pp19_19-10-2012_c2.S00
19,2,36,66.93327015997745,,200.47126717865467,66.93327015997745,,12,pp19_19-10-2012_c2.S00
19,2,37,,,200.87058737079303,,,13,pp19_19-10-2012_c2.S00
19,2,38,,,187.46079688370227,,,8,pp19_19-10-2012_c2.S00
19,2,39,59.79296066031565,,195.48979742328325,59.79296066031565,,12,pp19_19-10-2012_c2.S00
19,2,40,,,184.62701686024667,,,2,pp19_19-10-2012_c2.S00
19,2,41,,,178.1808991342783,,,2,pp19_19-10-2012_c2.S00
19,2,42,,,182.47145465115707,,,3,pp19_19-10-2012_c2.S00
19,2,43,,,181.6454720934232,,,2,pp19_19-10-2012_c2.S00
19,2,44,80.25605108482623,,177.77050128479797,80.25605108482623,,8,pp19_19-10-2012_c2.S00
19,2,45,,,182.04945519665878,,,8,pp19_19-10-2012_c2.S00
19,2,46,,,175.8148878246546,,,7,pp19_19-10-2012_c2.S00
19,2,47,,,167.58643247683844,,,8,pp19_19-10-2012_c2.S00
19,2,48,79.31579796675811,17.519251815172115,168.5320953945319,56.68234744318631,79.31579796675811,16,pp19_19-10-2012_c2.S00
19,2,49,90.73992024811696,38.83831542859204,158.19943265914918,,90.73992024811696,12,pp19_19-10-2012_c2.S00
19,2,50,75.119207727106,66.36933940242513,156.5445305367311,48.314311076130856,75.119207727106,25,pp19_19-10-2012_c2.S00
19,2,51,44.03782698051152,,159.65721555848916,44.03782698051152,,12,pp19_19-10-2012_c2.S00
19,2,52,69.8049611815944,51.072678260109335,154.02676578362784,56.66207895280234,69.8049611815944,17,pp19_19-10-2012_c2.S00
19,2,53,72.43147656940761,54.4515697634791,153.57700775365035,52.73917072258655,72.43147656940761,20,pp19_19-10-2012_c2.S00
19,2,54,72.58693340684441,17.74397823494271,155.9918626099825,54.660959836647955,72.58693340684441,34,pp19_19-10-2012_c2.S00
19,2,55,71.50421879546116,25.24151176572187,151.37310074865817,55.7931194201696,71.50421879546116,25,pp19_19-10-2012_c2.S00
19,3,1,74.00477786923092,29.269642066221763,132.95092937437195,65.65633472050227,74.00477786923092,56,pp19_19-10-2012_c3.S00
19,3,2,72.34027244035256,37.11607449511649,136.7248679260413,64.89033389532318,72.34027244035256,54,pp19_19-10-2012_c3.S00
19,3,3,73.47860497018942,42.46192668304832,138.07056377430757,66.25485220955063,73.47860497018942,54,pp19_19-10-2012_c3.S00
19,3,4,70.22022946063564,37.712618873878554,142.22019119461376,68.45765384285026,70.22022946063564,68,pp19_19-10-2012_c3.S00
19,3,5,72.02109993162058,30.153223053388455,141.13711137572923,68.47776018900825,72.02109993162058,65,pp19_19-10-2012_c3.S00
19,3,6,70.86432212553422,41.97592551462556,142.95001046260197,67.94055373114622,70.86432212553422,66,pp19_19-10-2012_c3.S00
19,3,7,73.21826143704307,41.5435890847881,154.86206302543482,72.91210132295505,73.21826143704307,72,pp19_19-10-2012_c3.S00
19,3,8,75.1614797416324,52.733498448520905,156.3246603667736,70.44273282522278,75.1614797416324,64,pp19_19-10-2012_c3.S00
19,3,9,79.34396590688965,90.70838220069608,134.1621097912391,80.98204567598373,79.34396590688965,22,pp19_19-10-2012_c3.S00
19,3,10,85.34245111657229,61.23810659143049,126.31259250988563,62.51871862647055,85.34245111657229,29,pp19_19-10-2012_c3.S00
19,3,11,72.631918323482,30.67556760677864,131.32850170681874,54.63934545675703,72.631918323482,26,pp19_19-10-2012_c3.S00
19,3,12,76.77867259094697,23.653938372004603,127.19183929065863,59.461627159122855,76.77867259094697,27,pp19_19-10-2012_c3.S00
19,3,13,73.41378898315212,33.17708508997044,135.7716263592243,61.76585187245993,73.41378898315212,15,pp19_19-10-2012_c3.S00
19,3,14,94.52307692307693,92.51609043699422,136.60988701532284,61.03257855087808,94.52307692307693,15,pp19_19-10-2012_c3.S00
19,3,15,63.88769740690193,491.10336794342095,147.9290897021691,58.58708553001956,63.88769740690193,31,pp19_19-10-2012_c3.S00
19,3,16,114.30697674418604,35.93984402738227,155.45923786362013,42.13891457075897,114.30697674418604,15,pp19_19-10-2012_c3.S00
19,3,17,60.42783378411605,609.7493029369814,144.6576754366358,65.3001784820504,60.42783378411605,28,pp19_19-10-2012_c3.S00
19,3,18,107.69500438212094,10.841603179284432,130.3655646632115,60.30129736549732,107.69500438212094,19,pp19_19-10-2012_c3.S00
19,3,19,48.97568752491032,258.278812274633,133.19330682853857,62.3232325349511,48.97568752491032,17,pp19_19-10-2012_c3.S00
19,3,20,,,144.53566514949003,,,9,pp19_19-10-2012_c3.S00
19,3,21,98.08607142542877,,151.49775802095732,98.08607142542877,,7,pp19_19-10-2012_c3.S00
19,3,22,45.68740922087735,,156.85692853828272,45.68740922087735,,13,pp19_19-10-2012_c3.S00
19,3,23,80.83146954348112,592.1844623256266,153.17775751849015,68.05341379864994,80.83146954348112,15,pp19_19-10-2012_c3.S00
19,3,24,70.84053960567279,45.138293857402026,160.94960875511168,42.90775956561202,70.84053960567279,17,pp19_19-10-2012_c3.S00
19,3,25,50.623455094754185,282.97257082216913,158.615599189202,41.08632354562364,50.623455094754185,12,pp19_19-10-2012_c3.S00
19,3,26,,,158.50223018725714,,,10,pp19_19-10-2012_c3.S00
19,3,27,109.43093775046754,62.49724488013823,159.75003901720046,55.2143485636581,109.43093775046754,28,pp19_19-10-2012_c3.S00
19,3,28,61.143019618993456,429.4928369868469,162.385611697038,49.112615221054924,61.143019618993456,19,pp19_19-10-2012_c3.S00
19,3,29,77.7184912603496,342.0599307933196,166.43772638638814,71.62610203176777,77.7184912603496,38,pp19_19-10-2012_c3.S00
19,3,30,100.20503261882573,199.3022070709383,170.4336820969979,70.91923357817807,100.20503261882573,40,pp19_19-10-2012_c3.S00
19,3,31,107.75796550716166,118.23869350325815,171.95840217967827,95.53804975648445,107.75796550716166,49,pp19_19-10-2012_c3.S00
19,3,32,110.29332567407462,50.42927366323792,165.38048073450724,75.21799470947886,110.29332567407462,48,pp19_19-10-2012_c3.S00
1,1,1,87.22316865417376,97.23349955452318,80.23974238913506,89.50737157687544,87.22316865417376,83,pp1_18-9-2012_c1.S00
1,1,2,63.359387148785025,86.85504254729017,77.36512943257888,73.0359568502754,63.359387148785025,65,pp1_18-9-2012_c1.S00
1,1,3,60.7630779908042,44.07817797416896,77.35956609547138,60.65653852786248,60.7630779908042,61,pp1_18-9-2012_c1.S00
1,1,4,61.47289339032289,44.34194650134563,76.72876677115758,63.7841906649371,61.47289339032289,63,pp1_18-9-2012_c1.S00
1,1,5,60.27750525578136,49.20376636273564,76.5128726631403,60.334864273481074,60.27750525578136,60,pp1_18-9-2012_c1.S00
1,1,6,59.806732505044074,49.65691123184095,76.87386822203796,61.18688803501427,59.806732505044074,61,pp1_18-9-2012_c1.S00
1,1,7,65.98864828691579,34.38343898182508,76.55299133459727,65.4705261998189,65.98864828691579,66,pp1_18-9-2012_c1.S00
1,1,8,62.12503949803638,40.138219962663136,74.94552046507597,62.72278190298627,62.12503949803638,62,pp1_18-9-2012_c1.S00
1,1,9,65.44704831283073,40.22104666993202,73.03290353814761,64.65457976330072,65.44704831283073,67,pp1_18-9-2012_c1.S00
1,1,10,78.29074151654797,24.912115436245667,69.2659890939792,78.18515398055315,78.29074151654797,78,pp1_18-9-2012_c1.S00
1,1,11,70.54782666577914,45.587779808302464,68.21286757638057,71.51386421956121,70.54782666577914,70,pp1_18-9-2012_c1.S00
1,1,12,71.24347746483171,37.60337432239921,67.14529078006744,69.42525240654747,71.24347746483171,70,pp1_18-9-2012_c1.S00
1,1,13,73.27185689090452,40.28394293828231,67.24839015305042,73.45617603144298,73.27185689090452,74,pp1_18-9-2012_c1.S00
1,1,14,64.67425152852218,60.90564914965676,65.99841795365016,64.85538462245216,64.67425152852218,64,pp1_18-9-2012_c1.S00
1,1,15,65.45730330991893,35.360452119666164,66.27938205227255,67.09998695089793,65.45730330991893,66,pp1_18-9-2012_c1.S00
1,1,16,71.48459200144207,43.53201139611809,67.7025372693936,71.20205096006393,71.48459200144207,72,pp1_18-9-2012_c1.S00
1,1,17,68.56298873398922,52.466374184236344,66.21769473850728,68.52614995402594,68.56298873398922,69,pp1_18-9-2012_c1.S00
1,1,18,68.52226559388194,45.63789013647918,67.62547427316507,67.71242178498457,68.52226559388194,67,pp1_18-9-2012_c1.S00
1,1,19,65.92164160337977,51.83825278486959,66.7311632613341,66.15416040734077,65.92164160337977,66,pp1_18-9-2012_c1.S00
1,1,20,65.82433215659412,34.99600660158043,67.26707977180679,66.57405101212983,65.82433215659412,67,pp1_18-9-2012_c1.S00
1,1,21,69.01819815771736,34.63770660440645,68.16447790414095,69.22484108700107,69.01819815771736,69,pp1_18-9-2012_c1.S00
1,1,22,65.51683808606515,38.39012939509509,68.17343391080698,65.1060154770501,65.51683808606515,65,pp1_18-9-2012_c1.S00
1,1,23,65.30931792297633,52.270524181480596,67.38318532655636,65.3548904307497,65.30931792297633,65,pp1_18-9-2012_c1.S00
1,1,24,67.18967371817857,42.0887391549517,65.2516217686236,66.06474182819947,67.18967371817857,66,pp1_18-9-2012_c1.S00
1,1,25,66.89565417102611,48.81463727405675,64.25347128237287,66.63455687230453,66.89565417102611,67,pp1_18-9-2012_c1.S00
1,1,26,69.86823564312378,46.795984128781036,63.69761825924118,69.93472067328791,69.86823564312378,70,pp1_18-9-2012_c1.S00
1,1,27,68.4146680951216,30.7021611335482,63.47577161490917,68.40407409487914,68.4146680951216,68,pp1_18-9-2012_c1.S00
1,1,28,67.89062242306296,46.41112639112594,64.19990933984518,67.56462955151996,67.89062242306296,68,pp1_18-9-2012_c1.S00
1,1,29,69.2696332311595,39.63790229807494,63.23820709263285,68.925084084707,69.2696332311595,69,pp1_18-9-2012_c1.S00
1,1,30,66.47744727715359,27.902186799572576,63.79337003280719,66.98897288603088,66.47744727715359,67,pp1_18-9-2012_c1.S00
1,1,31,69.42254027494822,33.201246942078306,63.15839451874296,69.44177956214796,69.42254027494822,69,pp1_18-9-2012_c1.S00
1,1,32,70.79930860050196,28.858776518123793,62.13289078225692,69.63912640285368,70.79930860050196,69,pp1_18-9-2012_c1.S00
1,1,33,68.61640460193934,34.46203941733631,63.43925543501973,67.75513081407796,68.61640460193934,68,pp1_18-9-2012_c1.S00
1,1,34,66.7257021603649,45.737939599888826,62.75452638839682,67.1334506418556,66.7257021603649,67,pp1_18-9-2012_c1.S00
1,1,35,65.77193027893605,52.75905010995041,61.584864147752526,65.25784474561611,65.77193027893605,65,pp1_18-9-2012_c1.S00
1,1,36,66.78846322433594,48.786122751816805,62.913531823952994,67.27227235299846,66.78846322433594,67,pp1_18-9-2012_c1.S00
1,1,37,71.09964429689353,33.9722359561,63.20580477938056,68.92125903029616,71.09964429689353,68,pp1_18-9-2012_c1.S00
1,1,38,69.93566267445314,40.94589674867724,62.136699159195025,69.95700043402613,69.93566267445314,70,pp1_18-9-2012_c1.S00
1,1,39,69.1665196461426,42.04351341021902,61.53647290368875,68.81690493379686,69.1665196461426,70,pp1_18-9-2012_c1.S00
1,1,40,71.159052014728,36.917499176142925,61.69851156398654,72.0681635086735,71.159052014728,72,pp1_18-9-2012_c1.S00
1,1,41,72.30067347382142,32.22644690290584,61.12033808181683,71.6864212943862,72.30067347382142,71,pp1_18-9-2012_c1.S00
1,1,42,69.7767607424358,54.49454214528217,59.23522364770373,69.9945620107154,69.7767607424358,69,pp1_18-9-2012_c1.S00
1,1,43,67.72777803727405,38.83686009500504,59.765646449724834,67.21787712446725,67.72777803727405,67,pp1_18-9-2012_c1.S00
1,1,44,66.14713165326421,57.944901385577666,58.93714283530911,66.65589617630467,66.14713165326421,66,pp1_18-9-2012_c1.S00
1,1,45,66.34486416852954,54.71252336015075,59.53809337541461,65.55260734095549,66.34486416852954,66,pp1_18-9-2012_c1.S00
1,1,46,67.46433656235169,28.490135682740362,59.609236576904856,68.12611910508325,67.46433656235169,68,pp1_18-9-2012_c1.S00
1,1,47,66.62302455872607,36.24338430918402,57.97458893259366,75.50478652852277,66.62302455872607,72,pp1_18-9-2012_c1.S00
1,1,48,65.6279532904861,25.514417249394285,59.749956240753335,64.66417770506814,65.6279532904861,65,pp1_18-9-2012_c1.S00
1,1,49,66.85293085293085,32.33148254122704,60.19522997140884,66.4891555680583,66.85293085293085,67,pp1_18-9-2012_c1.S00
1,1,50,64.84807005681397,37.163232459366135,59.18043210382263,65.59574361102035,64.84807005681397,65,pp1_18-9-2012_c1.S00
1,1,51,63.8149046855833,37.86322047163928,59.40589212526878,63.9372432298027,63.8149046855833,64,pp1_18-9-2012_c1.S00
1,1,52,64.35860187957665,40.34450463884384,60.155475029349326,63.99292097908134,64.35860187957665,64,pp1_18-9-2012_c1.S00
1,1,53,65.01128668171557,40.375900003102885,59.43984151308735,64.5087583828407,65.01128668171557,64,pp1_18-9-2012_c1.S00
1,1,54,65.9884925201381,42.5997948563863,58.501673531035586,65.79917035869633,65.9884925201381,65,pp1_18-9-2012_c1.S00
1,1,55,68.58637921561446,40.84475818062011,58.272459260374305,76.70020950874314,68.58637921561446,70,pp1_18-9-2012_c1.S00
1,1,56,66.22116835524898,45.26938031589692,58.325517031550405,65.93723294492811,66.22116835524898,65,pp1_18-9-2012_c1.S00
1,1,57,65.92927658731469,43.69349918459916,57.96502123301228,66.90340092526749,65.92927658731469,66,pp1_18-9-2012_c1.S00
1,1,58,67.83536772373184,30.24999244586115,54.280981964617965,67.28341694461803,67.83536772373184,68,pp1_18-9-2012_c1.S00
1,2,1,68.2172338884866,342.26494023653333,59.075877228348205,73.33944288476681,68.2172338884866,56,pp1_18-9-2012_c2.S00
1,2,2,77.98303813534875,445.8646677744955,62.68664149617155,75.81274978301177,77.98303813534875,57,pp1_18-9-2012_c2.S00
1,2,3,72.9302552084126,443.05178583622546,67.41075368573269,74.55212409685676,72.9302552084126,52,pp1_18-9-2012_c2.S00
1,2,4,110.4852944656082,137.72937659681602,68.4560468668739,80.88643896312763,110.4852944656082,63,pp1_18-9-2012_c2.S00
1,2,5,83.26856795691135,457.0339086686638,61.924615738540886,89.56038310276344,83.26856795691135,68,pp1_18-9-2012_c2.S00
1,2,6,68.10863682305761,206.61380932753258,62.553634482622144,67.75098765635242,68.10863682305761,61,pp1_18-9-2012_c2.S00
1,2,7,67.79107809553135,277.4965209611932,66.04826109980543,64.07352447323501,67.79107809553135,55,pp1_18-9-2012_c2.S00
1,2,8,64.1202254226675,89.73783432666983,63.804146168132625,63.62855616221204,64.1202254226675,63,pp1_18-9-2012_c2.S00
1,2,9,62.81028979157539,39.25688380318006,64.36632929220795,62.97579690863689,62.81028979157539,62,pp1_18-9-2012_c2.S00
1,2,10,65.36626203432398,44.60006661288956,62.71642503713568,64.23632159583892,65.36626203432398,65,pp1_18-9-2012_c2.S00
1,2,11,63.77548176269883,33.463720307128774,62.36785150294502,64.49463125169277,63.77548176269883,64,pp1_18-9-2012_c2.S00
1,2,12,63.153025825517155,57.579196765291364,62.417152825246255,64.25578198271494,63.153025825517155,64,pp1_18-9-2012_c2.S00
1,2,13,63.011676488142776,40.8901657294434,60.43104652613401,63.36862226057177,63.011676488142776,63,pp1_18-9-2012_c2.S00
1,2,14,68.04614674665436,25.181946745983787,60.43057885592182,67.69319659071043,68.04614674665436,68,pp1_18-9-2012_c2.S00
1,2,15,65.49774100208133,21.939291284302588,61.10581682001551,65.41106849309678,65.49774100208133,66,pp1_18-9-2012_c2.S00
1,2,16,63.38672448765475,52.22512161407716,60.56950527181228,64.70959460753947,63.38672448765475,64,pp1_18-9-2012_c2.S00
1,2,17,64.8571617074619,36.08617468889727,60.986368442575134,64.7365824926955,64.8571617074619,65,pp1_18-9-2012_c2.S00
1,2,18,62.688266356394884,38.79932577856407,62.11082719042897,64.01250056621308,62.688266356394884,64,pp1_18-9-2012_c2.S00
1,2,19,64.34649862430106,54.51404141326248,60.18122292930881,64.34126029557859,64.34649862430106,64,pp1_18-9-2012_c2.S00
1,2,20,62.052003089292434,30.64928609940728,60.79969962313771,61.84897010785838,62.052003089292434,62,pp1_18-9-2012_c2.S00
1,2,21,62.08398986093033,37.75160993343201,61.29405046949784,62.18652866228173,62.08398986093033,62,pp1_18-9-2012_c2.S00
1,2,22,64.11464945997183,41.307447230853626,62.0202862923344,64.11002228877818,64.11464945997183,64,pp1_18-9-2012_c2.S00
1,2,23,62.53770122947527,33.047930472903595,63.408369870483874,62.15417158467074,62.53770122947527,62,pp1_18-9-2012_c2.S00
1,2,24,64.65484680215351,47.40847261222319,63.676883372912805,65.19496912065273,64.65484680215351,65,pp1_18-9-2012_c2.S00
1,2,25,61.235345031080335,43.302159012470185,63.85625893697143,70.79927879826477,61.235345031080335,63,pp1_18-9-2012_c2.S00
1,2,26,62.75791624106231,44.26254966561934,63.627735174198946,64.02529073068872,62.75791624106231,63,pp1_18-9-2012_c2.S00
1,2,27,63.19229115556792,31.311673659171596,64.1648264311254,63.23849231622492,63.19229115556792,63,pp1_18-9-2012_c2.S00
1,2,28,65.16564193500274,44.97445493229307,63.17571952889363,64.41241948508348,65.16564193500274,65,pp1_18-9-2012_c2.S00
1,2,29,69.05803796805198,33.711287900993874,59.996921692788604,69.35451305679356,69.05803796805198,70,pp1_18-9-2012_c2.S00
1,2,30,63.482998309224115,44.65472754846931,61.98563473895192,64.47579739478728,63.482998309224115,64,pp1_18-9-2012_c2.S00
1,2,31,58.164538164538165,31.02227204630633,64.47756340503693,58.97836352835099,58.164538164538165,58,pp1_18-9-2012_c2.S00
1,2,32,65.45636142693057,55.342644718338704,64.55932681187987,64.9181910095426,65.45636142693057,66,pp1_18-9-2012_c2.S00
1,2,33,68.75180586059174,31.580363614003726,65.10327749003967,68.62200292050838,68.75180586059174,68,pp1_18-9-2012_c2.S00
1,2,34,65.06195718079883,51.598683910817385,63.516811572015285,65.79190206356968,65.06195718079883,66,pp1_18-9-2012_c2.S00
1,2,35,72.72629815745393,225.2699308759383,61.36857039729754,71.19952131385604,72.72629815745393,63,pp1_18-9-2012_c2.S00
1,3,1,59.10482220628619,76.8259626169049,71.15027646652112,58.22309249487395,59.10482220628619,59,pp1_18-9-2014_c3.S00
1,3,2,68.15937875566239,63.64627913498687,70.31830336824059,66.70771566092347,68.15937875566239,65,pp1_18-9-2014_c3.S00
1,3,3,56.015062927361015,66.86442765974844,71.15793686509133,56.42986577898264,56.015062927361015,56,pp1_18-9-2014_c3.S00
1,3,4,52.32368752550432,60.66029332340808,72.16434950828553,52.63726623725767,52.32368752550432,52,pp1_18-9-2014_c3.S00
1,3,5,51.822978356842896,47.01653825281714,72.97868427286545,51.714638478060564,51.822978356842896,52,pp1_18-9-2014_c3.S00
1,3,6,55.966988221791055,46.70539326021395,74.31029292345048,56.272273077691594,55.966988221791055,56,pp1_18-9-2014_c3.S00
1,3,7,54.90520413527247,34.714221456424504,76.83322703043619,54.74470917476962,54.90520413527247,55,pp1_18-9-2014_c3.S00
1,3,8,55.569122235788896,40.04775048457853,77.64853415191173,56.497282561380416,55.569122235788896,56,pp1_18-9-2014_c3.S00
1,3,9,56.84572824337078,37.121435842159684,77.89749564876159,56.634277945322296,56.84572824337078,57,pp1_18-9-2014_c3.S00
1,3,10,60.71766910887715,52.896331492710196,74.76717501084009,59.821161775259924,60.71766910887715,60,pp1_18-9-2014_c3.S00
1,3,11,60.89644286186263,44.16281180275905,70.14456689159076,61.35774921765551,60.89644286186263,61,pp1_18-9-2014_c3.S00
1,3,12,61.301758279797596,59.3738756575289,70.33576461970806,62.35345229183634,61.301758279797596,59,pp1_18-9-2014_c3.S00
1,3,13,58.8291373083688,35.68976332418117,70.61442779898644,61.21400623666123,58.8291373083688,60,pp1_18-9-2014_c3.S00
1,3,14,58.29560637453285,40.17461146665496,71.67386553933223,60.339596034555385,58.29560637453285,60,pp1_18-9-2014_c3.S00
1,3,15,58.07996638890833,36.44661659413656,70.78790390441814,58.631817719247195,58.07996638890833,58,pp1_18-9-2014_c3.S00
1,3,16,58.72252160650737,40.87492699877166,68.07621813938022,58.97535794880241,58.72252160650737,58,pp1_18-9-2014_c3.S00
1,3,17,62.90765813122217,29.056184591492993,64.35091007997592,62.7726880012701,62.90765813122217,63,pp1_18-9-2014_c3.S00
1,3,18,67.89008883018673,42.84019008771658,62.464877845346926,67.92146620539327,67.89008883018673,68,pp1_18-9-2014_c3.S00
1,3,19,58.843365443510216,39.401661906371444,63.861319144815205,59.639261856364705,58.843365443510216,58,pp1_18-9-2014_c3.S00
1,3,20,60.09760246664186,36.689750456505635,64.67634035026033,60.26396122900769,60.09760246664186,60,pp1_18-9-2014_c3.S00
1,3,21,59.30221334822147,56.65640775529178,66.84359832356374,61.80803580520054,59.30221334822147,61,pp1_18-9-2014_c3.S00
1,3,22,60.03251050373515,56.519711809646715,66.91531010766825,60.317322664273284,60.03251050373515,60,pp1_18-9-2014_c3.S00
1,3,23,57.55093313784783,37.213595198745615,66.99327303320169,58.78126462701087,57.55093313784783,59,pp1_18-9-2014_c3.S00
1,3,24,58.69187521767252,53.37313114920185,66.10908615042766,60.27149456304809,58.69187521767252,58,pp1_18-9-2014_c3.S00
1,3,25,60.56006229485575,35.417756258112625,67.06826960444451,63.423623846719664,60.56006229485575,61,pp1_18-9-2014_c3.S00
1,3,26,61.117370802207574,52.245243702426045,67.50607092107336,61.34179528544967,61.117370802207574,61,pp1_18-9-2014_c3.S00
1,3,27,61.001551349674216,53.65477597119631,67.69352746829391,60.60560035357873,61.001551349674216,61,pp1_18-9-2014_c3.S00
1,3,28,63.46014804613531,127.85329662378467,68.6629846662283,66.56425974213829,63.46014804613531,63,pp1_18-9-2014_c3.S00
1,3,29,65.24980087341042,47.76201292611313,68.04097371399402,65.01346413427964,65.24980087341042,63,pp1_18-9-2014_c3.S00
1,3,30,68.12490016068257,142.94690068871805,67.19896553953488,67.57029149426768,68.12490016068257,65,pp1_18-9-2014_c3.S00
1,3,31,62.25318219238807,56.05185703675025,65.84683543592692,61.846976152590166,62.25318219238807,62,pp1_18-9-2014_c3.S00
1,3,32,63.644166331945115,70.78829249587827,66.79160096893708,64.77038142054032,63.644166331945115,62,pp1_18-9-2014_c3.S00
1,3,33,60.983865576858804,49.661867899840296,68.92632236182689,59.885410814142475,60.983865576858804,58,pp1_18-9-2014_c3.S00
1,3,34,62.850128333891305,34.708953017409016,70.0125007490317,61.68972953775277,62.850128333891305,62,pp1_18-9-2014_c3.S00
1,3,35,63.458327356189926,57.49893863440076,70.50172919929028,64.60012002118553,63.458327356189926,63,pp1_18-9-2014_c3.S00
1,3,36,64.24808437753539,38.985970469211004,71.75246976365646,63.3716874687622,64.24808437753539,63,pp1_18-9-2014_c3.S00
1,3,37,63.54492566257272,40.04642393525014,70.45038855175177,65.37992505813017,63.54492566257272,65,pp1_18-9-2014_c3.S00
1,3,38,63.10238580304076,34.44979074134998,67.110179891934,62.40342945894226,63.10238580304076,63,pp1_18-9-2014_c3.S00
1,3,39,71.32652505940612,50.42440493909124,67.15874351585904,70.06387879572188,71.32652505940612,70,pp1_18-9-2014_c3.S00
1,3,40,64.0188944653804,41.96273017096345,69.41052955339352,64.27937351310005,64.0188944653804,64,pp1_18-9-2014_c3.S00
1,3,41,61.306963888362255,30.28050855536828,71.06343176563581,61.93083906229585,61.306963888362255,62,pp1_18-9-2014_c3.S00
1,3,42,62.728845444834135,43.60903628189336,65.03094952727358,63.99749483084306,62.728845444834135,63,pp1_18-9-2014_c3.S00
1,3,43,69.5198689476973,41.46798767447029,63.663480295737585,68.92737876422082,69.5198689476973,69,pp1_18-9-2014_c3.S00
1,3,44,62.27060958265902,50.23472674102995,65.42321160882712,62.877734308845056,62.27060958265902,63,pp1_18-9-2014_c3.S00
1,3,45,66.24258760107817,42.42318335775917,65.50879143948356,65.88613888835535,66.24258760107817,66,pp1_18-9-2014_c3.S00
1,3,46,63.96168961299222,53.79213094607559,65.38583244259159,63.1990354463458,63.96168961299222,63,pp1_18-9-2014_c3.S00
1,3,47,68.96277812794101,46.23706166259946,65.53878033161163,67.97654204356174,68.96277812794101,68,pp1_18-9-2014_c3.S00
1,3,48,63.93506594864591,41.79289925947128,66.14817580108841,64.77761066049958,63.93506594864591,65,pp1_18-9-2014_c3.S00
1,3,49,64.99388705355982,54.37353928748827,65.46040768300493,64.72275369750956,64.99388705355982,64,pp1_18-9-2014_c3.S00
1,3,50,63.59292833174739,57.67332809503514,66.69031312490503,63.978367055021224,63.59292833174739,64,pp1_18-9-2014_c3.S00
1,3,51,69.44276845595752,56.357673846488986,65.90663156335553,69.68769484516233,69.44276845595752,71,pp1_18-9-2014_c3.S00
1,3,52,59.443049990416306,48.062659862145985,66.16889639745156,62.189869339670985,59.443049990416306,60,pp1_18-9-2014_c3.S00
1,3,53,61.58187982115658,44.074679375584196,68.3671430443724,61.69095581052825,61.58187982115658,63,pp1_18-9-2014_c3.S00
1,3,54,62.47805756295166,39.71440882335373,68.65061647742986,63.14502543127164,62.47805756295166,62,pp1_18-9-2014_c3.S00
1,3,55,71.03817391790837,25.058025497307053,66.72427666385968,78.7793371088182,71.03817391790837,73,pp1_18-9-2014_c3.S00
1,3,56,68.33666429154863,41.17572014007644,64.19196474005778,68.80048000620057,68.33666429154863,67,pp1_18-9-2014_c3.S00
20,1,1,130.66654613584495,,337.234932765613,130.66654613584495,,5,pp20_29-10-2012_c1.S00
20,1,2,,,438.0037813901901,,,0,pp20_29-10-2012_c1.S00
20,1,3,,,641.7238234639168,,,1,pp20_29-10-2012_c1.S00
20,1,4,,,683.6496666550636,,,2,pp20_29-10-2012_c1.S00
20,1,5,,,456.29222770730655,,,2,pp20_29-10-2012_c1.S00
20,1,6,76.0231207854591,,239.07129332919916,76.0231207854591,,5,pp20_29-10-2012_c1.S00
20,1,7,102.2296173044925,136.03562945785427,215.00021867056688,59.82629438356827,102.2296173044925,11,pp20_29-10-2012_c1.S00
20,1,8,,,217.35779306193191,,,0,pp20_29-10-2012_c1.S00
20,1,9,69.15551433346086,,228.85137967864674,69.15551433346086,,7,pp20_29-10-2012_c1.S00
20,1,10,,,234.62908096810182,,,1,pp20_29-10-2012_c1.S00
20,1,11,,,243.66775922477245,,,2,pp20_29-10-2012_c1.S00
20,1,12,93.13912174188802,,252.79499009450277,93.13912174188802,,1,pp20_29-10-2012_c1.S00
20,1,13,,,247.31785513559979,,,2,pp20_29-10-2012_c1.S00
20,1,14,,,260.19748054146766,,,4,pp20_29-10-2012_c1.S00
20,1,15,60.9394261424017,1023.3606790146534,253.79936598539354,108.05132743101684,60.9394261424017,10,pp20_29-10-2012_c1.S00
20,1,16,48.4160756501182,979.66526742437,246.04797552824022,54.5851636460192,48.4160756501182,11,pp20_29-10-2012_c1.S00
20,1,17,53.5736084871385,1007.3001357586778,255.07950356304644,55.03331231801931,53.5736084871385,14,pp20_29-10-2012_c1.S00
20,1,18,37.48371561293507,,266.49344145258266,37.48371561293507,,7,pp20_29-10-2012_c1.S00
20,1,19,90.34070718980162,,239.38693551421164,90.34070718980162,,9,pp20_29-10-2012_c1.S00
20,1,20,98.46153846153847,136.5034315215892,237.8815250903368,66.35371007807579,98.46153846153847,15,pp20_29-10-2012_c1.S00
20,1,21,55.092159011656875,655.4475828624542,247.64080487092335,56.77441437484331,55.092159011656875,16,pp20_29-10-2012_c1.S00
20,1,22,,,262.09451344907285,,,10,pp20_29-10-2012_c1.S00
20,1,23,45.10229992182232,,254.24560186068217,45.10229992182232,,9,pp20_29-10-2012_c1.S00
20,1,24,,,243.8438097377618,,,6,pp20_29-10-2012_c1.S00
20,1,25,64.9236812622701,,240.90024237632753,64.9236812622701,,6,pp20_29-10-2012_c1.S00
20,1,26,92.66968325791855,244.38098519647176,241.3756917655468,113.62764393049336,92.66968325791855,15,pp20_29-10-2012_c1.S00
20,1,27,,,245.2760779450337,,,6,pp20_29-10-2012_c1.S00
20,1,28,,,246.9765295624733,,,2,pp20_29-10-2012_c1.S00
20,1,29,79.97396680767979,17.953883116064684,248.09637727836767,55.460677228522236,79.97396680767979,17,pp20_29-10-2012_c1.S00
20,1,30,93.45132743362831,191.92782591249522,228.09667044579982,60.6067988313373,93.45132743362831,27,pp20_29-10-2012_c1.S00
20,1,31,63.93894718584685,584.5645053902875,222.17191966275374,59.435098427575134,63.93894718584685,24,pp20_29-10-2012_c1.S00
20,1,32,81.56955303142057,367.86898702603986,231.23493869403998,64.4709607770534,81.56955303142057,33,pp20_29-10-2012_c1.S00
20,1,33,69.49103247697528,431.8912786112188,226.3380860855182,73.7931079292688,69.49103247697528,32,pp20_29-10-2012_c1.S00
20,1,34,49.71256839022887,617.1560158726936,222.23219931324323,71.9368155398445,49.71256839022887,36,pp20_29-10-2012_c1.S00
20,1,35,55.89265408232886,954.3148716534071,216.42969702482225,75.87993186520501,55.89265408232886,17,pp20_29-10-2012_c1.S00
20,2,1,47.55417956656347,971.9217941287171,201.6368480483691,89.20563484201136,47.55417956656347,16,pp20_29-10-2012_c2.S00
20,2,2,72.44215180545321,37.262336012298945,210.5809743096431,49.96558587908547,72.44215180545321,27,pp20_29-10-2012_c2.S00
20,2,3,36.16636544791865,,220.3498045305411,36.16636544791865,,17,pp20_29-10-2012_c2.S00
20,2,4,71.17400159984625,,229.76471918622653,71.17400159984625,,3,pp20_29-10-2012_c2.S00
20,2,5,,,239.0497147043546,,,13,pp20_29-10-2012_c2.S00
20,2,6,76.75202998126171,121.37890128437459,234.62289313872654,49.00830881168629,76.75202998126171,15,pp20_29-10-2012_c2.S00
20,2,7,73.71049375773254,43.569902576462816,227.21149233082932,53.735330058359594,73.71049375773254,35,pp20_29-10-2012_c2.S00
20,2,8,76.18339068167023,31.943408164590288,247.53808558980623,57.78795024591188,76.18339068167023,42,pp20_29-10-2012_c2.S00
20,2,9,82.21951394365188,62.418920413181255,202.45400412281353,74.76399260067488,82.21951394365188,53,pp20_29-10-2012_c2.S00
20,2,10,89.85862087644223,147.49718958925428,211.20964130461215,80.79024060349911,89.85862087644223,70,pp20_29-10-2012_c2.S00
20,2,11,100.83652459342518,177.49682470624612,216.37327032287916,86.17014478423322,100.83652459342518,52,pp20_29-10-2012_c2.S00
20,2,12,106.97310002611647,33.03679860007442,225.7858687857787,72.6749518833509,106.97310002611647,44,pp20_29-10-2012_c2.S00
20,2,13,79.6887159533074,51.775796375867394,229.21682478686174,52.85735836525685,79.6887159533074,51,pp20_29-10-2012_c2.S00
20,2,14,111.100030137812,48.67483873972461,208.2756146689256,95.96543595867757,111.100030137812,52,pp20_29-10-2012_c2.S00
20,2,15,63.87843646905928,487.07500419097835,210.75736044148604,65.3383461525644,63.87843646905928,38,pp20_29-10-2012_c2.S00
20,2,16,73.64645002850501,403.7676161947281,207.00769242842992,69.38627467786748,73.64645002850501,59,pp20_29-10-2012_c2.S00
20,3,1,104.37414738359374,40.714887065438035,175.9872847240418,78.92619763885935,104.37414738359374,58,pp20_29-10-2012_c3.S00
20,3,2,107.8115403737607,28.739779067413398,187.1396431396405,91.25207719805961,107.8115403737607,77,pp20_29-10-2012_c3.S00
20,3,3,106.08101108463691,31.413758614211428,197.6977805654208,96.52254565643767,106.08101108463691,69,pp20_29-10-2012_c3.S00
20,3,4,109.00596323493174,35.165589569506274,193.28192527095476,91.89577438731989,109.00596323493174,71,pp20_29-10-2012_c3.S00
20,3,5,107.10900974669167,40.85126369627481,201.48566213746867,85.04306117448336,107.10900974669167,55,pp20_29-10-2012_c3.S00
20,3,6,,,185.82683625717956,,,5,pp20_29-10-2012_c3.S00
20,3,7,80.8433716066981,155.39603989436057,154.3556568692128,76.57163232591785,80.8433716066981,56,pp20_29-10-2012_c3.S00
20,3,8,71.77849604735387,85.03351134758105,158.62957323292892,74.55118750836701,71.77849604735387,72,pp20_29-10-2012_c3.S00
20,3,9,83.99286084986265,148.7438295099766,153.7851084937652,80.18589924899861,83.99286084986265,67,pp20_29-10-2012_c3.S00
20,3,10,85.69037656903765,330.53940148002266,151.9972011278073,79.97667296689714,85.69037656903765,60,pp20_29-10-2012_c3.S00
20,3,11,100.32714884991132,117.10180146312842,155.61976929505667,75.61411342462524,100.32714884991132,53,pp20_29-10-2012_c3.S00
20,3,12,103.51058228914394,38.73051497834706,156.38280602792898,82.4364923030681,103.51058228914394,55,pp20_29-10-2012_c3.S00
20,3,13,97.48899202665714,95.10282240831093,151.5379388143619,68.00268672873887,97.48899202665714,45,pp20_29-10-2012_c3.S00
20,3,14,77.51458760447879,39.94888103160278,154.7511027912299,80.749824159514,77.51458760447879,70,pp20_29-10-2012_c3.S00
20,3,15,69.81998502027429,36.49698521149205,156.98053963780404,68.45714704440907,69.81998502027429,69,pp20_29-10-2012_c3.S00
20,3,16,72.115656436241,39.44864422984159,163.35235172311465,71.71620189504077,72.115656436241,72,pp20_29-10-2012_c3.S00
20,3,17,72.51903746573257,37.91009719481511,161.93417388697466,72.51667762150367,72.51903746573257,72,pp20_29-10-2012_c3.S00
20,3,18,74.98169392238223,33.593114339679275,152.55934516290824,76.10696779523373,74.98169392238223,76,pp20_29-10-2012_c3.S00
20,3,19,74.2810093072217,34.182563220973684,151.48775567809741,73.39087516615788,74.2810093072217,70,pp20_29-10-2012_c3.S00
20,3,20,72.7681534050853,46.55643625989684,155.28558878302573,72.4772852477307,72.7681534050853,73,pp20_29-10-2012_c3.S00
20,3,21,70.59049858387218,62.314803627170484,166.82150006592275,71.07725366459539,70.59049858387218,63,pp20_29-10-2012_c3.S00
20,3,22,68.963800739358,41.96732447893665,175.07867607176303,65.38776135801648,68.963800739358,61,pp20_29-10-2012_c3.S00
20,3,23,76.91216357187565,19.33864998335486,165.04363034566242,79.53930912334455,76.91216357187565,15,pp20_29-10-2012_c3.S00
20,3,24,,,168.81543264190356,,,5,pp20_29-10-2012_c3.S00
20,3,25,,,168.54179590543112,,,8,pp20_29-10-2012_c3.S00
20,3,26,71.92273924495171,33.89248757632476,163.4540525605281,61.27716687222948,71.92273924495171,45,pp20_29-10-2012_c3.S00
20,3,27,74.99160860499416,33.10866357103739,160.90633372962475,82.00375133946265,74.99160860499416,27,pp20_29-10-2012_c3.S00
20,3,28,98.304,234.00060632415207,167.1868508895238,,98.304,17,pp20_29-10-2012_c3.S00
20,3,29,59.54389896726127,581.1967640770279,170.7846224208673,57.49091145344334,59.54389896726127,25,pp20_29-10-2012_c3.S00
20,3,30,83.8628220440198,148.63939823879988,157.65369435946147,68.42500182691641,83.8628220440198,21,pp20_29-10-2012_c3.S00
20,3,31,47.69723435225619,675.1454914733408,164.32358010510603,59.219369968093915,47.69723435225619,7,pp20_29-10-2012_c3.S00
20,3,32,54.56262866830824,563.139784742682,167.42999772628147,,54.56262866830824,18,pp20_29-10-2012_c3.S00
20,3,33,65.09336511720302,659.9439772516744,169.7050972809394,48.57544679453866,65.09336511720302,11,pp20_29-10-2012_c3.S00
20,3,34,75.878616796048,68.96068772583018,162.5388070523739,52.05314810297791,75.878616796048,17,pp20_29-10-2012_c3.S00
20,3,35,38.03157043457031,,170.94844237665336,38.03157043457031,,0,pp20_29-10-2012_c3.S00
20,3,36,37.77101939845407,,171.63106953700384,37.77101939845407,,4,pp20_29-10-2012_c3.S00
20,3,37,52.65909577887294,670.2445896133783,162.76296911537648,66.19664124238687,52.65909577887294,10,pp20_29-10-2012_c3.S00
20,3,38,,,166.81275507311025,,,6,pp20_29-10-2012_c3.S00
20,3,39,65.28178812875016,,165.53458831210932,65.28178812875016,,3,pp20_29-10-2012_c3.S00
20,3,40,76.944270507201,123.50137723703068,169.48670154313245,72.4827545947444,76.944270507201,16,pp20_29-10-2012_c3.S00
20,3,41,35.953478165459735,34.3490039901295,173.28372849921385,,35.953478165459735,14,pp20_29-10-2012_c3.S00
20,3,42,,,173.99952847063543,,,10,pp20_29-10-2012_c3.S00
20,3,43,84.1259698767686,38.125042524470395,165.2977110217015,110.46558126613695,84.1259698767686,10,pp20_29-10-2012_c3.S00
20,3,44,51.03120797496025,,169.53793145318826,51.03120797496025,,6,pp20_29-10-2012_c3.S00
20,3,45,80.57300200870338,,175.34529455105465,80.57300200870338,,6,pp20_29-10-2012_c3.S00
20,3,46,77.00454331818894,66.26548058403317,183.39514542520047,,77.00454331818894,14,pp20_29-10-2012_c3.S00
21,1,1,70.57416510414026,65.94946063150061,349.85533195684354,77.960967431621,70.57416510414026,72,pp21_31-10-2012_c1.S00
21,1,2,68.49557984583896,65.4326372491625,458.3265728235245,69.21995611656457,68.49557984583896,69,pp21_31-10-2012_c1.S00
21,1,3,67.04706475640909,77.13586097435702,561.3318516870339,67.20636704498902,67.04706475640909,67,pp21_31-10-2012_c1.S00
21,1,4,73.39822487696125,61.88831730988724,580.2684194087982,73.5459180974712,73.39822487696125,74,pp21_31-10-2012_c1.S00
21,1,5,68.35804808511378,68.77902190406223,587.3264902353287,69.522323370787,68.35804808511378,69,pp21_31-10-2012_c1.S00
21,1,6,74.75743001603156,78.8624279501304,601.2386811812719,73.94219370440891,74.75743001603156,75,pp21_31-10-2012_c1.S00
21,1,7,67.68732893808205,72.78235385161706,603.1061639865239,69.87282988180716,67.68732893808205,68,pp21_31-10-2012_c1.S00
21,1,8,67.44293186751045,64.74273988079288,599.2281026760737,67.60596232836446,67.44293186751045,68,pp21_31-10-2012_c1.S00
21,1,9,72.41794910105085,57.55265804201914,500.3826810836792,72.22297858775904,72.41794910105085,72,pp21_31-10-2012_c1.S00
21,1,10,73.00881178921999,71.7634864235289,393.41198534766835,73.55286533006777,73.00881178921999,73,pp21_31-10-2012_c1.S00
21,1,11,73.1210949122285,72.93099787675405,417.02921354373296,72.64581661516179,73.1210949122285,73,pp21_31-10-2012_c1.S00
21,1,12,75.2870697357784,81.75282396222855,231.70717617670695,76.80821762252599,75.2870697357784,76,pp21_31-10-2012_c1.S00
21,1,13,74.7869426830171,64.59212210349727,167.37157236437002,75.52953636640062,74.7869426830171,75,pp21_31-10-2012_c1.S00
21,1,14,75.57131020816072,51.838750960566045,230.56735087136428,74.98126228371014,75.57131020816072,75,pp21_31-10-2012_c1.S00
21,1,15,71.83737100845919,53.9479650315844,355.4231927335262,71.82125489767641,71.83737100845919,72,pp21_31-10-2012_c1.S00
21,1,16,76.93971316156873,48.82317504875687,428.60779944062233,77.43847483433782,76.93971316156873,76,pp21_31-10-2012_c1.S00
21,1,17,77.52173236217052,49.8202115676986,406.11801259120307,77.64503725195924,77.52173236217052,78,pp21_31-10-2012_c1.S00
21,1,18,71.9871281818557,65.5335860094269,409.6974225640297,72.13761604577303,71.9871281818557,72,pp21_31-10-2012_c1.S00
21,1,19,73.4549922786975,61.049624165527504,411.27914091944695,73.5424334788695,73.4549922786975,73,pp21_31-10-2012_c1.S00
21,1,20,73.53829612423544,63.19748623534693,391.53826158046724,82.95356525443495,73.53829612423544,73,pp21_31-10-2012_c1.S00
21,1,21,72.29758684885314,43.07664508218585,438.85598995685575,87.54274506823471,72.29758684885314,76,pp21_31-10-2012_c1.S00
21,1,22,74.8552984497886,52.439919700323884,472.2293044090271,74.91125751174987,74.8552984497886,74,pp21_31-10-2012_c1.S00
21,1,23,77.15468312390017,47.154015793401264,415.6520931502183,76.96322834249585,77.15468312390017,77,pp21_31-10-2012_c1.S00
21,1,24,77.284281373542,49.11983688357492,429.59305052757264,76.98813498162976,77.284281373542,78,pp21_31-10-2012_c1.S00
21,1,25,72.3266957372374,59.417686319643245,407.6347676654657,72.65413314203421,72.3266957372374,72,pp21_31-10-2012_c1.S00
21,1,26,74.29693129581314,56.84621629845768,423.6390417238077,74.14158367893349,74.29693129581314,74,pp21_31-10-2012_c1.S00
21,1,27,73.36119402985075,56.90230273510993,429.44459409515065,73.63636979864289,73.36119402985075,74,pp21_31-10-2012_c1.S00
21,1,28,72.5287222545515,58.371509334443516,445.7261132756869,72.48364775553345,72.5287222545515,72,pp21_31-10-2012_c1.S00
21,1,29,73.54521850107821,52.074105123706474,499.5649225234985,74.67728376251956,73.54521850107821,74,pp21_31-10-2012_c1.S00
21,1,30,73.62673802058539,50.325089190015,463.8365029076735,73.46519013382495,73.62673802058539,74,pp21_31-10-2012_c1.S00
21,1,31,75.19669895443579,44.94409906799019,412.8006294349829,75.16154261368017,75.19669895443579,75,pp21_31-10-2012_c1.S00
21,1,32,72.7905011629629,47.88984521309617,427.4662002027035,72.93781767071535,72.7905011629629,73,pp21_31-10-2012_c1.S00
21,1,33,74.19217130271359,50.89480938907639,435.3840820372105,73.79448633790017,74.19217130271359,74,pp21_31-10-2012_c1.S00
21,1,34,75.66502463054188,47.25503513883676,403.3942462563515,75.42857712972909,75.66502463054188,75,pp21_31-10-2012_c1.S00
21,1,35,73.0975337712232,52.24657579455456,399.08941731651623,73.48698002509772,73.0975337712232,73,pp21_31-10-2012_c1.S00
21,1,36,72.59364538472735,55.928048179292375,411.2920886059602,72.3551704775542,72.59364538472735,73,pp21_31-10-2012_c1.S00
21,1,37,71.98989399681442,54.68867640192325,368.82192311088244,72.89785496940216,71.98989399681442,72,pp21_31-10-2012_c1.S00
21,1,38,73.59325179249262,72.00267185824332,369.7510517537594,73.94678214949866,73.59325179249262,74,pp21_31-10-2012_c1.S00
21,1,39,72.6582146397454,65.36101580483134,365.87728394468627,88.0921138447399,72.6582146397454,74,pp21_31-10-2012_c1.S00
21,1,40,71.6126253198983,68.19494651429956,365.569816972812,72.4968537269781,71.6126253198983,72,pp21_31-10-2012_c1.S00
21,1,41,76.61739520808739,49.3876957892472,298.6641508082549,76.27416111615797,76.61739520808739,77,pp21_31-10-2012_c1.S00
21,1,42,75.78530415823352,47.89183231735291,358.88243683775266,75.85660837925971,75.78530415823352,76,pp21_31-10-2012_c1.S00
21,1,43,71.88907740010531,47.13947670542265,414.2312047163645,72.66146928556263,71.88907740010531,72,pp21_31-10-2012_c1.S00
21,1,44,74.91510063520049,51.20996646911752,386.49989456733067,74.60681071989238,74.91510063520049,75,pp21_31-10-2012_c1.S00
21,1,45,76.1306419068829,54.19596464916552,376.84492008288703,75.58086020965129,76.1306419068829,75,pp21_31-10-2012_c1.S00
21,1,46,72.95046957841011,60.841406830434074,417.63822270035746,73.72117450404912,72.95046957841011,73,pp21_31-10-2012_c1.S00
21,1,47,74.73283636553198,59.84909647504064,397.2070232729117,74.1768216745307,74.73283636553198,74,pp21_31-10-2012_c1.S00
21,1,48,77.44227922051938,57.4186564002398,372.22655419309933,77.07148870117962,77.44227922051938,71,pp21_31-10-2012_c1.S00
21,1,49,76.55682720126994,54.73960936957362,356.93061087727546,83.39318409891179,76.55682720126994,77,pp21_31-10-2012_c1.S00
21,1,50,75.30993906282832,52.61679300900543,360.00445217291514,75.15448723913481,75.30993906282832,75,pp21_31-10-2012_c1.S00
21,1,51,74.86199650355825,59.095085456228816,381.6926169256369,81.17965537905692,74.86199650355825,75,pp21_31-10-2012_c1.S00
21,1,52,69.19686356151293,68.02828581927365,388.7910130282243,70.3372033264488,69.19686356151293,70,pp21_31-10-2012_c1.S00
21,1,53,75.06228279442962,56.21326588311267,325.24773912231126,74.47187948599458,75.06228279442962,76,pp21_31-10-2012_c1.S00
21,1,54,76.38687432137854,52.31616242264074,300.22459245522816,77.36416257532935,76.38687432137854,76,pp21_31-10-2012_c1.S00
21,1,55,73.65127991675338,50.676993062631155,300.1765071014563,74.53508520672719,73.65127991675338,74,pp21_31-10-2012_c1.S00
21,1,56,74.8097079391197,47.778920402392224,339.4096817632516,75.09250447365145,74.8097079391197,75,pp21_31-10-2012_c1.S00
21,1,57,70.70844209455346,53.69066477998589,363.27562076449396,70.1610629102836,70.70844209455346,70,pp21_31-10-2012_c1.S00
21,2,1,78.16048087014597,65.92222919573008,257.61483819733064,85.26622121588638,78.16048087014597,76,pp21_31-10-2012_c2.S00
21,2,2,73.80051702977708,62.770203328659626,311.8545051674048,73.36683893998465,73.80051702977708,74,pp21_31-10-2012_c2.S00
21,2,3,75.28950431958826,52.92036314158294,363.3846491773923,74.88416615991542,75.28950431958826,74,pp21_31-10-2012_c2.S00
21,2,4,74.95158461890361,49.947353638999836,382.73196139732994,74.45168707159658,74.95158461890361,75,pp21_31-10-2012_c2.S00
21,2,5,74.21737797229115,38.20410760345259,409.5685243844986,83.22859939547877,74.21737797229115,76,pp21_31-10-2012_c2.S00
21,2,6,71.58541733506695,50.45208468415831,409.9246540387472,72.02621183140825,71.58541733506695,72,pp21_31-10-2012_c2.S00
21,2,7,69.13409271890039,61.93973839195872,416.1834072927634,69.8933297378632,69.13409271890039,69,pp21_31-10-2012_c2.S00
21,2,8,72.45344047709297,53.65683905791801,401.27342320283253,70.97013526797916,72.45344047709297,73,pp21_31-10-2012_c2.S00
21,2,9,76.50916038347378,52.40635836327261,245.53706462184587,75.84124749340117,76.50916038347378,76,pp21_31-10-2012_c2.S00
21,2,10,75.33091981542387,52.83059332727523,234.84973985354105,76.19833980575204,75.33091981542387,75,pp21_31-10-2012_c2.S00
21,2,11,75.25053479300365,47.83000157545833,180.53581410050393,75.12336358216902,75.25053479300365,75,pp21_31-10-2012_c2.S00
21,2,12,76.65364928261965,42.244637810535835,248.6515792886416,76.8345781966423,76.65364928261965,77,pp21_31-10-2012_c2.S00
21,2,13,74.84295779284915,45.34718047207392,263.8611054191987,75.08209650175026,74.84295779284915,75,pp21_31-10-2012_c2.S00
21,2,14,76.72309595334865,43.18195082553208,294.565839539965,82.99555605128407,76.72309595334865,78,pp21_31-10-2012_c2.S00
21,2,15,94.4376130198915,173.97054602722199,316.7653525690238,88.6629347126931,94.4376130198915,70,pp21_31-10-2012_c2.S00
21,2,16,75.77155894473962,62.797517141922356,320.6182246088982,74.93627184703946,75.77155894473962,72,pp21_31-10-2012_c2.S00
21,2,17,70.65268146496149,47.259276606999784,284.24691247940063,70.04410710812857,70.65268146496149,70,pp21_31-10-2012_c2.S00
21,2,18,71.81001965680285,55.58041195837491,263.5491917351882,73.74689906189839,71.81001965680285,73,pp21_31-10-2012_c2.S00
21,2,19,77.53177636752683,60.59784164665636,273.1109122892221,75.65333942845464,77.53177636752683,74,pp21_31-10-2012_c2.S00
21,2,20,80.10189243127776,171.41535375755595,322.54333255489666,77.65417790279413,80.10189243127776,73,pp21_31-10-2012_c2.S00
21,2,21,71.30043006348556,87.68783571446839,357.0273678600788,74.31904376217474,71.30043006348556,69,pp21_31-10-2012_c2.S00
21,2,22,70.10246543469506,56.48399004666541,387.84208299914997,72.11402406621103,70.10246543469506,67,pp21_31-10-2012_c2.S00
21,2,23,68.99899430103923,56.37651210182882,385.1886267443498,69.49088587109,68.99899430103923,70,pp21_31-10-2012_c2.S00
21,2,24,73.260781942765,56.174963902751614,394.79413250486056,72.9387192795053,73.260781942765,73,pp21_31-10-2012_c2.S00
21,2,25,73.4095544156727,64.13985459885016,400.81775106589,74.3323453053832,73.4095544156727,71,pp21_31-10-2012_c2.S00
21,2,26,72.36251926153484,133.000811782796,408.8715836346149,72.60528306271881,72.36251926153484,70,pp21_31-10-2012_c2.S00
21,2,27,72.7563717266684,59.13521227794805,412.6042826851209,75.26271537958334,72.7563717266684,74,pp21_31-10-2012_c2.S00
21,2,28,73.11807340435203,70.61081050632029,357.22833500305813,73.47072809034337,73.11807340435203,73,pp21_31-10-2012_c2.S00
21,2,29,71.59796067006555,85.76119352917077,358.4738129814466,71.79957308421533,71.59796067006555,71,pp21_31-10-2012_c2.S00
21,2,30,71.89787234042554,53.28677991399357,376.36161040067674,72.53694200521956,71.89787234042554,72,pp21_31-10-2012_c2.S00
21,2,31,75.56227420635938,61.805384363140355,258.03821802337967,75.35228146935502,75.56227420635938,76,pp21_31-10-2012_c2.S00
21,3,1,70.29573436139783,91.99439653907956,239.67601533730826,83.64262069314718,70.29573436139783,72,pp21_31-10-2012_c3.S00
21,3,2,64.74623517013971,81.68998684370993,310.1136150598526,64.18619686414799,64.74623517013971,65,pp21_31-10-2012_c3.S00
21,3,3,66.21191328141444,67.03084634969936,369.01745116114614,67.13697479941571,66.21191328141444,67,pp21_31-10-2012_c3.S00
21,3,4,66.54414377824034,90.41559322105876,370.94016576806706,66.58266826337203,66.54414377824034,66,pp21_31-10-2012_c3.S00
21,3,5,67.86585210423907,75.52604273663738,389.3330390413602,68.46459788264086,67.86585210423907,68,pp21_31-10-2012_c3.S00
21,3,6,66.72272087799982,67.98966926535438,372.7634413599968,67.22286663902923,66.72272087799982,67,pp21_31-10-2012_c3.S00
21,3,7,63.00548300928721,86.49553340881026,404.7997832854589,63.19132286139453,63.00548300928721,63,pp21_31-10-2012_c3.S00
21,3,8,71.35708334385336,64.42518529651332,351.96251787741977,69.76052775428693,71.35708334385336,74,pp21_31-10-2012_c3.S00
21,3,9,73.65724754531563,71.92405779819187,266.65640872021515,73.75477214194834,73.65724754531563,74,pp21_31-10-2012_c3.S00
21,3,10,71.28732564788953,62.21015729125886,279.1318701148033,71.32404581370453,71.28732564788953,71,pp21_31-10-2012_c3.S00
21,3,11,70.60598742557355,72.60261887058377,300.68760980765023,70.63723453215013,70.60598742557355,71,pp21_31-10-2012_c3.S00
21,3,12,70.09399264405394,70.28128191028463,322.108098812898,71.03519825643549,70.09399264405394,70,pp21_31-10-2012_c3.S00
21,3,13,71.33512613650916,57.62036809579098,349.9317056775093,70.95137885504712,71.33512613650916,72,pp21_31-10-2012_c3.S00
21,3,14,72.89817576586523,73.56007251990778,370.68004814982413,74.21905681621283,72.89817576586523,73,pp21_31-10-2012_c3.S00
21,3,15,69.66959465566686,73.50219054390526,385.3147805492083,69.57751308362931,69.66959465566686,70,pp21_31-10-2012_c3.S00
21,3,16,74.58542588219643,68.54897499737183,401.7852926333745,74.59192161212364,74.58542588219643,74,pp21_31-10-2012_c3.S00
21,3,17,70.76923076923077,83.06557516618072,413.7994555513064,86.45813730917871,70.76923076923077,73,pp21_31-10-2012_c3.S00
21,3,18,71.68955860781438,67.04390158509125,420.6588699916999,71.60500235613435,71.68955860781438,71,pp21_31-10-2012_c3.S00
21,3,19,72.73248689069887,70.45738188935414,402.4171014904976,72.9373846815899,72.73248689069887,74,pp21_31-10-2012_c3.S00
21,3,20,80.2088772845953,34.57665860645025,391.7094135006269,80.69709019164245,80.2088772845953,80,pp21_31-10-2012_c3.S00
21,3,21,71.23301284440137,66.112443976098,412.0875807464123,71.72715809034804,71.23301284440137,71,pp21_31-10-2012_c3.S00
21,3,22,72.19024608204941,62.2649541457352,426.6950341264407,72.14461688579371,72.19024608204941,72,pp21_31-10-2012_c3.S00
21,3,23,76.31350142839399,57.60415699180359,417.93685490290324,76.20865069075177,76.31350142839399,76,pp21_31-10-2012_c3.S00
21,3,24,73.67600579019948,58.457486104474064,394.56087115009626,73.32033529747278,73.67600579019948,74,pp21_31-10-2012_c3.S00
21,3,25,72.67661168430045,56.30504917260786,402.62979323665303,73.79101736154408,72.67661168430045,73,pp21_31-10-2012_c3.S00
21,3,26,70.38274932614554,63.68135511460403,443.6658205370108,70.55338971354067,70.38274932614554,70,pp21_31-10-2012_c3.S00
21,3,27,74.896175137139,54.69643050648264,418.74040354887643,74.88185502501825,74.896175137139,75,pp21_31-10-2012_c3.S00
21,3,28,71.06704672202255,62.15039203537099,428.87932751774787,71.32509087622165,71.06704672202255,71,pp21_31-10-2012_c3.S00
21,3,29,72.78450486126977,48.26501754773734,445.4880035817623,72.95428310831387,72.78450486126977,73,pp21_31-10-2012_c3.S00
21,3,30,73.35039617966686,52.02429922604376,447.6840863029162,73.83144472744316,73.35039617966686,74,pp21_31-10-2012_c3.S00
21,3,31,73.27631169062347,60.47478912499105,439.69493668874105,72.79879957269877,73.27631169062347,73,pp21_31-10-2012_c3.S00
21,3,32,74.04487147739091,61.90263527057394,392.01164613366126,74.51585256339361,74.04487147739091,74,pp21_31-10-2012_c3.S00
21,3,33,69.87653257282683,62.43699639565879,421.3512511054675,70.86520278987786,69.87653257282683,70,pp21_31-10-2012_c3.S00
21,3,34,69.10323988584858,58.60577084315867,417.93162026206653,69.4803565648074,69.10323988584858,70,pp21_31-10-2012_c3.S00
21,3,35,70.30812984871177,60.29819778268719,442.9201261560122,70.57812506699314,70.30812984871177,70,pp21_31-10-2012_c3.S00
21,3,36,70.00946771342153,56.24270289015847,434.7342707335949,70.32566379662603,70.00946771342153,71,pp21_31-10-2012_c3.S00
21,3,37,73.8153481619917,61.456976576820196,421.973577028513,74.01798379458486,73.8153481619917,73,pp21_31-10-2012_c3.S00
22,1,1,62.35927971513393,75.80539252811623,258.0602533049881,63.11466284453248,62.35927971513393,62,pp22_1-11-2012_c1.S00
22,1,2,71.36489125311428,36.41433090672771,285.90670164426166,71.07430364346753,71.36489125311428,72,pp22_1-11-2012_c1.S00
22,1,3,73.60996116941048,26.710286805278958,305.6630255808433,74.67132419534028,73.60996116941048,74,pp22_1-11-2012_c1.S00
22,1,4,64.40037268734194,55.37544385753953,297.95769375165304,65.67158294841647,64.40037268734194,65,pp22_1-11-2012_c1.S00
22,1,5,70.18168875350754,31.744135666214856,297.8757421682278,68.5906955207698,70.18168875350754,70,pp22_1-11-2012_c1.S00
22,1,6,75.65353799443366,27.197735590425115,258.51845232148963,75.5486446664979,75.65353799443366,75,pp22_1-11-2012_c1.S00
22,1,7,73.65477848491794,21.97694752353457,279.97797250946365,73.45720981253932,73.65477848491794,73,pp22_1-11-2012_c1.S00
22,1,8,73.4608695652174,22.178026617415796,263.2080232063929,72.23857459475597,73.4608695652174,73,pp22_1-11-2012_c1.S00
22,1,9,74.27085241217627,33.40302786296345,237.3925183534622,75.49669851890455,74.27085241217627,75,pp22_1-11-2012_c1.S00
22,1,10,73.58319877669301,55.03894782514345,196.87992973327636,68.25833951737732,73.58319877669301,68,pp22_1-11-2012_c1.S00
22,1,11,67.92870041644657,72.8002543725058,177.50130717356998,64.02602551902334,67.92870041644657,62,pp22_1-11-2012_c1.S00
22,1,12,50.67074027909243,65.12275371330851,183.18084977368514,51.94559681154787,50.67074027909243,52,pp22_1-11-2012_c1.S00
22,1,13,71.29611259802729,53.84245233384001,171.5709482093652,67.5117052352056,71.29611259802729,69,pp22_1-11-2012_c1.S00
22,1,14,61.94235247860146,97.95032054840208,162.46276678343614,61.48662237493942,61.94235247860146,60,pp22_1-11-2012_c1.S00
22,1,15,65.2879944482998,83.77483754018469,169.6909370213747,60.56268700590978,65.2879944482998,61,pp22_1-11-2012_c1.S00
22,1,16,62.528947520018434,84.21711073671449,176.74691977798938,62.02965952859571,62.528947520018434,61,pp22_1-11-2012_c1.S00
22,1,17,60.489090984940134,107.74373116063094,172.37348929146927,59.792848830390724,60.489090984940134,60,pp22_1-11-2012_c1.S00
22,1,18,73.22408515940302,35.027265722761186,179.82642619212467,71.22146299338588,73.22408515940302,72,pp22_1-11-2012_c1.S00
22,1,19,70.67361486309845,32.52232839812475,203.14795480767887,70.94676860850305,70.67361486309845,71,pp22_1-11-2012_c1.S00
22,1,20,69.57221942627076,37.76267967472618,187.91836014787356,69.54549418936173,69.57221942627076,68,pp22_1-11-2012_c1.S00
22,1,21,69.74223147140897,32.507472963366176,188.41931356390316,67.50565453870222,69.74223147140897,68,pp22_1-11-2012_c1.S00
22,1,22,75.0746242603034,31.97651971223418,182.7837053547303,74.65229173786938,75.0746242603034,75,pp22_1-11-2012_c1.S00
22,1,23,65.40308889521064,61.2178597700038,179.41629261473815,63.92292119037981,65.40308889521064,64,pp22_1-11-2012_c1.S00
22,1,24,64.28429824883439,65.69077834690243,182.53503609796365,63.227734138568245,64.28429824883439,63,pp22_1-11-2012_c1.S00
22,1,25,63.48641283967901,65.67855186568062,186.7695578376452,64.16880606242145,63.48641283967901,63,pp22_1-11-2012_c1.S00
22,1,26,64.81653644545544,81.25809290338647,182.5103350987037,65.6616425061288,64.81653644545544,65,pp22_1-11-2012_c1.S00
22,1,27,62.320662476304506,59.78119425048994,181.82213240265847,61.40909097793823,62.320662476304506,62,pp22_1-11-2012_c1.S00
22,1,28,61.57981646853922,86.11249734589946,178.59963879783948,61.671476724526535,61.57981646853922,62,pp22_1-11-2012_c1.S00
22,1,29,66.76959985236674,40.42885509074907,191.91502273480097,65.605054147169,66.76959985236674,66,pp22_1-11-2012_c1.S00
22,1,30,67.02342353262023,47.53800319926734,180.20014861226082,65.90362854261572,67.02342353262023,64,pp22_1-11-2012_c1.S00
22,1,31,65.11677202013702,51.06743685146613,181.12760965327422,62.09026784369101,65.11677202013702,64,pp22_1-11-2012_c1.S00
22,1,32,72.12508222435865,43.20615076308291,197.36922283967337,70.1761487643545,72.12508222435865,69,pp22_1-11-2012_c1.S00
22,1,33,60.507770118012324,137.66273865175083,170.4929420073827,61.54726890955741,60.507770118012324,60,pp22_1-11-2012_c1.S00
22,1,34,64.03070255248052,68.70854937644069,166.88189226488274,62.68608203337838,64.03070255248052,64,pp22_1-11-2012_c1.S00
22,1,35,64.37173737225204,63.15116901038416,170.99349481066068,63.739420449081805,64.37173737225204,63,pp22_1-11-2012_c1.S00
22,1,36,62.19515281374691,64.04218663103195,176.5304710795482,61.6476203488186,62.19515281374691,62,pp22_1-11-2012_c1.S00
22,1,37,72.62774087208432,41.28351245652575,173.76110749840737,72.43860220853239,72.62774087208432,73,pp22_1-11-2012_c1.S00
22,1,38,68.38524714572407,59.17616691102043,173.3984506537517,67.71285553888107,68.38524714572407,68,pp22_1-11-2012_c1.S00
22,1,39,70.31847133757962,34.758820911107485,178.4040933271249,70.48114382792264,70.31847133757962,70,pp22_1-11-2012_c1.S00
22,1,40,68.96533509409046,41.02695853459188,192.38882967829704,67.80392151807125,68.96533509409046,67,pp22_1-11-2012_c1.S00
22,1,41,72.38743147073076,27.58411828286181,190.151683691144,71.66962790234635,72.38743147073076,72,pp22_1-11-2012_c1.S00
22,1,42,68.62370357237833,33.7558324735106,197.7348569214344,68.89282411588356,68.62370357237833,68,pp22_1-11-2012_c1.S00
22,1,43,71.12504229817094,24.438845453517366,259.6018530468146,70.7660756274437,71.12504229817094,71,pp22_1-11-2012_c1.S00
22,1,44,74.0010878856166,26.298911678378424,224.48731841345628,74.0189375801012,74.0010878856166,74,pp22_1-11-2012_c1.S00
22,1,45,69.66634793572354,37.064471904893374,186.96723694105944,69.36681958604603,69.66634793572354,70,pp22_1-11-2012_c1.S00
22,1,46,72.7194718251253,44.00069365016569,200.79714596370857,78.6337311348257,72.7194718251253,75,pp22_1-11-2012_c1.S00
22,1,47,70.00471475719,56.01836281587125,175.07004674176375,67.32393533720945,70.00471475719,67,pp22_1-11-2012_c1.S00
22,1,48,67.30035222240059,55.23575092814012,192.27264676292737,64.59114889474586,67.30035222240059,65,pp22_1-11-2012_c1.S00
22,1,49,70.21839675708495,31.95645308675575,185.46321518023808,69.8427094505479,70.21839675708495,69,pp22_1-11-2012_c1.S00
22,1,50,70.60483907168829,27.774386728778047,196.01428702771665,68.79787140597278,70.60483907168829,70,pp22_1-11-2012_c1.S00
22,1,51,66.99828041773267,40.673005644140446,190.00110882520676,67.56370877775674,66.99828041773267,67,pp22_1-11-2012_c1.S00
22,1,52,72.30871237236441,33.43725919955121,185.49591476619244,72.10884319034716,72.30871237236441,72,pp22_1-11-2012_c1.S00
22,1,53,74.6010337189269,29.327237495015694,179.99363468090692,74.26142456475645,74.6010337189269,75,pp22_1-11-2012_c1.S00
22,1,54,65.22235295158394,58.208201437274866,174.80558436214923,65.29370502593616,65.22235295158394,64,pp22_1-11-2012_c1.S00
22,2,1,68.66051098663165,80.7629207852443,213.23456472158432,72.19543749466538,68.66051098663165,59,pp22_1-11-2012_c2.S00
22,2,2,64.10079953452444,218.31156499516865,208.59391695261002,64.33402001193414,64.10079953452444,60,pp22_1-11-2012_c2.S00
22,2,3,76.58295993036975,97.69898667393201,201.8052575270335,75.67333042804772,76.58295993036975,69,pp22_1-11-2012_c2.S00
22,2,4,69.40828098522842,65.15435890728371,199.2055598328511,71.11288968874142,69.40828098522842,70,pp22_1-11-2012_c2.S00
22,2,5,66.00700168559098,126.4555659667051,229.66790799001853,65.55541425726067,66.00700168559098,63,pp22_1-11-2012_c2.S00
22,2,6,76.86470753440396,268.3177388193162,229.9510719269514,78.42733860937878,76.86470753440396,65,pp22_1-11-2012_c2.S00
22,2,7,78.06861499364676,217.41302341471246,229.29808709919453,97.6267758163313,78.06861499364676,71,pp22_1-11-2012_c2.S00
22,2,8,80.03398181972645,462.94040045683596,190.24053086837134,83.32938254770512,80.03398181972645,60,pp22_1-11-2012_c2.S00
22,2,9,70.92168353755994,522.7284629836795,204.17140739162764,93.71985872859756,70.92168353755994,52,pp22_1-11-2012_c2.S00
22,2,10,100.26374983460504,280.18703450651594,188.42485488057136,91.58225061300521,100.26374983460504,57,pp22_1-11-2012_c2.S00
22,2,11,73.10013628398987,631.4560035431292,189.29686731696128,95.92243763478473,73.10013628398987,61,pp22_1-11-2012_c2.S00
22,2,12,70.44548338950885,209.25970746382754,224.21988474130632,70.31899457651501,70.44548338950885,63,pp22_1-11-2012_c2.S00
22,2,13,75.27915756010331,276.1081879314146,258.14406305253505,62.14333834909238,75.27915756010331,51,pp22_1-11-2012_c2.S00
22,2,14,61.53291470119881,216.46053358772284,175.52125326593716,63.30161980881045,61.53291470119881,58,pp22_1-11-2012_c2.S00
22,2,15,63.10775387051561,62.49971592615378,212.3908076097568,67.02180631104856,63.10775387051561,61,pp22_1-11-2012_c2.S00
22,2,16,77.46034947931113,226.9956460274727,172.93509685893852,70.91512528369203,77.46034947931113,61,pp22_1-11-2012_c2.S00
22,2,17,76.18030253896191,324.3363063901586,165.93028989434242,81.64850986491268,76.18030253896191,71,pp22_1-11-2012_c2.S00
22,2,18,63.61002965758965,269.78019724029235,175.30961183408897,71.6338668595689,63.61002965758965,60,pp22_1-11-2012_c2.S00
22,2,19,61.02213105905214,336.7719120032352,193.63410562177498,67.65744891033198,61.02213105905214,54,pp22_1-11-2012_c2.S00
22,2,20,68.14448841723173,216.94217003455574,171.63744236727555,70.47036518879855,68.14448841723173,55,pp22_1-11-2012_c2.S00
22,2,21,64.04637504290454,218.58413402465501,195.55402896106244,62.31457847437511,64.04637504290454,55,pp22_1-11-2012_c2.S00
22,2,22,55.09572703223781,145.9535449919565,273.20944627622765,58.47090943939984,55.09572703223781,55,pp22_1-11-2012_c2.S00
22,2,23,82.17827457724276,327.89020614954774,174.65058486759662,78.4266866990986,82.17827457724276,61,pp22_1-11-2012_c2.S00
22,2,24,69.70857135318408,336.71675460101125,186.91979463597139,65.2917804547896,69.70857135318408,54,pp22_1-11-2012_c2.S00
22,2,25,65.75371786582238,272.2290420653394,174.44638464053472,63.846661943818134,65.75371786582238,56,pp22_1-11-2012_c2.S00
22,2,26,60.957420421661844,107.7266420645528,181.70333321193854,66.21421718836451,60.957420421661844,61,pp22_1-11-2012_c2.S00
22,3,1,68.75344818612398,407.2635568924116,201.18125448388358,83.40746246185154,68.75344818612398,53,pp22_1-11-2012_c3.S00
22,3,2,61.29187796159282,178.2095306051244,226.07176207800705,65.7837891010257,61.29187796159282,58,pp22_1-11-2012_c3.S00
22,3,3,75.69736742852832,27.991124585705908,326.12883042693136,63.7107539575547,75.69736742852832,66,pp22_1-11-2012_c3.S00
22,3,4,73.98730789815735,46.70289963725791,226.80098884205023,71.9032321072494,73.98730789815735,72,pp22_1-11-2012_c3.S00
22,3,5,63.8006230529595,65.00922291019778,265.64081573188304,63.46158136567101,63.8006230529595,62,pp22_1-11-2012_c3.S00
22,3,6,55.11961722488038,133.68421680052606,374.4351534217596,56.11579141470914,55.11961722488038,55,pp22_1-11-2012_c3.S00
22,3,7,67.01936187619307,46.65481387726386,277.0075711886088,63.464217691899584,67.01936187619307,64,pp22_1-11-2012_c3.S00
22,3,8,68.03741017585672,52.0871987497913,224.85455473661423,63.02708358202751,68.03741017585672,62,pp22_1-11-2012_c3.S00
22,3,9,55.1998602434094,110.80089535096471,204.1322836657365,54.95083092491453,55.1998602434094,55,pp22_1-11-2012_c3.S00
22,3,10,55.374338402269096,115.29522856924723,223.68109841048718,56.90889007980004,55.374338402269096,56,pp22_1-11-2012_c3.S00
22,3,11,64.17235835628783,34.01263585622531,203.68005995452404,59.57967742619415,64.17235835628783,61,pp22_1-11-2012_c3.S00
22,3,12,56.442796679681095,81.67950408385563,202.25489402314028,57.799010270182045,56.442796679681095,57,pp22_1-11-2012_c3.S00
22,3,13,60.44067994431059,95.62571520362725,185.74808757901192,60.94972054014603,60.44067994431059,60,pp22_1-11-2012_c3.S00
22,3,14,51.310824399638676,90.2250739253992,220.54401642382146,51.434866438806054,51.310824399638676,52,pp22_1-11-2012_c3.S00
22,3,15,54.13723284589426,94.1056953552733,208.47209362983705,54.149699554499236,54.13723284589426,53,pp22_1-11-2012_c3.S00
22,3,16,64.72333815415931,56.18915409370414,178.57365617553393,61.964336085598916,64.72333815415931,64,pp22_1-11-2012_c3.S00
22,3,17,57.62974749801098,104.42334080985174,170.34800505936147,59.674523688914874,57.62974749801098,57,pp22_1-11-2012_c3.S00
22,3,18,51.88205490547504,96.8384130155586,182.42508833309014,53.7462253117313,51.88205490547504,53,pp22_1-11-2012_c3.S00
23,1,1,,,163.665026888748,,,6,pp23_1-11-2012_c1.S00
23,1,2,50.247660815420815,,194.2664980093638,50.247660815420815,,1,pp23_1-11-2012_c1.S00
23,1,3,,,254.52035725613436,,,2,pp23_1-11-2012_c1.S00
23,1,4,,,239.16255870660146,,,1,pp23_1-11-2012_c1.S00
23,1,5,,,231.69864416321118,,,0,pp23_1-11-2012_c1.S00
23,1,6,,,147.25047742426395,,,1,pp23_1-11-2012_c1.S00
23,1,7,,,145.4651657919089,,,1,pp23_1-11-2012_c1.S00
23,2,1,87.73077064415672,,,87.73077064415672,,3,pp23_1-11-2012_c2.S00
23,2,2,82.76413622289009,,,82.76413622289009,,4,pp23_1-11-2012_c2.S00
23,2,3,,,,,,5,pp23_1-11-2012_c2.S00
23,2,4,,,,,,7,pp23_1-11-2012_c2.S00
23,2,5,,,,,,1,pp23_1-11-2012_c2.S00
23,2,6,,,,,,0,pp23_1-11-2012_c2.S00
23,2,7,,,,,,0,pp23_1-11-2012_c2.S00
23,2,1,,,,,,1,pp23_1-11-2012_c2_cont.S00
23,2,2,,,,,,2,pp23_1-11-2012_c2_cont.S00
23,2,3,,,,,,0,pp23_1-11-2012_c2_cont.S00
23,2,4,,,,,,0,pp23_1-11-2012_c2_cont.S00
23,2,5,,,,,,0,pp23_1-11-2012_c2_cont.S00
23,2,6,,,,,,0,pp23_1-11-2012_c2_cont.S00
23,2,7,,,,,,0,pp23_1-11-2012_c2_cont.S00
23,2,8,,,,,,0,pp23_1-11-2012_c2_cont.S00
23,2,9,55.2363566693361,,,55.2363566693361,,2,pp23_1-11-2012_c2_cont.S00
23,2,10,58.904517519873615,,,58.904517519873615,,5,pp23_1-11-2012_c2_cont.S00
23,2,11,115.90983679601321,,,115.90983679601321,,1,pp23_1-11-2012_c2_cont.S00
23,2,12,,,,,,3,pp23_1-11-2012_c2_cont.S00
23,2,13,,,,,,2,pp23_1-11-2012_c2_cont.S00
23,2,14,64.9939948175395,,,64.9939948175395,,3,pp23_1-11-2012_c2_cont.S00
23,2,15,70.4587173461914,,,70.4587173461914,,0,pp23_1-11-2012_c2_cont.S00
23,2,16,70.4587173461914,,,70.4587173461914,,0,pp23_1-11-2012_c2_cont.S00
23,2,17,77.31372002927024,,,77.31372002927024,,6,pp23_1-11-2012_c2_cont.S00
23,2,18,,,,,,3,pp23_1-11-2012_c2_cont.S00
23,2,19,53.55829068726092,,,53.55829068726092,,4,pp23_1-11-2012_c2_cont.S00
23,2,20,,,,,,1,pp23_1-11-2012_c2_cont.S00
23,2,21,,,,,,1,pp23_1-11-2012_c2_cont.S00
23,2,22,,,,,,0,pp23_1-11-2012_c2_cont.S00
23,2,23,,,,,,0,pp23_1-11-2012_c2_cont.S00
23,2,24,,,,,,0,pp23_1-11-2012_c2_cont.S00
23,2,25,,,,,,0,pp23_1-11-2012_c2_cont.S00
23,2,26,,,,,,0,pp23_1-11-2012_c2_cont.S00
23,2,27,,,,,,0,pp23_1-11-2012_c2_cont.S00
23,2,28,,,,,,1,pp23_1-11-2012_c2_cont.S00
23,2,29,,,,,,2,pp23_1-11-2012_c2_cont.S00
23,2,30,,,,,,1,pp23_1-11-2012_c2_cont.S00
23,2,31,,,,,,0,pp23_1-11-2012_c2_cont.S00
23,2,32,,,,,,0,pp23_1-11-2012_c2_cont.S00
23,2,33,,,,,,1,pp23_1-11-2012_c2_cont.S00
23,2,34,,,,,,0,pp23_1-11-2012_c2_cont.S00
23,2,35,83.83292262602549,,,83.83292262602549,,3,pp23_1-11-2012_c2_cont.S00
23,2,36,87.45907592773438,,,87.45907592773438,,0,pp23_1-11-2012_c2_cont.S00
23,2,37,82.22571892084552,,,82.22571892084552,,2,pp23_1-11-2012_c2_cont.S00
23,2,38,77.8442435249898,,,77.8442435249898,,5,pp23_1-11-2012_c2_cont.S00
23,2,39,69.04663794718111,21.086741095399592,,77.01272106071313,69.04663794718111,7,pp23_1-11-2012_c2_cont.S00
23,2,40,87.45907592773438,,,87.45907592773438,,0,pp23_1-11-2012_c2_cont.S00
23,2,41,87.45907592773438,,,87.45907592773438,,0,pp23_1-11-2012_c2_cont.S00
23,3,1,93.11716183117872,,,93.11716183117872,,7,pp23_1-11-2012_c3.S00
23,3,2,,,,,,0,pp23_1-11-2012_c3.S00
23,3,3,,,,,,1,pp23_1-11-2012_c3.S00
23,3,4,,,,,,0,pp23_1-11-2012_c3.S00
23,3,5,69.81024883535962,55.466149497524945,,45.80558932654645,69.81024883535962,19,pp23_1-11-2012_c3.S00
23,3,6,63.653735466789456,45.43377661895749,,43.87716390504048,63.653735466789456,29,pp23_1-11-2012_c3.S00
23,3,7,61.31226611226611,512.0532158524817,,47.21784505460285,61.31226611226611,11,pp23_1-11-2012_c3.S00
23,3,8,,,,,,0,pp23_1-11-2012_c3.S00
23,3,9,66.61606852434133,508.6693210974179,,61.02300532201914,66.61606852434133,17,pp23_1-11-2012_c3.S00
23,3,10,,,,,,0,pp23_1-11-2012_c3.S00
23,3,11,,,,,,6,pp23_1-11-2012_c3.S00
23,3,12,36.0791720817973,,,36.0791720817973,,2,pp23_1-11-2012_c3.S00
23,3,13,,,,,,1,pp23_1-11-2012_c3.S00
23,3,14,60.0101910688222,,,60.0101910688222,,9,pp23_1-11-2012_c3.S00
23,3,15,77.1138730217663,,,77.1138730217663,,7,pp23_1-11-2012_c3.S00
23,3,16,83.42504910530063,,,83.42504910530063,,2,pp23_1-11-2012_c3.S00
23,3,17,,,,,,0,pp23_1-11-2012_c3.S00
23,3,18,,,,,,1,pp23_1-11-2012_c3.S00
23,3,19,,,,,,1,pp23_1-11-2012_c3.S00
23,3,20,,,,,,0,pp23_1-11-2012_c3.S00
23,3,21,,,,,,1,pp23_1-11-2012_c3.S00
23,3,22,,,,,,1,pp23_1-11-2012_c3.S00
23,3,23,,,,,,3,pp23_1-11-2012_c3.S00
23,3,24,68.31141085811639,,,68.31141085811639,,3,pp23_1-11-2012_c3.S00
23,3,25,75.66761242731302,,,75.66761242731302,,5,pp23_1-11-2012_c3.S00
23,3,26,,,,,,1,pp23_1-11-2012_c3.S00
23,3,27,,,,,,0,pp23_1-11-2012_c3.S00
23,3,28,,,,,,1,pp23_1-11-2012_c3.S00
23,3,29,,,,,,0,pp23_1-11-2012_c3.S00
23,3,30,76.1768013906979,,,76.1768013906979,,2,pp23_1-11-2012_c3.S00
23,3,31,72.5650672021022,,,72.5650672021022,,10,pp23_1-11-2012_c3.S00
23,3,32,,,,,,1,pp23_1-11-2012_c3.S00
23,3,33,,,,,,0,pp23_1-11-2012_c3.S00
23,3,34,,,,,,1,pp23_1-11-2012_c3.S00
23,3,35,,,,,,2,pp23_1-11-2012_c3.S00
23,3,36,,,,,,2,pp23_1-11-2012_c3.S00
23,3,37,,,,,,0,pp23_1-11-2012_c3.S00
23,3,38,,,,,,2,pp23_1-11-2012_c3.S00
23,3,39,,,,,,1,pp23_1-11-2012_c3.S00
24,1,1,101.56663275686674,308.20215544973183,318.1315281584859,116.46644255885234,101.56663275686674,96,pp24_5-11-2012_c1.S00
24,1,2,95.1693195171456,41.85515151848452,308.35239167412124,103.00718927439303,95.1693195171456,93,pp24_5-11-2012_c1.S00
24,1,3,100.53660600931019,301.110891477409,305.08130357464154,107.86941654557982,100.53660600931019,93,pp24_5-11-2012_c1.S00
24,1,4,92.22683526986329,17.379376185258476,305.6154478212198,92.69505341351032,92.22683526986329,90,pp24_5-11-2012_c1.S00
24,1,5,91.79101056831205,18.913297501993675,314.1178932885329,92.13583364263177,91.79101056831205,92,pp24_5-11-2012_c1.S00
24,1,6,89.8569773405003,20.05679148507254,353.3384552458922,88.56484148049107,89.8569773405003,88,pp24_5-11-2012_c1.S00
24,1,7,87.51657261819975,25.708264806101365,340.4255784928799,88.1726935589686,87.51657261819975,88,pp24_5-11-2012_c1.S00
24,1,8,97.81342803784099,201.72326011772907,329.3478962103526,97.3201871085912,97.81342803784099,89,pp24_5-11-2012_c1.S00
24,1,9,107.16572272839201,171.59941902809655,310.17318778832754,105.87673904088636,107.16572272839201,95,pp24_5-11-2012_c1.S00
24,1,10,91.32009543801092,24.164284493183064,261.0430406967799,108.99096596601109,91.32009543801092,94,pp24_5-11-2012_c1.S00
24,1,11,144.24618940981003,32.019731730165894,265.3656394213438,124.46191694394996,144.24618940981003,90,pp24_5-11-2012_c1.S00
24,1,12,103.02326847486417,200.1041464311454,272.5828354934851,113.20664987626175,103.02326847486417,87,pp24_5-11-2012_c1.S00
24,1,13,86.73997335507347,33.9713336244297,275.50191935102146,85.2027641363442,86.73997335507347,84,pp24_5-11-2012_c1.S00
24,1,14,88.77376227282222,368.33052602512834,285.75580457846326,100.54889496993273,88.77376227282222,86,pp24_5-11-2012_c1.S00
24,1,15,90.14478950823047,73.76346192792997,284.52637466589607,104.98320230233172,90.14478950823047,93,pp24_5-11-2012_c1.S00
24,1,16,83.85188158554942,35.994276069333885,283.8523299773534,86.58296336829662,83.85188158554942,83,pp24_5-11-2012_c1.S00
24,1,17,86.38491439913986,89.41860282439497,275.906636963288,84.76749140489846,86.38491439913986,78,pp24_5-11-2012_c1.S00
24,1,18,89.0143193117204,22.467718160531824,272.1866094420354,86.9064017806823,89.0143193117204,87,pp24_5-11-2012_c1.S00
24,1,19,88.81093947249232,19.339116465489784,269.9872408012549,87.80453952141106,88.81093947249232,87,pp24_5-11-2012_c1.S00
24,1,20,88.34525201786843,15.900933345703844,273.653457770745,87.68506705605735,88.34525201786843,87,pp24_5-11-2012_c1.S00
24,1,21,89.11151111744213,38.422096476039414,264.06341327428817,99.41433709890892,89.11151111744213,87,pp24_5-11-2012_c1.S00
24,1,22,85.62415274100164,41.08107523529727,264.91724321246147,90.15201452709735,85.62415274100164,85,pp24_5-11-2012_c1.S00
24,1,23,86.9321527191401,27.885764746448764,269.4002472579479,92.98208965845406,86.9321527191401,88,pp24_5-11-2012_c1.S00
24,1,24,86.9024045261669,23.789247532394356,277.56909044583637,89.21309276403238,86.9024045261669,87,pp24_5-11-2012_c1.S00
24,1,25,86.6768241069917,16.58165834709668,278.92918382287024,85.64889833560834,86.6768241069917,86,pp24_5-11-2012_c1.S00
24,1,26,86.59170751422324,27.356890873892446,276.3849360148112,87.21629247814417,86.59170751422324,84,pp24_5-11-2012_c1.S00
24,1,27,84.87198418558125,52.050824644188,282.9927389303843,83.72537531784425,84.87198418558125,79,pp24_5-11-2012_c1.S00
24,1,28,87.92320076322224,21.2655465637622,277.6828603744507,89.37163137178868,87.92320076322224,86,pp24_5-11-2012_c1.S00
24,1,29,85.41003055905087,30.387968328222726,272.4982614586751,88.46835081335158,85.41003055905087,83,pp24_5-11-2012_c1.S00
24,1,30,124.06844510574982,67.7942387777916,281.59280423323315,105.86968058788528,124.06844510574982,79,pp24_5-11-2012_c1.S00
24,1,31,129.35522400145757,102.08570485987693,269.3599692950646,111.47802798760434,129.35522400145757,79,pp24_5-11-2012_c1.S00
24,1,32,123.16185115938397,134.56028359451858,272.8649845610062,108.01641719986995,123.16185115938397,80,pp24_5-11-2012_c1.S00
24,1,33,91.99549041713641,390.0742199132846,272.7512942214807,105.9136762947465,91.99549041713641,89,pp24_5-11-2012_c1.S00
24,1,34,95.41902647771298,298.20863558128343,272.95979814827444,105.6672668227305,95.41902647771298,94,pp24_5-11-2012_c1.S00
24,1,35,86.30190987562021,62.32386926536091,262.557126134634,93.57414272539317,86.30190987562021,88,pp24_5-11-2012_c1.S00
24,1,36,85.92218987138632,26.983669499295623,256.79317683378855,93.6497769397994,85.92218987138632,86,pp24_5-11-2012_c1.S00
24,1,37,90.73796594003353,57.21581441007085,247.46890899439651,95.30303563854346,90.73796594003353,85,pp24_5-11-2012_c1.S00
24,1,38,90.45155722516944,26.56049061390011,254.4449273576339,98.07982589099556,90.45155722516944,92,pp24_5-11-2012_c1.S00
24,1,39,89.60700054691772,33.49351830063818,244.7098919401566,101.25945612403254,89.60700054691772,90,pp24_5-11-2012_c1.S00
24,1,40,88.30248939832148,15.622806395091386,252.71692159275213,88.03011464222024,88.30248939832148,88,pp24_5-11-2012_c1.S00
24,1,41,89.74622830731664,30.951606983438108,251.88327399392924,90.32474075760692,89.74622830731664,87,pp24_5-11-2012_c1.S00
24,1,42,85.5801453538391,392.78631015574786,247.48032807509105,99.32119363695384,85.5801453538391,86,pp24_5-11-2012_c1.S00
24,1,43,87.170046369991,337.58400777233595,245.99339682757855,97.18880649513254,87.170046369991,85,pp24_5-11-2012_c1.S00
24,1,44,96.59005028837684,300.03374247247433,254.97734809219838,102.26177448586871,96.59005028837684,90,pp24_5-11-2012_c1.S00
24,1,45,90.24694066365899,412.61939339297174,249.0476869324843,105.26880355371783,90.24694066365899,83,pp24_5-11-2012_c1.S00
24,1,46,89.35903476248029,312.4495765332419,239.46927905281385,94.94448541781554,89.35903476248029,81,pp24_5-11-2012_c1.S00
24,1,47,103.20659205956461,121.39918787605114,243.9867708871762,97.08058322624613,103.20659205956461,87,pp24_5-11-2012_c1.S00
24,1,48,135.58999779313154,51.732002876760525,240.10966554085414,111.09346917824199,135.58999779313154,90,pp24_5-11-2012_c1.S00
24,1,49,89.69343065693431,19.88378136453273,228.20525967677435,93.50553237963467,89.69343065693431,88,pp24_5-11-2012_c1.S00
24,2,1,82.15429186940534,46.52932813373301,239.75703353149194,81.8384720409289,82.15429186940534,80,pp24_5-11-2012_c2.S00
24,2,2,68.34321596770576,56.62154182970934,257.6301931450764,69.0393273585476,68.34321596770576,70,pp24_5-11-2012_c2.S00
24,2,3,78.1237637750777,56.49242308191356,251.45500750243664,77.3586880295227,78.1237637750777,77,pp24_5-11-2012_c2.S00
24,2,4,71.28082736674622,53.34638434170115,251.10188775658608,72.576401964544,71.28082736674622,71,pp24_5-11-2012_c2.S00
24,2,5,74.18776362701824,44.85187904929657,246.87418567736944,72.80982259549201,74.18776362701824,75,pp24_5-11-2012_c2.S00
24,2,6,69.88416536335276,45.53716215393694,243.69292894005775,71.32617224386583,69.88416536335276,69,pp24_5-11-2012_c2.S00
24,2,7,72.6259019380895,46.65815315392997,256.37151748339335,72.66671573296189,72.6259019380895,73,pp24_5-11-2012_c2.S00
24,2,8,71.86616034728458,54.48674312960138,255.64421980679035,70.8432865705341,71.86616034728458,72,pp24_5-11-2012_c2.S00
24,2,9,82.45181420160031,28.45776758843463,218.9622007836898,82.35709788439175,82.45181420160031,82,pp24_5-11-2012_c2.S00
24,2,10,73.8378337777444,48.15307961835721,224.19853345652422,74.82268472587069,73.8378337777444,74,pp24_5-11-2012_c2.S00
24,2,11,76.67340305652048,43.78484849063113,216.50079477727414,74.90830022754768,76.67340305652048,76,pp24_5-11-2012_c2.S00
24,2,12,72.93182754925398,55.62728145488779,210.63470267454784,73.76003575827926,72.93182754925398,73,pp24_5-11-2012_c2.S00
24,2,13,73.73507048621101,55.392698826936005,223.3654626518488,74.14414055061837,73.73507048621101,74,pp24_5-11-2012_c2.S00
24,2,14,75.05122712844202,46.11391083809258,225.84239148100218,74.63306591007859,75.05122712844202,75,pp24_5-11-2012_c2.S00
24,2,15,74.94510856306417,44.945559780905036,225.45003601710002,74.82830741964281,74.94510856306417,74,pp24_5-11-2012_c2.S00
24,2,16,72.78294149808639,41.0966980170424,225.88296532928945,72.45424184991667,72.78294149808639,73,pp24_5-11-2012_c2.S00
24,2,17,81.47883979534234,31.925222467691317,217.1632108350595,80.60712356871615,81.47883979534234,80,pp24_5-11-2012_c2.S00
24,2,18,72.09328476788814,55.30562582045177,216.37368295987446,72.65663723684847,72.09328476788814,73,pp24_5-11-2012_c2.S00
24,2,19,70.68879752296839,52.999375726648346,217.8916924804449,71.4178695148478,70.68879752296839,71,pp24_5-11-2012_c2.S00
24,2,20,71.93646915088577,43.31318103321892,214.82630991439024,71.90765629174808,71.93646915088577,72,pp24_5-11-2012_c2.S00
24,2,21,74.62575809256009,51.16443660859034,208.57281066775323,74.40288369910171,74.62575809256009,74,pp24_5-11-2012_c2.S00
24,2,22,71.49748002458513,55.77339010133772,207.34127052823703,72.03378223602971,71.49748002458513,72,pp24_5-11-2012_c2.S00
24,2,23,70.74509129967777,51.550456900915556,197.7487092723449,71.03906377417346,70.74509129967777,71,pp24_5-11-2012_c2.S00
24,2,24,65.58113110097271,51.89887145339758,210.0224180698395,65.93812143728137,65.58113110097271,65,pp24_5-11-2012_c2.S00
24,2,25,71.48214109918827,43.43889693888678,207.09860026935738,71.36293056706587,71.48214109918827,72,pp24_5-11-2012_c2.S00
24,2,26,71.07174432151504,44.827396142534894,204.21705884436767,70.88103074698398,71.07174432151504,71,pp24_5-11-2012_c2.S00
24,2,27,70.37288875152265,40.22026925822478,210.69999156693618,71.14594945497811,70.37288875152265,71,pp24_5-11-2012_c2.S00
24,2,28,71.15720693857443,49.91528385632461,208.89950162470342,70.64106383177763,71.15720693857443,70,pp24_5-11-2012_c2.S00
24,2,29,70.89188165936503,38.5491441226236,207.12588227689267,72.08999996598189,70.89188165936503,72,pp24_5-11-2012_c2.S00
24,2,30,70.94138023144598,47.303180405682944,198.39489966531593,71.12610229970888,70.94138023144598,72,pp24_5-11-2012_c2.S00
24,2,31,69.68817641331985,46.153403466135394,201.00939512848853,70.11956498340393,69.68817641331985,69,pp24_5-11-2012_c2.S00
24,2,32,68.21385994448742,36.61756710449593,199.46157239774863,69.47049290388823,68.21385994448742,70,pp24_5-11-2012_c2.S00
24,2,33,70.97159830579952,38.914702360073456,198.63444982071718,71.43592982925475,70.97159830579952,71,pp24_5-11-2012_c2.S00
24,2,34,69.79672790591566,39.471481635453785,192.60239476064842,70.18581224710991,69.79672790591566,70,pp24_5-11-2012_c2.S00
24,2,35,66.28195282501372,45.60080490821174,200.51898635327817,67.27122909377019,66.28195282501372,67,pp24_5-11-2012_c2.S00
24,2,36,69.20926422146746,49.44439076463135,194.23013249437014,69.75654189307242,69.20926422146746,70,pp24_5-11-2012_c2.S00
24,2,37,72.68497067087297,46.87134634473445,194.44474973281226,72.39584181265285,72.68497067087297,73,pp24_5-11-2012_c2.S00
24,2,38,76.57839471392717,38.53509692310876,189.3539889405171,76.3593157818541,76.57839471392717,77,pp24_5-11-2012_c2.S00
24,2,39,78.19513147065561,64.14639455897017,187.05472257634003,82.85324457362294,78.19513147065561,79,pp24_5-11-2012_c2.S00
24,3,1,91.07422448002717,363.78605560069826,185.91628294649223,106.72674067200472,91.07422448002717,68,pp24_5-11-2012_c3.S00
24,3,2,78.54143090657614,335.8067990146951,213.51337199211122,85.42279434722538,78.54143090657614,69,pp24_5-11-2012_c3.S00
24,3,3,74.92442476172138,499.5983375225726,187.7847305446863,94.30546605782584,74.92442476172138,66,pp24_5-11-2012_c3.S00
24,3,4,111.6449885233359,190.8642458662121,191.9516034613053,95.6535739681994,111.6449885233359,60,pp24_5-11-2012_c3.S00
24,3,5,99.13082450662563,299.070030089474,167.26279980242253,103.08632026178141,99.13082450662563,74,pp24_5-11-2012_c3.S00
24,3,6,76.9989138608071,521.1014814506475,162.17184216082097,98.92986756137883,76.9989138608071,59,pp24_5-11-2012_c3.S00
24,3,7,86.54917900482766,447.37395878103285,161.09862575332323,99.43937963892176,86.54917900482766,61,pp24_5-11-2012_c3.S00
24,3,8,82.63965365054013,511.50021294037003,157.62557029326757,106.0729306064546,82.63965365054013,62,pp24_5-11-2012_c3.S00
24,3,9,115.62900990607196,188.54999886795093,158.6812943905592,108.42011587290715,115.62900990607196,76,pp24_5-11-2012_c3.S00
24,3,10,129.23076923076923,102.13920498049984,158.13889047900835,105.4184997819364,129.23076923076923,76,pp24_5-11-2012_c3.S00
24,3,11,95.46264018645047,353.9157122019307,160.85141845047474,98.64206717039148,95.46264018645047,56,pp24_5-11-2012_c3.S00
24,3,12,136.18865833384643,112.53794075739789,156.04176590045293,112.13924228055403,136.18865833384643,62,pp24_5-11-2012_c3.S00
24,3,13,147.02245471493362,77.82334719536372,156.06561064521472,126.74243348923822,147.02245471493362,68,pp24_5-11-2012_c3.S00
24,3,14,117.33027785734747,257.13963055362086,155.48758682012559,101.85112614718577,117.33027785734747,63,pp24_5-11-2012_c3.S00
24,3,15,75.73115797494454,540.7646240636087,150.80619130631288,115.6819160812224,75.73115797494454,67,pp24_5-11-2012_c3.S00
24,3,16,83.27692399689052,597.6227812438052,158.34818655252457,119.04653477134804,83.27692399689052,75,pp24_5-11-2012_c3.S00
24,3,17,151.59230430312823,104.54062040908323,159.55581406354904,130.8438117094338,151.59230430312823,81,pp24_5-11-2012_c3.S00
24,3,18,103.4778947368421,353.23232703758765,160.95496187408764,117.59221371687649,103.4778947368421,85,pp24_5-11-2012_c3.S00
24,3,19,137.5650713685978,129.29767433379877,171.92039450804393,129.14856657244619,137.5650713685978,81,pp24_5-11-2012_c3.S00
24,3,20,104.5342407486176,336.93821749852987,169.8619701008002,122.08474503678013,104.5342407486176,62,pp24_5-11-2012_c3.S00
24,3,21,141.78915990897144,119.78027731890892,167.05035606424013,121.02506446354091,141.78915990897144,69,pp24_5-11-2012_c3.S00
24,3,22,122.91466823975993,240.57918380969724,172.275910410285,133.6187146400308,122.91466823975993,67,pp24_5-11-2012_c3.S00
24,3,23,88.8724478907306,416.5710228183798,180.18090707759063,116.62835094956681,88.8724478907306,72,pp24_5-11-2012_c3.S00
24,3,24,86.02612888291685,383.26926626113027,171.62417891720932,99.91515745700647,86.02612888291685,70,pp24_5-11-2012_c3.S00
24,3,25,80.26204960224614,490.9719270276883,170.69118496477603,108.30181639827788,80.26204960224614,76,pp24_5-11-2012_c3.S00
24,3,26,78.76682640945026,628.8463951554312,167.73393372098604,114.89212106304863,78.76682640945026,73,pp24_5-11-2012_c3.S00
25,1,1,110.69472470452581,12.021554931151107,89.45195165481418,112.23423395047479,110.69472470452581,110,pp25_7-11-2012_c1.S00
25,1,2,104.27445751000123,7.309300192888411,109.08171200454235,105.69609696598103,104.27445751000123,104,pp25_7-11-2012_c1.S00
25,1,3,104.30827542640556,8.85424410424254,121.45987795094649,102.97501478487005,104.30827542640556,104,pp25_7-11-2012_c1.S00
25,1,4,103.28186825975638,8.148821974376641,127.76609290540219,112.60126968473196,103.28186825975638,101,pp25_7-11-2012_c1.S00
25,1,5,103.74446621277885,8.092064503758294,126.9738598143061,111.36409786697477,103.74446621277885,105,pp25_7-11-2012_c1.S00
25,1,6,100.71474475397468,7.734589856639236,112.38597015192111,101.61051549203694,100.71474475397468,101,pp25_7-11-2012_c1.S00
25,1,7,100.15630244042767,15.983586714204302,125.19911900758743,102.42072471057375,100.15630244042767,92,pp25_7-11-2012_c1.S00
25,1,8,103.17380352644837,55.06576756047305,125.16366799175739,110.60040425310532,103.17380352644837,101,pp25_7-11-2012_c1.S00
25,1,9,110.62899156905591,7.608253501074059,91.32951373954614,114.05662486224125,110.62899156905591,111,pp25_7-11-2012_c1.S00
25,1,10,109.52847847401728,11.738506907546054,97.14855626275143,111.86581141545126,109.52847847401728,107,pp25_7-11-2012_c1.S00
25,1,11,123.75636776709489,94.86329508785734,112.90874785532554,127.02467363110433,123.75636776709489,107,pp25_7-11-2012_c1.S00
25,1,12,102.27535191485376,10.927418482551836,143.74027538647255,111.10925019079198,102.27535191485376,104,pp25_7-11-2012_c1.S00
25,1,13,104.09454234359667,10.344189591301063,104.5361526782314,104.12418986770014,104.09454234359667,104,pp25_7-11-2012_c1.S00
25,1,14,103.510824496214,12.070093045757826,111.34770419249932,102.88862296889225,103.510824496214,102,pp25_7-11-2012_c1.S00
25,1,15,107.74523338681394,7.533516867221701,105.71746278355519,106.4921734145532,107.74523338681394,107,pp25_7-11-2012_c1.S00
25,1,16,106.59675367235995,9.372862382849084,109.77614182780187,104.63571969885379,106.59675367235995,104,pp25_7-11-2012_c1.S00
25,1,17,105.35966740112262,11.576427810458556,113.77369824101528,103.29405762807777,105.35966740112262,102,pp25_7-11-2012_c1.S00
25,1,18,102.81085398087052,8.080119087346228,143.7276257996758,109.37552557258556,102.81085398087052,107,pp25_7-11-2012_c1.S00
25,1,19,102.21280793894901,16.640208317328682,116.06145323912303,106.41138217138747,102.21280793894901,101,pp25_7-11-2012_c1.S00
25,1,20,101.43147033533964,11.175165472378014,143.5750815888246,107.14097913894803,101.43147033533964,99,pp25_7-11-2012_c1.S00
25,1,21,114.89535323007179,255.79206963423692,131.03210072865087,130.50708724508684,114.89535323007179,105,pp25_7-11-2012_c1.S00
25,1,22,101.66161563381753,16.515093645642,117.33024001618226,101.20794036158671,101.66161563381753,100,pp25_7-11-2012_c1.S00
25,1,23,101.54642138545559,10.75936847977354,121.1385909413298,103.2085004688551,101.54642138545559,102,pp25_7-11-2012_c1.S00
25,1,24,102.80141504923989,11.554992844593245,111.07650468796491,100.35425335963568,102.80141504923989,100,pp25_7-11-2012_c1.S00
25,1,25,104.12143148556902,10.390614674498512,106.96768726855517,108.230169043007,104.12143148556902,101,pp25_7-11-2012_c1.S00
25,1,26,102.31223215378964,9.974018335239352,123.28718851606051,112.41931316206852,102.31223215378964,95,pp25_7-11-2012_c1.S00
25,1,27,102.06206117521982,15.855176337116946,120.86804865847031,106.25249177385122,102.06206117521982,101,pp25_7-11-2012_c1.S00
25,1,28,104.76650605211145,9.948151496433324,118.48036268403133,113.82079241170237,104.76650605211145,102,pp25_7-11-2012_c1.S00
25,1,29,102.05342073067273,10.096252205204479,126.35497048695882,101.16474435925484,102.05342073067273,101,pp25_7-11-2012_c1.S00
25,1,30,99.92394345985507,14.078751468206418,133.06424297938744,109.64362980561951,99.92394345985507,94,pp25_7-11-2012_c1.S00
25,1,31,98.91752137966304,12.952059819276931,122.53392849067846,97.0006845653057,98.91752137966304,97,pp25_7-11-2012_c1.S00
25,1,32,102.86797932772392,9.06874413425363,114.16548733860255,102.34577793106436,102.86797932772392,102,pp25_7-11-2012_c1.S00
25,1,33,99.82042086159962,8.890710416743548,129.06004091302555,99.43618391708782,99.82042086159962,100,pp25_7-11-2012_c1.S00
25,1,34,99.09411037337706,11.183618155700056,135.22418324500322,99.68793228932967,99.09411037337706,100,pp25_7-11-2012_c1.S00
25,1,35,97.01672663290512,41.341870197208706,120.79450237403313,102.62336931680512,97.01672663290512,101,pp25_7-11-2012_c1.S00
25,1,36,100.6025282404655,9.973865737284417,116.7964608748754,106.94361850718657,100.6025282404655,103,pp25_7-11-2012_c1.S00
25,1,37,98.00717826012648,11.79704973272065,123.6317490786314,97.01478470930209,98.00717826012648,97,pp25_7-11-2012_c1.S00
25,1,38,95.48672641118985,11.835875342393363,135.95727816720805,95.3966195397079,95.48672641118985,96,pp25_7-11-2012_c1.S00
25,1,39,98.53130943945102,11.189433101003845,135.82090421219667,97.80177377611399,98.53130943945102,97,pp25_7-11-2012_c1.S00
25,1,40,101.75607483891002,18.331951568187677,123.05042668531338,112.5004381633674,101.75607483891002,99,pp25_7-11-2012_c1.S00
25,1,41,101.76328436829674,22.7689548658784,120.90871130774418,116.67687061491112,101.76328436829674,102,pp25_7-11-2012_c1.S00
25,1,42,100.6707010683154,17.035178164949695,129.7776403884093,108.74557761512696,100.6707010683154,100,pp25_7-11-2012_c1.S00
25,1,43,92.44919263069791,28.685763981118175,142.5948614805937,97.15285891321942,92.44919263069791,99,pp25_7-11-2012_c1.S00
25,1,44,90.71938790185719,16.841046863163776,155.93540067970753,96.70250877806296,90.71938790185719,92,pp25_7-11-2012_c1.S00
25,1,45,90.68236327696025,17.627651400778486,144.2058683315913,90.3619157332927,90.68236327696025,91,pp25_7-11-2012_c1.S00
25,1,46,92.87651499657653,9.909451705783077,131.2775367418925,93.10683040743073,92.87651499657653,92,pp25_7-11-2012_c1.S00
25,1,47,90.08039802429967,53.6792268488541,158.3691919664542,100.75339928728839,90.08039802429967,93,pp25_7-11-2012_c1.S00
25,1,48,93.52442626968872,61.66282194464405,138.32018886357545,101.29719022350082,93.52442626968872,99,pp25_7-11-2012_c1.S00
25,1,49,92.87343685584719,17.40216982651658,130.51697039306163,92.24071212615817,92.87343685584719,91,pp25_7-11-2012_c1.S00
25,1,50,88.86554381958321,19.425904048140595,130.99793215046327,92.19346062690019,88.86554381958321,89,pp25_7-11-2012_c1.S00
25,1,51,91.18142788996661,20.230542786403532,144.09951133380335,96.26287816377977,91.18142788996661,94,pp25_7-11-2012_c1.S00
25,2,1,90.90458576585408,29.96277802792293,172.17693380154668,94.45130110097428,90.90458576585408,91,pp25_7-11-2012_c2.S00
25,2,2,82.8005127699438,30.247369053016637,195.54439269204934,82.30656779656807,82.8005127699438,83,pp25_7-11-2012_c2.S00
25,2,3,87.97408315584113,18.79274670327508,229.42375619808834,87.19086176405351,87.97408315584113,87,pp25_7-11-2012_c2.S00
25,2,4,102.80668507953149,204.24225314531256,220.2970553477605,101.5166267686834,102.80668507953149,93,pp25_7-11-2012_c2.S00
25,2,5,106.58555133079848,214.22611428267285,191.43434282441933,104.87788612386211,106.58555133079848,89,pp25_7-11-2012_c2.S00
25,2,6,92.7116342236306,156.3146669296172,226.09167276521524,96.9044970466445,92.7116342236306,84,pp25_7-11-2012_c2.S00
25,2,7,84.91685742668336,33.374710644732154,244.04361419975757,87.56715263047566,84.91685742668336,81,pp25_7-11-2012_c2.S00
25,2,8,123.25416442772703,180.22721347078735,159.21929885248343,120.28133862285564,123.25416442772703,95,pp25_7-11-2012_c2.S00
25,2,9,93.94641993415613,40.11509816524434,171.59517839650314,102.98467650519063,93.94641993415613,83,pp25_7-11-2012_c2.S00
25,2,10,131.63120567375887,83.11988028814481,188.56075781683128,110.00830212067812,131.63120567375887,87,pp25_7-11-2012_c2.S00
25,2,11,127.70413374186958,143.30054638480883,192.8090847760439,116.00205222430328,127.70413374186958,86,pp25_7-11-2012_c2.S00
25,2,12,94.83547613859228,358.44200763345765,214.18839472134908,109.87089712793629,94.83547613859228,90,pp25_7-11-2012_c2.S00
25,2,13,93.48376539488417,124.69674886007205,220.67351186871528,93.48184795857718,93.48376539488417,85,pp25_7-11-2012_c2.S00
25,2,14,141.4010068837974,33.57205163989388,202.57339002291363,119.28872468893726,141.4010068837974,87,pp25_7-11-2012_c2.S00
25,2,15,141.17584675548486,51.478914180497895,184.2116628865401,121.31669046512495,141.17584675548486,80,pp25_7-11-2012_c2.S00
25,2,16,147.2372475179733,31.765541438937927,188.06527443329495,127.49660800906518,147.2372475179733,90,pp25_7-11-2012_c2.S00
25,2,17,138.87783003390572,87.51797636602339,182.02452542384466,130.52735689673574,138.87783003390572,87,pp25_7-11-2012_c2.S00
25,2,18,139.76493527595733,49.693805142067546,184.9752661049366,120.34549584339062,139.76493527595733,91,pp25_7-11-2012_c2.S00
25,2,19,139.6174196174196,49.93351793560259,181.42164142727853,121.52797187492251,139.6174196174196,93,pp25_7-11-2012_c2.S00
25,2,20,113.96714479919704,187.98612342906145,181.60748901466528,113.94169362975906,113.96714479919704,96,pp25_7-11-2012_c2.S00
25,2,21,88.80093390405248,38.41245224624913,200.31373198330402,95.61173129603267,88.80093390405248,84,pp25_7-11-2012_c2.S00
25,2,22,100.40477686989315,262.3369829033256,195.54532546401023,143.67718520305016,100.40477686989315,101,pp25_7-11-2012_c2.S00
25,2,23,119.37446687517772,286.4186392360935,164.92279015630484,133.98596862021202,119.37446687517772,99,pp25_7-11-2012_c2.S00
25,2,24,78.22453004468633,587.8628158328715,168.33289949496586,125.24361247835309,78.22453004468633,91,pp25_7-11-2012_c2.S00
25,3,1,107.58582553799364,206.46698548336786,189.02472876943648,119.52633945463846,107.58582553799364,84,pp25_7-11-2012_c3.S00
25,3,2,112.35185623078742,164.59392502513333,207.02494928340118,106.73109552527016,112.35185623078742,86,pp25_7-11-2012_c3.S00
25,3,3,112.14889047959913,126.97556517419464,225.5905509998401,124.39861908336607,112.14889047959913,91,pp25_7-11-2012_c3.S00
25,3,4,116.08973435173176,235.18811072438456,194.65573711593944,132.32941281894844,116.08973435173176,89,pp25_7-11-2012_c3.S00
25,3,5,87.63392335211729,28.538288185663003,191.9650247146686,98.63107741090158,87.63392335211729,88,pp25_7-11-2012_c3.S00
25,3,6,89.1563113145847,209.57446652245363,183.7432501186927,92.65113009357204,89.1563113145847,81,pp25_7-11-2012_c3.S00
25,3,7,77.5460001237394,38.454124763199474,213.77798224687575,87.618972245045,77.5460001237394,77,pp25_7-11-2012_c3.S00
25,3,8,112.95907693283038,119.36405308639142,203.35966147383053,101.56961280579368,112.95907693283038,85,pp25_7-11-2012_c3.S00
25,3,9,97.12027523362313,225.34459392807648,198.69764074583847,98.99837274570018,97.12027523362313,83,pp25_7-11-2012_c3.S00
25,3,10,125.18391676601279,25.716772860866072,195.13677462836105,102.93270476094136,125.18391676601279,81,pp25_7-11-2012_c3.S00
25,3,11,109.29247719056637,156.55868556083414,200.20727260609468,102.50802883536865,109.29247719056637,79,pp25_7-11-2012_c3.S00
25,3,12,109.64230415955912,185.72765811804146,197.45616292655467,104.1722654633224,109.64230415955912,84,pp25_7-11-2012_c3.S00
25,3,13,114.31717387979813,162.33904398809094,194.63262514173985,107.74352973035226,114.31717387979813,92,pp25_7-11-2012_c3.S00
25,3,14,114.10486681761518,212.34865252957994,192.09438135325908,123.4965257762,114.10486681761518,95,pp25_7-11-2012_c3.S00
25,3,15,120.13056024219871,115.47204660147273,183.74997495313485,105.92671941897521,120.13056024219871,86,pp25_7-11-2012_c3.S00
25,3,16,100.80787561528244,195.02874620017818,198.8257286856572,93.06235493384301,100.80787561528244,79,pp25_7-11-2012_c3.S00
25,3,17,128.9290997282328,33.5845579834338,182.86493330498536,113.77545101344586,128.9290997282328,88,pp25_7-11-2012_c3.S00
25,3,18,115.2893492456654,131.5785173435744,186.67523669401805,101.49304933218906,115.2893492456654,75,pp25_7-11-2012_c3.S00
25,3,19,106.59516580576476,168.51003163944648,191.40667187571526,102.75052729559441,106.59516580576476,84,pp25_7-11-2012_c3.S00
25,3,20,88.28927915106463,171.97257687322104,198.1756557414929,86.13722377599528,88.28927915106463,77,pp25_7-11-2012_c3.S00
25,3,21,91.32811995088218,265.04584800701974,196.6358985175689,87.02149909933408,91.32811995088218,80,pp25_7-11-2012_c3.S00
25,3,22,120.36241939433516,92.32560387603726,183.88921228845913,106.49249499049037,120.36241939433516,77,pp25_7-11-2012_c3.S00
25,3,23,110.01379634250155,138.15477697540192,187.84238421320916,104.23033873842408,110.01379634250155,84,pp25_7-11-2012_c3.S00
25,3,24,138.88388802551114,28.539269170916313,181.96453987956048,114.75728544443845,138.88388802551114,93,pp25_7-11-2012_c3.S00
25,3,25,125.62057958315079,105.88411086753852,180.9598838041226,125.8829634938389,125.62057958315079,90,pp25_7-11-2012_c3.S00
25,3,26,97.6,223.15356836584985,176.5279715448618,107.62711154192561,97.6,81,pp25_7-11-2012_c3.S00
2,1,1,95.46694696433059,45.51941985871595,106.04317936456452,93.73202268416063,95.46694696433059,86,pp2_19-9-2012_c1.S00
2,1,2,70.66887610878254,55.491174923543376,99.2727168450753,82.64323288823168,70.66887610878254,76,pp2_19-9-2012_c1.S00
2,1,3,69.4709504165084,41.41897421316185,105.28133878608544,70.82888552322984,69.4709504165084,70,pp2_19-9-2012_c1.S00
2,1,4,72.08668907084133,31.998718073640575,117.70258904347817,71.67916794735939,72.08668907084133,72,pp2_19-9-2012_c1.S00
2,1,5,90.17467879312834,114.12140183279625,115.88784342110156,84.77779547783236,90.17467879312834,74,pp2_19-9-2012_c1.S00
2,1,6,87.36634651365848,272.71019881646805,133.56752293209234,82.59226551341514,87.36634651365848,71,pp2_19-9-2012_c1.S00
2,1,7,95.18996996710683,221.76586274262158,101.66783494005601,95.29601650138696,95.18996996710683,78,pp2_19-9-2012_c1.S00
2,1,8,82.49961266332696,127.81136260424286,85.22800774276257,82.44627710174149,82.49961266332696,78,pp2_19-9-2012_c1.S00
2,1,9,78.43792901426185,36.76494461181523,92.12544774810473,79.42523296115299,78.43792901426185,77,pp2_19-9-2012_c1.S00
2,1,10,79.66688582073198,33.08927105191666,92.3442292869091,81.78223022346695,79.66688582073198,80,pp2_19-9-2012_c1.S00
2,1,11,75.85448981011338,36.01578425468838,93.39156396339337,75.37285659704358,75.85448981011338,75,pp2_19-9-2012_c1.S00
2,1,12,77.31566789210179,33.92193835306319,96.09816754808028,76.4798969089364,77.31566789210179,76,pp2_19-9-2012_c1.S00
2,1,13,74.67884332679057,33.66696878402269,98.22957585155964,74.6819909937059,74.67884332679057,75,pp2_19-9-2012_c1.S00
2,1,14,74.25414364640883,32.881930380410054,97.06248715619246,74.15153808984905,74.25414364640883,74,pp2_19-9-2012_c1.S00
2,1,15,75.578692148613,37.06489471851402,104.97066216270129,77.07355541530997,75.578692148613,77,pp2_19-9-2012_c1.S00
2,1,16,75.20049735778676,47.82089446030967,102.65930856317281,79.17625043733666,75.20049735778676,76,pp2_19-9-2012_c1.S00
2,1,17,77.80195611243481,28.75082484734428,84.32682779928048,77.48621471524238,77.80195611243481,78,pp2_19-9-2012_c1.S00
2,1,18,75.85315248889728,32.41249206336993,86.04253816654285,75.93507297423979,75.85315248889728,75,pp2_19-9-2012_c1.S00
2,1,19,75.36110703210704,32.44774946452373,88.10020570158959,76.8296269139275,75.36110703210704,77,pp2_19-9-2012_c1.S00
2,1,20,77.92270208931312,25.90266450704354,83.64486316839854,78.01549221761525,77.92270208931312,78,pp2_19-9-2012_c1.S00
2,1,21,77.44698227268289,32.385128029828294,82.8713270381093,76.94689209976544,77.44698227268289,77,pp2_19-9-2012_c1.S00
2,1,22,75.18705240569818,30.825428286889593,83.786931904157,75.1306422829628,75.18705240569818,75,pp2_19-9-2012_c1.S00
2,1,23,78.00231610551147,33.00932238924738,81.54448845436175,78.0199075659737,78.00231610551147,78,pp2_19-9-2012_c1.S00
2,1,24,76.97553542707188,32.078308144449835,84.76378145764271,76.8188020211955,76.97553542707188,78,pp2_19-9-2012_c1.S00
2,1,25,77.08979527820576,28.297308955592154,83.5986248711745,77.06357548801849,77.08979527820576,76,pp2_19-9-2012_c1.S00
2,1,26,77.88339485923274,27.61520936549239,84.81679051816464,77.46677783386161,77.88339485923274,78,pp2_19-9-2012_c1.S00
2,1,27,78.96115023159925,28.355684279646706,83.84072711666425,78.91755920127034,78.96115023159925,78,pp2_19-9-2012_c1.S00
2,1,28,78.02775084307987,29.01402324229595,80.62491259972255,77.86201626497011,78.02775084307987,78,pp2_19-9-2012_c1.S00
2,1,29,77.431822159986,34.4826121417469,80.54101512879133,77.43887542219211,77.431822159986,77,pp2_19-9-2012_c1.S00
2,1,30,78.42500421050765,32.445576107844545,80.38245164752007,77.07940016202629,78.42500421050765,78,pp2_19-9-2012_c1.S00
2,1,31,77.0931712144776,34.206731568151085,79.26625284701586,77.85354382693768,77.0931712144776,77,pp2_19-9-2012_c1.S00
2,1,32,79.4333576514263,28.07111015434852,81.08028704375029,78.43441660733272,79.4333576514263,79,pp2_19-9-2012_c1.S00
2,1,33,77.43792176873725,35.6869468206669,83.59511062353849,76.98200893998145,77.43792176873725,77,pp2_19-9-2012_c1.S00
2,1,34,75.91933570581257,38.93461170218628,82.47851418852807,75.42680315648516,75.91933570581257,76,pp2_19-9-2012_c1.S00
2,1,35,77.71565317721465,35.197519729589565,81.78280679335197,78.09801043750097,77.71565317721465,77,pp2_19-9-2012_c1.S00
2,1,36,75.98432368744308,37.24396274830358,79.93083801865578,75.92172705357274,75.98432368744308,76,pp2_19-9-2012_c1.S00
2,1,37,75.4488628126519,34.810546983812806,80.97109237412612,74.81607380509377,75.4488628126519,75,pp2_19-9-2012_c1.S00
2,1,38,77.1534082929207,33.98100737624898,79.60710078974564,77.30665634628386,77.1534082929207,77,pp2_19-9-2012_c1.S00
2,1,39,75.79301514910797,35.77610890003227,78.99925857633352,77.46448942484955,75.79301514910797,77,pp2_19-9-2012_c1.S00
2,1,40,74.22745928770026,34.90793578151527,81.42458312263092,73.9958377895256,74.22745928770026,75,pp2_19-9-2012_c1.S00
2,1,41,76.4367943419539,32.16531501328361,82.49243413209915,75.86883986325314,76.4367943419539,76,pp2_19-9-2012_c1.S00
2,1,42,76.90063168599535,28.538158892003985,82.14282371401787,75.97293249281743,76.90063168599535,75,pp2_19-9-2012_c1.S00
2,1,43,75.75516732898453,41.151524580059046,79.37573810120423,75.82769790713986,75.75516732898453,76,pp2_19-9-2012_c1.S00
2,1,44,75.71786550548413,36.585401032300354,79.27919228325287,75.6377176605165,75.71786550548413,76,pp2_19-9-2012_c1.S00
2,1,45,77.86296856188503,34.55835827727411,79.27074411660433,77.7016307014972,77.86296856188503,77,pp2_19-9-2012_c1.S00
2,1,46,77.5210972192636,31.536943227824153,81.62891727934282,77.34316490826508,77.5210972192636,78,pp2_19-9-2012_c1.S00
2,1,47,76.46031986277181,27.83179655482637,86.8062571456035,76.32460842424383,76.46031986277181,76,pp2_19-9-2012_c1.S00
2,1,48,79.7955724225174,28.414091555344537,83.86720969080925,79.63985590009639,79.7955724225174,80,pp2_19-9-2012_c1.S00
2,1,49,76.869761941488,32.493436753822344,87.89018634309372,76.66351388649394,76.869761941488,76,pp2_19-9-2012_c1.S00
2,1,50,77.02443776206005,36.04742961974928,86.5634855573376,77.21860788036138,77.02443776206005,78,pp2_19-9-2012_c1.S00
2,1,51,75.05660472082535,34.05394661590862,80.19649315277735,75.1447022240609,75.05660472082535,75,pp2_19-9-2012_c1.S00
2,1,52,76.04211360110895,29.649091594576795,82.9482933998108,75.91384038726488,76.04211360110895,76,pp2_19-9-2012_c1.S00
2,1,53,74.2987774575092,32.56805028328673,85.38806052009265,74.69525899048895,74.2987774575092,74,pp2_19-9-2012_c1.S00
2,1,54,79.22020687996151,25.137899560182763,80.38316204945247,81.04514775164425,79.22020687996151,82,pp2_19-9-2012_c1.S00
2,1,55,75.57509620259476,36.49866271114896,79.82866120437781,76.66666259523481,75.57509620259476,76,pp2_19-9-2012_c1.S00
2,2,1,72.24508624510433,56.69068722034672,75.37069885786623,70.71928690380106,72.24508624510433,71,pp2_19-9-2012_c2.S00
2,2,2,70.53663230936765,47.25790444231948,77.02159732530514,71.00291862953455,70.53663230936765,71,pp2_19-9-2012_c2.S00
2,2,3,71.62508743296806,42.00547448146122,77.25800194094579,71.16064513822397,71.62508743296806,72,pp2_19-9-2012_c2.S00
2,2,4,71.41975945178255,44.442916823887124,80.2014116883278,71.14315106148521,71.41975945178255,70,pp2_19-9-2012_c2.S00
2,2,5,69.5927372318304,55.524880195985894,80.71045814504227,70.03658907841891,69.5927372318304,70,pp2_19-9-2012_c2.S00
2,2,6,66.31985793377207,56.69287239023259,80.41568113565445,67.1427675152508,66.31985793377207,67,pp2_19-9-2012_c2.S00
2,2,7,65.80179610755577,51.19383052173333,81.83706679890552,65.05727460896597,65.80179610755577,65,pp2_19-9-2012_c2.S00
2,2,8,69.05373069393083,40.34354422951875,83.70473393797874,69.69012793588142,69.05373069393083,71,pp2_19-9-2012_c2.S00
2,2,9,74.5972107876157,42.71352472775151,75.7170360704263,75.52526809467624,74.5972107876157,74,pp2_19-9-2012_c2.S00
2,2,10,75.70970143506277,37.89510200586275,72.1981546267867,76.50732128725697,75.70970143506277,76,pp2_19-9-2012_c2.S00
2,2,11,71.2955979013154,37.629165814794185,72.02598058134318,71.27982092704625,71.2955979013154,71,pp2_19-9-2012_c2.S00
2,2,12,72.66907531809908,45.12847295809296,76.07523012906313,73.48408403297266,72.66907531809908,72,pp2_19-9-2012_c2.S00
2,2,13,72.15681085104623,36.864010186923416,78.40887274692456,72.12337060160935,72.15681085104623,72,pp2_19-9-2012_c2.S00
2,2,14,71.63786008230453,42.60301151265719,79.35850190222263,72.438965540876,71.63786008230453,73,pp2_19-9-2012_c2.S00
2,2,15,69.59450206679685,45.8323176457963,78.05754144291083,69.81782741254817,69.59450206679685,69,pp2_19-9-2012_c2.S00
2,2,16,70.15555702654399,42.48133536609698,76.62267728745937,70.28505749236793,70.15555702654399,70,pp2_19-9-2012_c2.S00
2,2,17,70.39298165212695,47.361895103352964,71.20125707139572,70.2857116655757,70.39298165212695,71,pp2_19-9-2012_c2.S00
2,2,18,71.94689122516984,44.33814946258239,66.95616536289454,71.37922326034555,71.94689122516984,71,pp2_19-9-2012_c2.S00
2,2,19,72.23225330982024,55.569265340498546,68.87562122394641,72.53804577967773,72.23225330982024,72,pp2_19-9-2012_c2.S00
2,2,20,68.98469362482044,49.57365775947748,72.47041802108288,69.09955792563657,68.98469362482044,69,pp2_19-9-2012_c2.S00
2,2,21,73.74378740237346,36.7512567748255,71.25416134297848,73.35844007184109,73.74378740237346,74,pp2_19-9-2012_c2.S00
2,2,22,70.24963928892276,42.42825012583748,73.94823608696461,70.72537351349989,70.24963928892276,71,pp2_19-9-2012_c2.S00
2,2,23,73.25428893157581,45.83595144663738,75.45919067114592,74.13300380085906,73.25428893157581,73,pp2_19-9-2012_c2.S00
2,2,24,70.86925914931513,43.258785442547705,76.13604778498411,70.35585374720395,70.86925914931513,71,pp2_19-9-2012_c2.S00
2,2,25,71.06624605678233,43.776259035035636,75.07502536724012,70.54465624522417,71.06624605678233,70,pp2_19-9-2012_c2.S00
2,2,26,70.49616549536401,41.22452990369882,76.0433511013786,71.0140901726981,70.49616549536401,71,pp2_19-9-2012_c2.S00
2,2,27,74.74964871996984,42.47048547254982,68.71244673207403,74.76162063882997,74.74964871996984,75,pp2_19-9-2012_c2.S00
2,2,28,74.80432740807737,43.72855029873565,66.5564067405959,74.47460365202278,74.80432740807737,75,pp2_19-9-2012_c2.S00
2,2,29,68.97216627595999,55.65175501990603,72.85838599751393,69.19313784024368,68.97216627595999,69,pp2_19-9-2012_c2.S00
2,2,30,74.00083787180562,45.9172254549893,70.84685270885626,73.8075220570589,74.00083787180562,72,pp2_19-9-2012_c2.S00
2,2,31,73.21808119888338,43.19257911396925,72.01037671267986,73.41245979747424,73.21808119888338,74,pp2_19-9-2012_c2.S00
2,2,32,72.4516268331977,47.42698823220039,71.89925711899996,72.62789207020154,72.4516268331977,72,pp2_19-9-2012_c2.S00
2,2,33,71.20564474895184,39.754941956274145,75.62391056170067,71.17958800488462,71.20564474895184,71,pp2_19-9-2012_c2.S00
2,2,34,74.48914361291745,36.04637163909809,76.22144580086072,74.78472493880739,74.48914361291745,75,pp2_19-9-2012_c2.S00
2,2,35,75.69193930402645,34.20862335441459,70.0960719006757,75.77006853533288,75.69193930402645,75,pp2_19-9-2012_c2.S00
2,2,36,77.37829376236131,35.6394665249618,72.52824567059676,76.01559425772479,77.37829376236131,76,pp2_19-9-2012_c2.S00
2,2,37,73.44322979929434,36.26071398541609,71.38564496189356,72.90320710117618,73.44322979929434,73,pp2_19-9-2012_c2.S00
2,2,38,74.85804890261204,39.13647746236709,73.86871875971556,74.62299999936174,74.85804890261204,74,pp2_19-9-2012_c2.S00
2,2,39,75.64036644096028,37.40312770139217,74.50706398586432,74.14074745383114,75.64036644096028,75,pp2_19-9-2012_c2.S00
2,2,40,77.19390038208668,39.94064848496329,74.87725120335817,77.5595703224962,77.19390038208668,77,pp2_19-9-2012_c2.S00
2,2,41,72.5665209981946,47.90309240201817,72.9655041043957,72.62276149205863,72.5665209981946,73,pp2_19-9-2012_c2.S00
2,2,42,76.47942374878633,38.008115360389205,74.8869707390666,75.0222861468792,76.47942374878633,76,pp2_19-9-2012_c2.S00
2,2,43,75.30169299296644,40.362017746697134,72.82895034650961,75.92991674517592,75.30169299296644,74,pp2_19-9-2012_c2.S00
2,2,44,73.26196641661551,42.189924896113546,74.4487930700183,73.06256765065093,73.26196641661551,74,pp2_19-9-2012_c2.S00
2,2,45,76.24294328410382,40.48959152249824,71.20207339326541,76.4737059775119,76.24294328410382,75,pp2_19-9-2012_c2.S00
2,2,46,83.49634648336715,99.77683452300724,66.66848337327441,81.11474507109573,83.49634648336715,76,pp2_19-9-2012_c2.S00
2,2,47,81.90006665044487,59.876123496286795,66.29175673599045,83.54330905629323,81.90006665044487,78,pp2_19-9-2012_c2.S00
2,3,1,70.52083506612327,60.93025797392175,69.47020885155847,74.87654546660681,70.52083506612327,71,pp2_19-9-2012_c3.S00
2,3,2,68.41811301057027,65.97567033799486,69.57974595924219,68.4370105004559,68.41811301057027,69,pp2_19-9-2012_c3.S00
2,3,3,68.88914538229426,54.3635028877063,68.57925143788258,69.28495455241452,68.88914538229426,69,pp2_19-9-2012_c3.S00
2,3,4,71.96424111410633,47.23964083738999,67.8282110914588,79.98582610022277,71.96424111410633,74,pp2_19-9-2012_c3.S00
2,3,5,72.44001650651418,43.2072030315279,67.42973501284918,71.93387863760194,72.44001650651418,72,pp2_19-9-2012_c3.S00
2,3,6,71.78967867575462,55.672313287347436,66.43585057208935,73.36097394712269,71.78967867575462,73,pp2_19-9-2012_c3.S00
2,3,7,70.4773176260663,44.568052773556936,66.88342415740092,70.24619619113703,70.4773176260663,70,pp2_19-9-2012_c3.S00
2,3,8,70.25145923815319,38.10753356358604,66.46835419684649,70.28046887045106,70.25145923815319,71,pp2_19-9-2012_c3.S00
2,3,9,75.98443374447595,37.66999761534653,65.44589440425237,76.35520264972001,75.98443374447595,76,pp2_19-9-2012_c3.S00
2,3,10,81.22082407277355,36.70456270858972,64.32993143051863,80.59051223235825,81.22082407277355,81,pp2_19-9-2012_c3.S00
2,3,11,74.61226189237014,40.44395942162248,69.39035174200932,74.94286395429323,74.61226189237014,74,pp2_19-9-2012_c3.S00
2,3,12,71.55051492634598,38.7439104741489,70.36611680239439,71.03663164942215,71.55051492634598,72,pp2_19-9-2012_c3.S00
2,3,13,73.11895004148543,39.392094437125515,73.09478773673375,73.64535972798863,73.11895004148543,73,pp2_19-9-2012_c3.S00
2,3,14,71.40095875310826,36.92475547900379,74.69473554342986,71.86102519482374,71.40095875310826,72,pp2_19-9-2012_c3.S00
2,3,15,74.95956540018301,25.649015145296858,73.48851316471895,75.06127614776294,74.95956540018301,75,pp2_19-9-2012_c3.S00
2,3,16,75.42607040236275,30.566080482724196,71.09999356021484,74.42309594899416,75.42607040236275,74,pp2_19-9-2012_c3.S00
2,3,17,72.54092727368847,37.84301397877762,66.35922746037444,73.18196326332787,72.54092727368847,73,pp2_19-9-2012_c3.S00
2,3,18,74.00679574995955,28.044019540698294,70.06687580893437,73.4760754937306,74.00679574995955,74,pp2_19-9-2012_c3.S00
2,3,19,75.82218745926215,32.06216735582303,68.39477215136091,75.09454367316017,75.82218745926215,75,pp2_19-9-2012_c3.S00
2,3,20,75.71356224045377,35.127934485261626,60.437882303694884,75.82113909857968,75.71356224045377,76,pp2_19-9-2012_c3.S00
2,3,21,74.358075338382,30.331566386507323,61.92161583205064,74.62239339767645,74.358075338382,74,pp2_19-9-2012_c3.S00
2,3,22,73.25435824937618,34.90843482439164,64.07141633505623,73.55985615222404,73.25435824937618,73,pp2_19-9-2012_c3.S00
2,3,23,71.23891240071887,37.733748215550115,66.60241743450364,71.18287050363918,71.23891240071887,72,pp2_19-9-2012_c3.S00
2,3,24,74.0931880694161,31.986614855154144,67.42929311593373,73.71296479335676,74.0931880694161,74,pp2_19-9-2012_c3.S00
2,3,25,78.84954818747583,29.333416790554505,68.98791999767224,78.21096304301173,78.84954818747583,78,pp2_19-9-2012_c3.S00
2,3,26,76.43484040286985,33.813109321298455,65.34610117003322,76.41404336001725,76.43484040286985,76,pp2_19-9-2012_c3.S00
2,3,27,76.28392379258563,33.7789736885707,64.01370087762673,76.1661431323116,76.28392379258563,77,pp2_19-9-2012_c3.S00
2,3,28,73.48654421187527,35.33863665487612,66.65890616377195,74.13844711470107,73.48654421187527,73,pp2_19-9-2012_c3.S00
2,3,29,74.19721903303993,32.23348435877351,66.35134461199245,74.39004046618939,74.19721903303993,75,pp2_19-9-2012_c3.S00
2,3,30,76.38558169652492,33.724828814620494,68.12045755138,75.5939477921774,76.38558169652492,76,pp2_19-9-2012_c3.S00
2,3,31,75.29480625188626,30.975523562480998,65.1832785534362,75.72195833002527,75.29480625188626,75,pp2_19-9-2012_c3.S00
2,3,32,79.01437794181949,28.170313717129225,66.99736163516839,78.59519633203745,79.01437794181949,79,pp2_19-9-2012_c3.S00
2,3,33,76.09507812897643,37.61724757032042,65.6728630900383,76.84981280503173,76.09507812897643,76,pp2_19-9-2012_c3.S00
2,3,34,80.33890107921724,25.957607661228128,66.54319107557336,78.72764650943378,80.33890107921724,80,pp2_19-9-2012_c3.S00
2,3,35,80.31446482983365,30.85386699615496,64.92074184194207,79.89715015459805,80.31446482983365,80,pp2_19-9-2012_c3.S00
2,3,36,76.83947233167724,33.142782992051394,62.52708989779155,77.04236108517895,76.83947233167724,77,pp2_19-9-2012_c3.S00
2,3,37,80.09306700329199,29.79408313184377,63.37120765571793,79.82337954199562,80.09306700329199,80,pp2_19-9-2012_c3.S00
3,1,1,95.44414630701878,26.27269822116257,195.76927537433804,95.44524721515675,95.44414630701878,94,pp3_24-9-2012_c1.S00
3,1,2,82.18990759779027,38.27557424392334,192.84335750440758,82.90187814192225,82.18990759779027,82,pp3_24-9-2012_c1.S00
3,1,3,99.42570270046618,96.02521172690206,204.37314451932906,97.96193635209153,99.42570270046618,95,pp3_24-9-2012_c1.S00
3,1,4,81.03466603673301,337.3840029940604,238.91045136948426,92.70038842745126,81.03466603673301,76,pp3_24-9-2012_c1.S00
3,1,5,115.13044202461013,39.27457633546315,251.31532022058963,98.02691096495838,115.13044202461013,73,pp3_24-9-2012_c1.S00
3,1,6,111.09071184177584,100.44389713972768,264.2419426739216,102.78732165923962,111.09071184177584,81,pp3_24-9-2012_c1.S00
3,1,7,103.61479413817167,218.73092568206135,356.38920795520147,96.56967572551221,103.61479413817167,78,pp3_24-9-2012_c1.S00
3,1,8,103.57407599847588,23.975070690819408,213.16748507618905,107.79865778951596,103.57407599847588,97,pp3_24-9-2012_c1.S00
3,1,9,96.72402430987772,24.251411318266292,173.70103870431583,97.04625939403971,96.72402430987772,96,pp3_24-9-2012_c1.S00
3,1,10,87.24897340922807,46.086944630013846,178.14517026990652,95.05395712852479,87.24897340922807,85,pp3_24-9-2012_c1.S00
3,1,11,110.306331670594,333.94030960879377,140.92991620202858,123.97289639009783,110.306331670594,99,pp3_24-9-2012_c1.S00
3,1,12,159.48244878399424,69.31876923678888,137.68814832270147,132.40963283938666,159.48244878399424,95,pp3_24-9-2012_c1.S00
3,1,13,132.39462892980623,137.8889724458206,144.7622756322225,127.857394880491,132.39462892980623,94,pp3_24-9-2012_c1.S00
3,1,14,94.54657370470768,114.9939923168453,153.63143411974113,98.20253978595137,94.54657370470768,90,pp3_24-9-2012_c1.S00
3,1,15,95.13475612428239,72.25671027191136,162.5534921338161,106.80692816593995,95.13475612428239,88,pp3_24-9-2012_c1.S00
3,1,16,101.50062735257215,137.41293375849085,163.77309676011404,100.59992979560047,101.50062735257215,89,pp3_24-9-2012_c1.S00
3,1,17,118.07463687150837,154.0637563825583,156.22762875556947,120.58702294224253,118.07463687150837,106,pp3_24-9-2012_c1.S00
3,1,18,133.64110056001948,65.11458804789606,161.23041341602803,117.96897346830616,133.64110056001948,88,pp3_24-9-2012_c1.S00
3,1,19,101.60970231532525,180.1923491371092,169.833634313941,113.34689605589956,101.60970231532525,79,pp3_24-9-2012_c1.S00
3,1,20,84.6076260304818,79.05505765020047,190.79098498423895,89.25936840135243,84.6076260304818,87,pp3_24-9-2012_c1.S00
3,1,21,98.57254357818056,221.31841976972856,170.60885674258074,103.39599283811019,98.57254357818056,83,pp3_24-9-2012_c1.S00
3,1,22,128.85657123145913,103.91070134086004,163.87804615596932,118.37931150719524,128.85657123145913,99,pp3_24-9-2012_c1.S00
3,1,23,150.51277768498414,44.279826589964074,167.068449507157,133.209498407878,150.51277768498414,90,pp3_24-9-2012_c1.S00
3,1,24,143.10559006211182,48.593382622808235,164.76360655029615,124.24470426551997,143.10559006211182,89,pp3_24-9-2012_c1.S00
3,1,25,104.49663112448486,304.9199795976948,163.20672827164333,118.7345851795127,104.49663112448486,98,pp3_24-9-2012_c1.S00
3,1,26,147.9061491495857,31.6877558452556,170.35482946236928,124.25572005634507,147.9061491495857,100,pp3_24-9-2012_c1.S00
3,1,27,142.60131643366154,58.44332646614059,164.93767751554648,126.16059909382214,142.60131643366154,91,pp3_24-9-2012_c1.S00
3,1,28,102.80117531831539,243.64437049737182,164.76801740527154,110.86626101241758,102.80117531831539,91,pp3_24-9-2012_c1.S00
3,1,29,95.52910689495603,388.17012573012437,162.12999865114688,111.6251619849354,95.52910689495603,89,pp3_24-9-2012_c1.S00
3,1,30,115.91713939702977,232.63308699988818,160.52016306519508,115.30502873510122,115.91713939702977,91,pp3_24-9-2012_c1.S00
3,1,31,120.12994826134039,109.35573748858558,153.0657266139984,109.70975395552814,120.12994826134039,85,pp3_24-9-2012_c1.S00
3,1,32,113.65978081116687,155.0193327781037,139.5052665481965,103.64585628335675,113.65978081116687,85,pp3_24-9-2012_c1.S00
3,1,33,89.36727272727273,40.69066219855448,144.76310221850872,97.88813070735584,89.36727272727273,89,pp3_24-9-2012_c1.S00
3,1,34,95.60889157850373,124.6239553215878,142.43571225802103,98.44008124284446,95.60889157850373,88,pp3_24-9-2012_c1.S00
3,1,35,90.96501152315106,55.26483152001634,136.98343646277985,95.14865539688617,90.96501152315106,84,pp3_24-9-2012_c1.S00
3,1,36,109.56698199260026,174.33334307071436,138.06988314886888,110.04976821846019,109.56698199260026,98,pp3_24-9-2012_c1.S00
3,1,37,99.14650345865844,290.72003924171094,131.2094244008263,106.75562352562945,99.14650345865844,91,pp3_24-9-2012_c1.S00
3,1,38,102.92259145272507,155.7941834137492,139.35618412295977,106.10002452631791,102.92259145272507,95,pp3_24-9-2012_c1.S00
3,1,39,90.98974038718886,29.060664485390696,136.93354412317277,91.8784576508527,90.98974038718886,91,pp3_24-9-2012_c1.S00
3,1,40,87.71325141487789,27.731233191722975,140.16029082039992,91.66085655155281,87.71325141487789,82,pp3_24-9-2012_c1.S00
3,1,41,94.29860311731947,310.0361512766301,141.5910285681486,101.9841743182391,94.29860311731947,80,pp3_24-9-2012_c1.S00
3,1,42,95.47476447926445,200.20686083200036,135.61932665457329,99.49455234029641,95.47476447926445,86,pp3_24-9-2012_c1.S00
3,2,1,98.37206283266259,43.95411851695758,128.45080108232796,107.72544983519862,98.37206283266259,99,pp3_24-9-2012_c2.S00
3,2,2,76.976838683462,37.60543007217379,124.90849022517601,79.00245554335416,76.976838683462,77,pp3_24-9-2012_c2.S00
3,2,3,77.35279257191608,37.985059377618775,136.4139061609904,76.31541843308757,77.35279257191608,77,pp3_24-9-2012_c2.S00
3,2,4,78.42505768569886,31.595720503733943,141.6903315246105,79.27405808555584,78.42505768569886,79,pp3_24-9-2012_c2.S00
3,2,5,80.13670472275193,30.309915455107603,146.3258970782161,78.56985260943571,80.13670472275193,80,pp3_24-9-2012_c2.S00
3,2,6,77.95082810410452,35.73745752210057,137.66606088032324,82.3882535180077,77.95082810410452,80,pp3_24-9-2012_c2.S00
3,2,7,70.1576988955171,24.273340328255266,145.89024812777836,72.3960076491038,70.1576988955171,72,pp3_24-9-2012_c2.S00
3,2,8,74.9166022112016,43.8877743719848,146.1323826899131,76.50418497013548,74.9166022112016,76,pp3_24-9-2012_c2.S00
3,2,9,93.76703135055622,79.42039423956098,125.75920421878497,91.49080464746802,93.76703135055622,92,pp3_24-9-2012_c2.S00
3,2,10,92.4171370932064,24.56692749336519,119.39172093917927,95.25060806709031,92.4171370932064,93,pp3_24-9-2012_c2.S00
3,2,11,91.28729347438488,26.843829057723074,122.70067791491746,88.71238633630176,91.28729347438488,89,pp3_24-9-2012_c2.S00
3,2,12,87.9561664380118,39.552705857809734,130.76885096728802,88.17056378368288,87.9561664380118,88,pp3_24-9-2012_c2.S00
3,2,13,86.60855600660214,36.58054813423822,129.48996848364672,88.21681931453446,86.60855600660214,86,pp3_24-9-2012_c2.S00
3,2,14,91.42630391111332,32.22938865501922,132.434400357306,90.87816420681774,91.42630391111332,91,pp3_24-9-2012_c2.S00
3,2,15,89.04102803995488,36.21068270902308,123.05510383943717,88.408511694024,89.04102803995488,89,pp3_24-9-2012_c2.S00
3,2,16,85.63417233746003,36.00050387180134,142.6448343599836,85.90992405886452,85.63417233746003,83,pp3_24-9-2012_c2.S00
3,2,17,87.8916827852998,38.19751534495185,128.3806672031681,93.57309401004265,87.8916827852998,90,pp3_24-9-2012_c2.S00
3,2,18,96.42757158006363,23.033952954265125,124.80702141622702,97.20801112484187,96.42757158006363,91,pp3_24-9-2012_c2.S00
3,2,19,99.5914010378058,20.510180570398347,129.75523202816646,97.11010257607947,99.5914010378058,97,pp3_24-9-2012_c2.S00
3,2,20,101.42798184069335,121.7472655922957,125.89749460667372,103.25534575407704,101.42798184069335,92,pp3_24-9-2012_c2.S00
3,2,21,98.85498072774851,20.164761056532956,119.15562056452036,96.9027287416781,98.85498072774851,97,pp3_24-9-2012_c2.S00
3,2,22,102.74507816656954,18.263551777616026,122.31321876992781,102.97694650460035,102.74507816656954,102,pp3_24-9-2012_c2.S00
3,2,23,106.70534572590034,20.11655541078174,128.87498283833264,103.52107273073246,106.70534572590034,105,pp3_24-9-2012_c2.S00
3,2,24,106.0439066916757,17.52077164888833,134.5847346285979,105.57454136603822,106.0439066916757,105,pp3_24-9-2012_c2.S00
3,2,25,98.3373491879855,21.67118042690616,129.25877126852671,98.48974718457708,98.3373491879855,97,pp3_24-9-2012_c2.S00
3,2,26,106.78435776009374,15.843339766645839,133.40411764631668,105.49386483933776,106.78435776009374,107,pp3_24-9-2012_c2.S00
3,2,27,110.75635825616693,12.538288150832303,116.4764424726367,116.34779271570345,110.75635825616693,112,pp3_24-9-2012_c2.S00
3,2,28,107.26850767560202,16.61760030646196,119.43611690849066,108.01960078415772,107.26850767560202,105,pp3_24-9-2012_c2.S00
3,2,29,106.07131296287214,22.18984395423919,120.25198431710402,110.56065650911381,106.07131296287214,105,pp3_24-9-2012_c2.S00
3,2,30,113.4693634386822,9.567506746129448,118.82136443157991,117.61197544547419,113.4693634386822,114,pp3_24-9-2012_c2.S00
3,2,31,105.60198798923172,20.200187698262337,124.8972746282816,102.35133083307495,105.60198798923172,100,pp3_24-9-2012_c2.S00
3,2,32,104.05142219314114,19.676910598139784,126.92616571336984,105.3877771606048,104.05142219314114,105,pp3_24-9-2012_c2.S00
3,2,33,104.6426125108762,17.005624261186426,118.67811871965726,103.26694699985286,104.6426125108762,103,pp3_24-9-2012_c2.S00
3,2,34,102.49374427830332,26.303256113269565,116.65616493175428,98.0786641250054,102.49374427830332,98,pp3_24-9-2012_c2.S00
3,2,35,110.62015785836394,16.510234826768716,115.45027527014415,110.26910155269051,110.62015785836394,111,pp3_24-9-2012_c2.S00
3,2,36,112.0593369753081,13.594186575141636,110.47961919605731,110.92941616723935,112.0593369753081,112,pp3_24-9-2012_c2.S00
3,2,37,108.66643084541917,15.014604468505524,116.99979947507381,107.65517106110276,108.66643084541917,106,pp3_24-9-2012_c2.S00
3,2,38,104.14500745830131,20.29373983944417,115.22724844316642,103.70756103259822,104.14500745830131,100,pp3_24-9-2012_c2.S00
3,3,1,79.31330472103005,61.6676469718607,136.28573402917633,81.60778282806277,79.31330472103005,80,pp3_24-9-2012_c3.S00
3,3,2,104.42112896281357,143.023025921304,142.46431146164736,99.6745876763016,104.42112896281357,90,pp3_24-9-2012_c3.S00
3,3,3,91.10851808634771,451.00144639385917,144.14371100167435,123.10964204021616,91.10851808634771,74,pp3_24-9-2012_c3.S00
3,3,4,81.89740761169332,237.48455649029896,161.27675522963207,80.48025155679012,81.89740761169332,70,pp3_24-9-2012_c3.S00
3,3,5,83.55394378966454,392.1337008912461,154.94231265286604,108.47968737799674,83.55394378966454,79,pp3_24-9-2012_c3.S00
3,3,6,93.05679736167095,394.94309416982634,148.92842464099328,101.23543466348201,93.05679736167095,75,pp3_24-9-2012_c3.S00
3,3,7,91.33552127525758,59.67184700357161,143.735815752546,93.689502930517,91.33552127525758,87,pp3_24-9-2012_c3.S00
3,3,8,92.84106542772729,190.22453301160647,146.25766707162063,88.56266135945916,92.84106542772729,79,pp3_24-9-2012_c3.S00
3,3,9,98.9895023034514,97.29592347540066,146.6823242823283,98.74973283590128,98.9895023034514,76,pp3_24-9-2012_c3.S00
3,3,10,84.45360824742268,111.3923540049393,155.80784835318724,86.53574202669164,84.45360824742268,83,pp3_24-9-2012_c3.S00
3,3,11,80.21775210781385,59.0646695979303,158.84554635882378,81.51452428965518,80.21775210781385,77,pp3_24-9-2012_c3.S00
3,3,12,87.25073867931012,93.17014463088437,141.12559922536215,90.32578846116861,87.25073867931012,81,pp3_24-9-2012_c3.S00
3,3,13,82.67170008783569,46.91631663304825,131.92114933033784,88.48653359736005,82.67170008783569,82,pp3_24-9-2012_c3.S00
3,3,14,90.2378630193572,287.118746620312,140.23509611040353,99.01822138630475,90.2378630193572,75,pp3_24-9-2012_c3.S00
3,3,15,82.53046342789523,58.691095684377046,149.87942282954853,93.45074321342011,82.53046342789523,86,pp3_24-9-2012_c3.S00
3,3,16,89.79584379995433,28.611496574575728,147.1143554667632,91.76729157374551,89.79584379995433,89,pp3_24-9-2012_c3.S00
3,3,17,88.22765608882956,83.45210829734897,140.6198137526711,88.5142971161753,88.22765608882956,82,pp3_24-9-2012_c3.S00
3,3,18,102.45598687807545,122.58542034482632,164.14415586193402,95.28704719891151,102.45598687807545,80,pp3_24-9-2012_c3.S00
3,3,19,83.17299578059072,59.4266091281528,143.72427278906108,86.81937242901573,83.17299578059072,84,pp3_24-9-2012_c3.S00
3,3,20,89.48423984175876,23.919842510616355,164.68783815006415,92.03160839260866,89.48423984175876,88,pp3_24-9-2012_c3.S00
3,3,21,84.61011416476109,98.44604031284912,165.29026614526907,85.29528691358864,84.61011416476109,85,pp3_24-9-2012_c3.S00
3,3,22,91.04261074831572,29.964578323799323,148.24281966090203,91.22250395007431,91.04261074831572,90,pp3_24-9-2012_c3.S00
3,3,23,91.04470239565325,34.95709252528885,137.8372545212507,89.12105248868465,91.04470239565325,89,pp3_24-9-2012_c3.S00
3,3,24,80.48164848729122,38.478538879377965,142.87016049226125,80.90871620687345,80.48164848729122,82,pp3_24-9-2012_c3.S00
3,3,25,87.84389536639884,47.779761182045284,139.5203599413236,91.57987609654666,87.84389536639884,88,pp3_24-9-2012_c3.S00
3,3,26,85.14359584259786,38.52056789645904,147.96589105327925,95.39595723499855,85.14359584259786,90,pp3_24-9-2012_c3.S00
3,3,27,91.53441177358793,29.84409082838196,146.4712074458599,90.18134334416439,91.53441177358793,90,pp3_24-9-2012_c3.S00
3,3,28,96.83917998278669,127.96640893132324,153.64303149233263,100.4715550603966,96.83917998278669,91,pp3_24-9-2012_c3.S00
3,3,29,92.04381354683431,139.4589576961756,142.6650084083279,89.6021906449149,92.04381354683431,82,pp3_24-9-2012_c3.S00
3,3,30,84.87377124667161,42.736137822256694,126.100182231764,84.71375904871772,84.87377124667161,82,pp3_24-9-2012_c3.S00
3,3,31,83.94832726068235,44.62880762381797,124.13101324985425,85.23587639524291,83.94832726068235,82,pp3_24-9-2012_c3.S00
3,3,32,98.69775208463237,29.845609756762045,123.73023942063251,102.96271439585834,98.69775208463237,99,pp3_24-9-2012_c3.S00
3,3,33,100.73060015780143,21.281204660652005,119.52136023243268,99.31340061705559,100.73060015780143,98,pp3_24-9-2012_c3.S00
3,3,34,100.20052261902556,17.62934174317905,123.19523434837659,102.84789757945886,100.20052261902556,100,pp3_24-9-2012_c3.S00
3,3,35,97.56822082880862,32.726534740662544,125.06449148058891,118.11035673531393,97.56822082880862,102,pp3_24-9-2012_c3.S00
3,3,36,100.71534374814844,21.939483661044225,120.1720458428065,102.88881710823625,100.71534374814844,102,pp3_24-9-2012_c3.S00
3,3,37,92.45534345826947,92.14783801328088,132.17372436920803,100.70766146040211,92.45534345826947,94,pp3_24-9-2012_c3.S00
3,3,38,86.83051256419978,38.32519192938601,147.47373930315177,86.03955672457815,86.83051256419978,87,pp3_24-9-2012_c3.S00
3,3,39,94.52392239644362,37.65449860633776,123.75107769866784,93.20012929532678,94.52392239644362,92,pp3_24-9-2012_c3.S00
3,3,40,97.28608038002375,23.176237512363652,121.90771496295929,95.02459090321014,97.28608038002375,96,pp3_24-9-2012_c3.S00
3,3,41,103.02084717862729,19.390968174826895,117.69774868190288,99.30114766266198,103.02084717862729,99,pp3_24-9-2012_c3.S00
3,3,42,101.15935039124541,22.5313398292524,116.10721917748451,100.09233586986859,101.15935039124541,101,pp3_24-9-2012_c3.S00
3,3,43,93.37575229487933,46.18966803536957,128.2407919133703,93.49633702424666,93.37575229487933,90,pp3_24-9-2012_c3.S00
3,3,44,96.21393724025778,26.84122583866079,118.92204138785601,91.53897351038952,96.21393724025778,93,pp3_24-9-2012_c3.S00
3,3,45,97.23770555083765,27.464370165978394,127.7636688237389,96.68653368993351,97.23770555083765,95,pp3_24-9-2012_c3.S00
3,3,46,94.20572606868109,22.097212372109713,130.21874509453772,92.52885675225407,94.20572606868109,94,pp3_24-9-2012_c3.S00
3,3,47,97.57705097027147,24.09516230437337,124.66589828232924,97.99461798717579,97.57705097027147,97,pp3_24-9-2012_c3.S00
4,1,1,77.8886711997234,143.96594912408048,76.42982801031322,86.97179760253057,77.8886711997234,81,pp4_25-9-2012_c1.S00
4,1,2,67.52368220328557,90.33203125,79.28275574346384,70.16247958745808,67.52368220328557,68,pp4_25-9-2012_c1.S00
4,1,3,54.136630228267755,110.63682132569159,78.81440956741571,56.48974612975727,54.136630228267755,58,pp4_25-9-2012_c1.S00
4,1,4,57.418165129959526,128.1107249628549,82.5654869923989,58.03560405618821,57.418165129959526,58,pp4_25-9-2012_c1.S00
4,1,5,57.186857447474644,118.23673308103466,87.9425064817071,61.303534471336754,57.186857447474644,60,pp4_25-9-2012_c1.S00
4,1,6,54.724848118177924,100.17325175173318,94.89315937956174,55.086113000909485,54.724848118177924,55,pp4_25-9-2012_c1.S00
4,1,7,53.8681571592964,82.38442560589377,91.59903637270132,55.24841883343955,53.8681571592964,55,pp4_25-9-2012_c1.S00
4,1,8,54.89344804765056,81.19733346453278,88.36905950109164,55.36010778238997,54.89344804765056,55,pp4_25-9-2012_c1.S00
4,1,9,59.24833145825051,80.66297416256293,93.30831072131792,60.90413508713245,59.24833145825051,60,pp4_25-9-2012_c1.S00
4,1,10,70.08667847729335,92.62877765255543,83.16476494073868,71.4955734164426,70.08667847729335,73,pp4_25-9-2012_c1.S00
4,1,11,62.92796022309332,87.50495593855736,71.67778474837542,63.10348901597247,62.92796022309332,62,pp4_25-9-2012_c1.S00
4,1,12,68.43047491134824,63.16311481109148,74.50286982605854,68.04496466529866,68.43047491134824,69,pp4_25-9-2012_c1.S00
4,1,13,73.07340373492936,50.76781741034309,77.94891021847725,71.11730825270837,73.07340373492936,70,pp4_25-9-2012_c1.S00
4,1,14,57.53053841242817,100.97367751028791,91.76840731104215,58.77485605974992,57.53053841242817,58,pp4_25-9-2012_c1.S00
4,1,15,55.00858016861896,109.91643679355958,107.1495558147629,55.082186091070376,55.00858016861896,55,pp4_25-9-2012_c1.S00
4,1,16,60.09008158818129,89.92822596969398,119.07148265838623,59.56294033753996,60.09008158818129,60,pp4_25-9-2012_c1.S00
4,1,17,57.35355892648775,103.93338061086253,121.91977252910534,57.616063373722135,57.35355892648775,57,pp4_25-9-2012_c1.S00
4,1,18,64.28622057210362,87.77668555915052,101.58155867159367,64.0583717200905,64.28622057210362,64,pp4_25-9-2012_c1.S00
4,1,19,58.55747937320712,89.78442016060838,93.8935228139162,59.459623603864266,58.55747937320712,59,pp4_25-9-2012_c1.S00
4,1,20,58.434782608695656,96.0833919606878,99.55229143500328,58.05416874354705,58.434782608695656,58,pp4_25-9-2012_c1.S00
4,1,21,56.48045154944338,91.81150319020206,100.21232655694088,57.62399969904994,56.48045154944338,57,pp4_25-9-2012_c1.S00
4,1,22,60.549208258167965,78.81436557674667,95.9555317958196,60.58059041704983,60.549208258167965,61,pp4_25-9-2012_c1.S00
4,1,23,59.573192768429315,80.47845666001466,97.90009615719319,59.45929458600779,59.573192768429315,59,pp4_25-9-2012_c1.S00
4,1,24,61.13747490864172,91.42629358180695,105.1599991351366,61.330397552220774,61.13747490864172,61,pp4_25-9-2012_c1.S00
4,1,25,63.44152821389578,67.86263319381747,106.31843057076136,62.86291892770678,63.44152821389578,63,pp4_25-9-2012_c1.S00
4,1,26,58.76511864495205,99.29821695689913,101.70146351108949,59.704616004539034,58.76511864495205,59,pp4_25-9-2012_c1.S00
4,1,27,55.65859041720884,101.08234333959284,107.36110956370831,56.40380297911664,55.65859041720884,56,pp4_25-9-2012_c1.S00
4,1,28,58.72721479717607,100.50747545226143,117.27602322399616,59.048359890716775,58.72721479717607,59,pp4_25-9-2012_c1.S00
4,1,29,56.46955019209206,114.0368587690255,117.34134196390708,56.10313930154468,56.46955019209206,56,pp4_25-9-2012_c1.S00
4,1,30,57.66983456529391,113.93766686116221,118.099731759727,58.44935422980537,57.66983456529391,58,pp4_25-9-2012_c1.S00
4,1,31,56.9383145091225,105.59910383422209,136.46176847120125,56.72340292464942,56.9383145091225,57,pp4_25-9-2012_c1.S00
4,1,32,59.455540936293026,118.81361311582252,138.28435118893782,59.55319258527209,59.455540936293026,59,pp4_25-9-2012_c1.S00
4,1,33,58.88217847140179,89.15238428198384,126.21856958766779,59.437030018276225,58.88217847140179,59,pp4_25-9-2012_c1.S00
4,1,34,59.14826418504099,91.2975890403393,138.118311453859,59.07880463485296,59.14826418504099,59,pp4_25-9-2012_c1.S00
4,1,35,60.51034112275047,105.80044720218753,118.93451571216185,60.535399884947886,60.51034112275047,60,pp4_25-9-2012_c1.S00
4,1,36,60.35916178931507,112.99594508332154,116.65035003622373,60.2428284818617,60.35916178931507,60,pp4_25-9-2012_c1.S00
4,1,37,56.39483160347383,111.1035359985572,136.93955467641354,56.494737954220426,56.39483160347383,56,pp4_25-9-2012_c1.S00
4,1,38,59.88304093567251,96.00690084466714,134.40530549436806,59.71684377252435,59.88304093567251,59,pp4_25-9-2012_c1.S00
4,1,39,56.06555581917399,100.44870525383666,145.83624624311923,56.583475238705674,56.06555581917399,56,pp4_25-9-2012_c1.S00
4,1,40,57.53045249574939,121.06435392586238,143.78071268151203,57.33905042962481,57.53045249574939,58,pp4_25-9-2012_c1.S00
4,1,41,58.70531093239908,95.05277219147895,128.68337487727405,60.08466455436622,58.70531093239908,59,pp4_25-9-2012_c1.S00
4,1,42,60.83383429399908,79.9306115589301,127.33022664040327,60.7534450246642,60.83383429399908,61,pp4_25-9-2012_c1.S00
4,1,43,60.272350897028744,90.59095434909203,131.66197441120943,60.2790138687628,60.272350897028744,60,pp4_25-9-2012_c1.S00
4,1,44,58.11499223025471,96.11293829520059,131.3291577671965,58.71971376724541,58.11499223025471,58,pp4_25-9-2012_c1.S00
4,1,45,61.13787699120181,119.48064102672343,122.71294108082851,61.09359857713183,61.13787699120181,61,pp4_25-9-2012_c1.S00
4,1,46,57.52857083141747,104.29673368595721,126.21483200689157,58.43794887276987,57.52857083141747,58,pp4_25-9-2012_c1.S00
4,1,47,56.92549221464419,110.88137498170846,128.02428327103456,56.92313878163695,56.92549221464419,57,pp4_25-9-2012_c1.S00
4,1,48,56.686971012173196,97.67758454293926,125.17936239590247,57.007819435031465,56.686971012173196,57,pp4_25-9-2012_c1.S00
4,1,49,64.11353438380466,67.80721502874941,105.34366116722425,62.965935422821595,64.11353438380466,62,pp4_25-9-2012_c1.S00
4,1,50,56.91900476442563,127.29814077527595,124.24990467975537,57.313427791465074,56.91900476442563,57,pp4_25-9-2012_c1.S00
4,1,51,64.81130531255116,97.53781280843766,136.71398473232983,61.9434948769398,64.81130531255116,64,pp4_25-9-2012_c1.S00
4,2,1,68.68448815960437,,639.6937388951579,68.68448815960437,,1,pp4_25-9-2012_c2.S00
4,2,2,70.17704010009766,,744.7593919595082,70.17704010009766,,0,pp4_25-9-2012_c2.S00
4,2,3,70.17704010009766,,822.789433558782,70.17704010009766,,0,pp4_25-9-2012_c2.S00
4,2,4,70.17704010009766,,874.7662243723869,70.17704010009766,,0,pp4_25-9-2012_c2.S00
4,2,5,70.17704010009766,,906.3785022616387,70.17704010009766,,0,pp4_25-9-2012_c2.S00
4,2,6,70.17704010009766,,951.8530411481858,70.17704010009766,,0,pp4_25-9-2012_c2.S00
4,2,7,70.17704010009766,,984.8966233809789,70.17704010009766,,0,pp4_25-9-2012_c2.S00
4,2,8,70.17704010009766,,971.195369887352,70.17704010009766,,0,pp4_25-9-2012_c2.S00
4,2,9,70.17704010009766,,693.9868372996648,70.17704010009766,,0,pp4_25-9-2012_c2.S00
4,2,10,70.17704010009766,,682.4938307563464,70.17704010009766,,0,pp4_25-9-2012_c2.S00
4,2,11,70.17704010009766,,739.6044909715653,70.17704010009766,,0,pp4_25-9-2012_c2.S00
4,2,12,70.17704010009766,,804.7199122111002,70.17704010009766,,0,pp4_25-9-2012_c2.S00
4,2,13,70.17704010009766,,868.4705993453662,70.17704010009766,,0,pp4_25-9-2012_c2.S00
4,2,14,70.17704010009766,,873.7851611932118,70.17704010009766,,0,pp4_25-9-2012_c2.S00
4,2,15,70.17704010009766,,752.6849310159683,70.17704010009766,,0,pp4_25-9-2012_c2.S00
4,2,16,70.17704010009766,,740.0018298308055,70.17704010009766,,0,pp4_25-9-2012_c2.S00
4,2,17,70.17704010009766,,801.8946516275406,70.17704010009766,,0,pp4_25-9-2012_c2.S00
4,2,18,70.17704010009766,,863.9443900903066,70.17704010009766,,0,pp4_25-9-2012_c2.S00
4,2,19,70.17704010009766,,890.3629592696826,70.17704010009766,,0,pp4_25-9-2012_c2.S00
4,2,20,70.17704010009766,,929.9865209579468,70.17704010009766,,0,pp4_25-9-2012_c2.S00
4,2,21,70.17704010009766,,946.6225185314814,70.17704010009766,,0,pp4_25-9-2012_c2.S00
4,2,22,70.17704010009766,,977.9002917011579,70.17704010009766,,0,pp4_25-9-2012_c2.S00
4,2,23,70.17704010009766,,998.1405863523484,70.17704010009766,,0,pp4_25-9-2012_c2.S00
4,3,1,61.083335439678486,164.939802264064,125.8441117235149,69.01814634343609,61.083335439678486,62,pp4_25-9-2012_c3.S00
4,3,2,48.51803106080548,138.57678966236156,142.44733319183192,48.15401554172858,48.51803106080548,46,pp4_25-9-2012_c3.S00
4,3,3,53.49142845297568,157.20337094381367,154.88777565062045,51.98018419888491,53.49142845297568,49,pp4_25-9-2012_c3.S00
4,3,4,63.146323480126014,158.3755202726018,171.66268161634605,57.46848372107513,63.146323480126014,56,pp4_25-9-2012_c3.S00
4,3,5,46.625771305188415,67.28703854970503,181.8051352908214,47.76190527559569,46.625771305188415,48,pp4_25-9-2012_c3.S00
4,3,6,47.41927409261577,71.95078222506267,191.44565662046273,48.16097048164035,47.41927409261577,48,pp4_25-9-2012_c3.S00
4,3,7,54.30049099836334,119.52232810201701,191.1703456401825,55.70335392355919,54.30049099836334,55,pp4_25-9-2012_c3.S00
4,3,8,53.24138180045675,155.6502987969867,186.72607017755507,55.35222100385775,53.24138180045675,56,pp4_25-9-2012_c3.S00
4,3,9,56.609336609336616,151.5639472184449,127.02996932417155,58.77218701435874,56.609336609336616,57,pp4_25-9-2012_c3.S00
4,3,10,55.53319080148095,115.9855657138127,133.26476172159116,57.979199736192825,55.53319080148095,57,pp4_25-9-2012_c3.S00
4,3,11,59.18224911068111,101.26596694940015,140.4863031943639,59.10750544555485,59.18224911068111,59,pp4_25-9-2012_c3.S00
4,3,12,61.70946466235897,70.15173973690229,158.34100775321323,61.53432800915713,61.70946466235897,62,pp4_25-9-2012_c3.S00
4,3,13,59.87667446310866,83.60125599427528,176.801925889651,59.66470367390041,59.87667446310866,59,pp4_25-9-2012_c3.S00
4,3,14,57.67340251228837,97.4897986470346,188.43474500576656,58.36847851152221,57.67340251228837,58,pp4_25-9-2012_c3.S00
4,3,15,55.52312099304324,112.86322977368994,197.9187656889359,56.34646718433748,55.52312099304324,56,pp4_25-9-2012_c3.S00
4,3,16,59.87053664648152,79.99596282135575,204.9431735088428,59.2319445473142,59.87053664648152,59,pp4_25-9-2012_c3.S00
4,3,17,65.44375546848252,169.66433724804372,209.64420370161534,69.92718377255999,65.44375546848252,66,pp4_25-9-2012_c3.S00
4,3,18,62.07079444858373,204.9076177292188,209.31835609078408,58.666407878883184,62.07079444858373,51,pp4_25-9-2012_c3.S00
4,3,19,62.190431203185106,216.5556744517351,212.54948338270188,60.94561579742779,62.190431203185106,53,pp4_25-9-2012_c3.S00
4,3,20,63.149055283414974,274.3283751410798,217.26598514020444,61.027408138973016,63.149055283414974,54,pp4_25-9-2012_c3.S00
4,3,21,69.74935022256744,326.74774831320497,221.7760776390632,64.05117289085563,69.74935022256744,53,pp4_25-9-2012_c3.S00
4,3,22,62.84443653829049,461.1703518011519,220.39190464913844,65.39360956288874,62.84443653829049,53,pp4_25-9-2012_c3.S00
4,3,23,81.60152737233851,189.52022635185375,216.0695480088393,79.70886358385906,81.60152737233851,62,pp4_25-9-2012_c3.S00
4,3,24,55.24163720702127,99.77550368969021,209.02727214197319,56.24124079688142,55.24163720702127,53,pp4_25-9-2012_c3.S00
4,3,25,62.46643713750953,208.98540971645338,211.26930911540984,59.13707334656889,62.46643713750953,54,pp4_25-9-2012_c3.S00
4,3,26,58.552176622234164,164.1210580594709,205.76854550639788,56.06736854019885,58.552176622234164,50,pp4_25-9-2012_c3.S00
4,3,27,53.63146497456816,105.66320064671982,216.23995312253635,54.47490811655298,53.63146497456816,55,pp4_25-9-2012_c3.S00
4,3,28,56.53014968245776,158.65211352489297,226.1199303984642,57.54642961020426,56.53014968245776,51,pp4_25-9-2012_c3.S00
4,3,29,56.2049830417785,85.92600178657833,231.4092906544606,56.31535628885031,56.2049830417785,56,pp4_25-9-2012_c3.S00
4,3,30,59.855694583980274,100.43159846908914,228.57629184027513,62.2316725211218,59.855694583980274,60,pp4_25-9-2012_c3.S00
4,3,31,57.38858651721723,78.31371179392337,221.16988454957803,57.85290532627453,57.38858651721723,57,pp4_25-9-2012_c3.S00
4,3,32,59.35582654344616,71.7085464197701,221.52321248253187,59.03309323421369,59.35582654344616,58,pp4_25-9-2012_c3.S00
4,3,33,60.84859436355423,66.55389736571959,221.72357585430146,61.94007762012382,60.84859436355423,62,pp4_25-9-2012_c3.S00
4,3,34,58.52376098987455,75.70985159010128,216.61635362009207,58.76067213878657,58.52376098987455,58,pp4_25-9-2012_c3.S00
4,3,35,59.74350976974589,122.32641029571043,209.86503316958746,59.4922503111884,59.74350976974589,59,pp4_25-9-2012_c3.S00
5,1,1,89.5699360168462,113.22977935615893,83.41151942815631,89.22397286867103,89.5699360168462,87,pp5_26-9-2012_c1.S00
5,1,2,77.80927609083204,157.05321808304885,83.44109205057224,83.62343577525267,77.80927609083204,76,pp5_26-9-2012_c1.S00
5,1,3,74.53027243949252,31.88167684931096,94.80021612793207,74.5454325640574,74.53027243949252,75,pp5_26-9-2012_c1.S00
5,1,4,77.44131085552229,41.8597123742378,94.90069619566202,78.21582170135031,77.44131085552229,77,pp5_26-9-2012_c1.S00
5,1,5,74.69831849653808,33.83810807552226,100.70520172516505,75.69722343813628,74.69831849653808,75,pp5_26-9-2012_c1.S00
5,1,6,80.3506291531175,25.77470480185705,99.57142204890648,79.13557082737485,80.3506291531175,80,pp5_26-9-2012_c1.S00
5,1,7,78.07757137183957,28.34389859112341,95.00859149247408,78.84355610758067,78.07757137183957,78,pp5_26-9-2012_c1.S00
5,1,8,78.48050649783406,41.90488577766241,101.86444322715202,79.58863369158159,78.48050649783406,78,pp5_26-9-2012_c1.S00
5,1,9,78.77878467589625,25.096544898206012,103.99219464013974,78.8175317497924,78.77878467589625,80,pp5_26-9-2012_c1.S00
5,1,10,94.9895164877057,101.19960213496286,59.31851613968611,100.07738236474493,94.9895164877057,92,pp5_26-9-2012_c1.S00
5,1,11,78.94789101210003,42.37780996154909,79.23014732450247,81.13658661010365,78.94789101210003,80,pp5_26-9-2012_c1.S00
5,1,12,76.99311595696443,45.59121191548351,75.89219934642315,78.51886862559864,76.99311595696443,77,pp5_26-9-2012_c1.S00
5,1,13,76.94097061396738,51.758836140296765,84.42417562454939,77.35137266404926,76.94097061396738,79,pp5_26-9-2012_c1.S00
5,1,14,72.91423604726963,49.21353197875074,86.53291283547878,74.0733412453284,72.91423604726963,72,pp5_26-9-2012_c1.S00
5,1,15,73.94645896734924,46.4443753400274,87.11117575963338,74.90649126544595,73.94645896734924,75,pp5_26-9-2012_c1.S00
5,1,16,71.46679074095614,60.33000252308422,94.09480688075224,72.6731663785254,71.46679074095614,72,pp5_26-9-2012_c1.S00
5,1,17,71.1864406779661,41.12575323054375,102.26883340577284,70.2194822360451,71.1864406779661,72,pp5_26-9-2012_c1.S00
5,1,18,74.88187204680116,53.58990991920464,107.20986471871535,76.85320002573232,74.88187204680116,77,pp5_26-9-2012_c1.S00
5,1,19,75.13906748797267,35.88000729484752,99.36512829413017,75.40405463849505,75.13906748797267,74,pp5_26-9-2012_c1.S00
5,1,20,76.64921465968585,37.18185039956101,84.26715934624275,78.57116722427308,76.64921465968585,78,pp5_26-9-2012_c1.S00
5,1,21,74.94142659901573,42.02592021501878,89.78321508765221,76.52846447719882,74.94142659901573,76,pp5_26-9-2012_c1.S00
5,1,22,73.10753949092916,45.27564881262232,94.4119086265564,73.87819165438414,73.10753949092916,74,pp5_26-9-2012_c1.S00
5,1,23,75.33162190122226,37.2135545208811,82.5420792862773,74.35009517314082,75.33162190122226,77,pp5_26-9-2012_c1.S00
5,1,24,77.58051928692312,63.28943843327952,88.49489848415057,79.3259420664981,77.58051928692312,77,pp5_26-9-2012_c1.S00
5,1,25,78.35773673754692,42.94096173150179,92.88127642472585,78.14017734707643,78.35773673754692,79,pp5_26-9-2012_c1.S00
5,1,26,76.30402384500745,37.31435755952974,92.41980781753858,76.59287878951679,76.30402384500745,76,pp5_26-9-2012_c1.S00
5,1,27,77.32315867276614,44.523249427204675,90.1487721512715,78.34339865421255,77.32315867276614,78,pp5_26-9-2012_c1.S00
5,1,28,74.8349244744088,47.62213958057088,94.08522725353639,75.97390822656453,74.8349244744088,76,pp5_26-9-2012_c1.S00
5,1,29,73.84427873750498,55.14086210339398,96.3680024266243,74.78487503733486,73.84427873750498,74,pp5_26-9-2012_c1.S00
5,1,30,76.85003257328991,42.58030798206092,101.84079557408889,76.44758566779394,76.85003257328991,77,pp5_26-9-2012_c1.S00
5,1,31,79.7282546467692,32.776297068790406,99.62616600096226,79.87089345492423,79.7282546467692,81,pp5_26-9-2012_c1.S00
5,1,32,75.1586281479643,42.47679575219333,93.34870810806751,76.66716505525012,75.1586281479643,75,pp5_26-9-2012_c1.S00
5,1,33,75.47549353628223,45.31125054936176,92.28111216475567,79.79964021425694,75.47549353628223,79,pp5_26-9-2012_c1.S00
5,1,34,74.9827865717044,45.72156303504865,95.51204395443202,75.54046130583932,74.9827865717044,76,pp5_26-9-2012_c1.S00
5,1,35,73.8562412916974,40.181491731705044,91.04201081246137,73.30271939927091,73.8562412916974,73,pp5_26-9-2012_c1.S00
5,1,36,71.4666308760863,55.59174755013332,91.79457942495743,75.00358638937274,71.4666308760863,71,pp5_26-9-2012_c1.S00
5,1,37,73.2374333279457,44.29186978244439,97.18522306879362,75.86947747903565,73.2374333279457,73,pp5_26-9-2012_c1.S00
5,1,38,79.45749672541575,30.55447495576559,100.04245168069998,81.09344281715651,79.45749672541575,80,pp5_26-9-2012_c1.S00
5,1,39,76.08752861044461,46.9862571265753,96.8868988459309,77.44552719853819,76.08752861044461,73,pp5_26-9-2012_c1.S00
5,1,40,73.22105189365394,48.14015838350042,98.44275765866041,75.07340584825724,73.22105189365394,75,pp5_26-9-2012_c1.S00
5,1,41,72.99953006268787,42.192022592815704,100.95275595684846,73.45630326587707,72.99953006268787,73,pp5_26-9-2012_c1.S00
5,1,42,80.2227866695229,64.93062458985015,94.34414350837469,78.08371251126131,80.2227866695229,77,pp5_26-9-2012_c1.S00
5,1,43,77.33503492041292,39.606862843048546,89.19501693795125,81.7250272931531,77.33503492041292,80,pp5_26-9-2012_c1.S00
5,1,44,74.87074143063558,39.71259908357385,92.15111792484919,75.1407414879029,74.87074143063558,74,pp5_26-9-2012_c1.S00
5,1,45,76.3945104807505,40.898760701877336,97.67520509709915,78.91761289469943,76.3945104807505,80,pp5_26-9-2012_c1.S00
5,1,46,84.7438199307975,127.14106641986868,100.72919670293729,87.8780938692391,84.7438199307975,79,pp5_26-9-2012_c1.S00
5,1,47,79.25562510573508,42.66802428489684,94.13103093455236,83.43684049199025,79.25562510573508,80,pp5_26-9-2012_c1.S00
5,1,48,81.04515639399361,30.495651845421936,93.6667686149478,80.50357807440062,81.04515639399361,80,pp5_26-9-2012_c1.S00
5,1,49,78.6764037228465,39.60043810218458,93.77967425088087,81.36205885317176,78.6764037228465,80,pp5_26-9-2012_c1.S00
5,1,50,80.70770304386198,38.84926375300696,94.97297752747933,88.32373976781965,80.70770304386198,80,pp5_26-9-2012_c1.S00
5,1,51,81.42321531919177,60.010479232022476,90.02883152514696,82.36989051308483,81.42321531919177,81,pp5_26-9-2012_c1.S00
5,1,52,71.76129208869422,44.366642049518035,88.82127597381671,73.1793420717741,71.76129208869422,73,pp5_26-9-2012_c1.S00
5,1,53,70.55252296631608,44.018533579777205,94.94671879907449,70.58975549309204,70.55252296631608,71,pp5_26-9-2012_c1.S00
5,2,1,77.60502616426896,68.6303754384747,89.73533975537866,80.55365592428586,77.60502616426896,80,pp5_26-9-2012_c2.S00
5,2,2,61.560999205334625,80.24697545203107,90.15264821946622,62.95105229389544,61.560999205334625,62,pp5_26-9-2012_c2.S00
5,2,3,60.144065605260245,66.86762376223136,90.89078655987979,63.436260057333854,60.144065605260245,63,pp5_26-9-2012_c2.S00
5,2,4,59.680455535086246,60.40754624404988,92.34788503249486,59.968607949092984,59.680455535086246,60,pp5_26-9-2012_c2.S00
5,2,5,64.95916263579414,49.54131072311749,90.9457048262159,65.70373847854013,64.95916263579414,66,pp5_26-9-2012_c2.S00
5,2,6,64.68751542270552,55.114188728987045,90.85386288960775,65.0091192764851,64.68751542270552,65,pp5_26-9-2012_c2.S00
5,2,7,61.66186179685732,52.85237990464074,91.43390080233415,64.13431077143177,61.66186179685732,63,pp5_26-9-2012_c2.S00
5,2,8,63.10906879308014,66.86995992779812,90.32348398566246,63.49441960897918,63.10906879308014,64,pp5_26-9-2012_c2.S00
5,2,9,84.68220426938117,44.57761336682595,84.80688541978597,91.01583871928354,84.68220426938117,85,pp5_26-9-2012_c2.S00
5,2,10,68.64439242391998,44.39740361984157,82.41846799353759,70.23938239328564,68.64439242391998,70,pp5_26-9-2012_c2.S00
5,2,11,65.35930450093541,54.5480043731936,83.87304251044989,67.44437940952679,65.35930450093541,67,pp5_26-9-2012_c2.S00
5,2,12,84.06174712233425,170.5047329543005,83.93594797849656,90.60527340490371,84.06174712233425,77,pp5_26-9-2012_c2.S00
5,2,13,83.4341757827235,360.57382583210705,90.20294362256924,98.32755340157698,83.4341757827235,68,pp5_26-9-2012_c2.S00
5,2,14,77.2838028383327,580.4640371720777,90.64023911406596,99.65537186303767,77.2838028383327,70,pp5_26-9-2012_c2.S00
5,2,15,74.60686891582846,495.6560840162593,95.09707814703386,103.42401864441733,74.60686891582846,69,pp5_26-9-2012_c2.S00
5,2,16,79.66429346032345,477.11688594188774,95.84850490142902,105.54785874949617,79.66429346032345,70,pp5_26-9-2012_c2.S00
5,2,17,100.12312595060477,140.5756507364468,92.59762719273567,97.78009813837707,100.12312595060477,68,pp5_26-9-2012_c2.S00
5,2,18,62.243431663978456,611.3259694501411,90.65938810209433,84.06977056507021,62.243431663978456,48,pp5_26-9-2012_c2.S00
5,2,19,63.19633137616251,591.1507093370476,88.06272111833096,109.1261930993833,63.19633137616251,63,pp5_26-9-2012_c2.S00
5,2,20,110.46658793252368,214.21338631824503,86.51929980963469,108.18895547188198,110.46658793252368,70,pp5_26-9-2012_c2.S00
5,2,21,86.50926300144714,291.8615298607375,89.63008697827657,87.59870884887253,86.50926300144714,68,pp5_26-9-2012_c2.S00
5,2,22,82.21305879461481,225.6763821897716,89.13064489612977,77.68034777709593,82.21305879461481,63,pp5_26-9-2012_c2.S00
5,2,23,91.80619969269372,138.71992442177128,93.34782950431108,87.29980482899894,91.80619969269372,68,pp5_26-9-2012_c2.S00
5,2,24,87.39263258279858,149.7453205692531,90.16421668281158,78.50649688771615,87.39263258279858,64,pp5_26-9-2012_c2.S00
5,2,25,83.66591734393913,184.9816409332794,88.44886906395355,81.3596291994676,83.66591734393913,74,pp5_26-9-2012_c2.S00
5,2,26,95.56802399866675,150.22410211429394,89.47030745794376,89.1399348029246,95.56802399866675,69,pp5_26-9-2012_c2.S00
5,3,1,61.8656125008158,81.55458053233441,87.6930089817072,65.3095899052918,61.8656125008158,62,pp5_26-9-2012_c3.S00
5,3,2,61.42133273220884,83.06957146457484,90.69540163626273,63.294200268636146,61.42133273220884,62,pp5_26-9-2012_c3.S00
5,3,3,72.50081277318209,194.96637828860145,92.23363121052583,70.03593264101073,72.50081277318209,58,pp5_26-9-2012_c3.S00
5,3,4,61.15201666570222,100.30825764550482,93.4788416152199,61.47495969686036,61.15201666570222,61,pp5_26-9-2012_c3.S00
5,3,5,70.68538679506572,204.00196003086947,92.4936731706063,71.6710616701593,70.68538679506572,65,pp5_26-9-2012_c3.S00
5,3,6,70.98540778482548,224.62535080371072,93.01668692181508,66.35052775572986,70.98540778482548,61,pp5_26-9-2012_c3.S00
5,3,7,68.47178366566513,89.35021223439017,92.66116402794917,67.8768092514947,68.47178366566513,66,pp5_26-9-2012_c3.S00
5,3,8,81.08819209400345,124.42318139023268,81.46768427540859,80.16344969688605,81.08819209400345,75,pp5_26-9-2012_c3.S00
5,3,9,69.57597109629177,94.11241356047198,86.50564457227786,72.43796732872724,69.57597109629177,71,pp5_26-9-2012_c3.S00
5,3,10,68.90639019040974,50.57837234545009,91.14115938196579,73.64310051308324,68.90639019040974,65,pp5_26-9-2012_c3.S00
5,3,11,64.50278922035285,44.67380090178291,94.1503518645962,65.0899368665802,64.50278922035285,66,pp5_26-9-2012_c3.S00
5,3,12,69.12810925897077,44.328208283220754,90.49013496388991,69.9613395467711,69.12810925897077,70,pp5_26-9-2012_c3.S00
5,3,13,69.53069911989762,36.662370943088774,92.93813910235961,70.8927288301289,69.53069911989762,71,pp5_26-9-2012_c3.S00
5,3,14,74.53295592397897,157.1130489203516,95.11763275265693,74.0517982284228,74.53295592397897,69,pp5_26-9-2012_c3.S00
5,3,15,69.59380433064644,51.881982242622584,93.36421645234029,81.45675375585755,69.59380433064644,69,pp5_26-9-2012_c3.S00
5,3,16,79.27060037846206,155.75616675755538,88.24863877296448,76.07000373347351,79.27060037846206,72,pp5_26-9-2012_c3.S00
5,3,17,68.87340859956763,42.74470661657047,88.63563444465399,70.8054083975032,68.87340859956763,69,pp5_26-9-2012_c3.S00
5,3,18,71.35815801538384,71.32306566412332,89.32845897078514,77.52640987820924,71.35815801538384,75,pp5_26-9-2012_c3.S00
5,3,19,70.20348625191453,52.76124917519389,89.46865048408509,71.75849101540322,70.20348625191453,68,pp5_26-9-2012_c3.S00
5,3,20,85.2533563786409,211.946134670433,90.10575433075428,80.17565910443663,85.2533563786409,71,pp5_26-9-2012_c3.S00
5,3,21,83.24539730612896,131.385566198866,88.70219962100188,81.20100009491047,83.24539730612896,76,pp5_26-9-2012_c3.S00
5,3,22,70.82542604715984,40.183203293980085,86.94052133907874,72.34190639747928,70.82542604715984,71,pp5_26-9-2012_c3.S00
5,3,23,69.21118853166419,50.722143113949684,88.08409197479486,69.2687057202061,69.21118853166419,69,pp5_26-9-2012_c3.S00
5,3,24,70.83719833346434,54.47709405922061,87.87978936334451,71.61048367504651,70.83719833346434,72,pp5_26-9-2012_c3.S00
5,3,25,76.218285918769,163.52232438360105,96.92364239792029,74.16830695246657,76.218285918769,62,pp5_26-9-2012_c3.S00
5,3,26,73.60171495223983,173.14589643351295,95.83399018744628,72.30487716092418,73.60171495223983,66,pp5_26-9-2012_c3.S00
5,3,27,66.81724639863474,45.643565502731484,96.67146642655135,67.09925466055671,66.81724639863474,66,pp5_26-9-2012_c3.S00
5,3,28,66.61264092174537,40.19409656459213,98.41079592704773,66.90984841991836,66.61264092174537,67,pp5_26-9-2012_c3.S00
5,3,29,69.12496835710067,49.628308332378815,96.96211111545563,67.78835862977431,69.12496835710067,66,pp5_26-9-2012_c3.S00
5,3,30,66.902076689741,84.8406528495383,97.89670486599206,67.6647498667861,66.902076689741,64,pp5_26-9-2012_c3.S00
5,3,31,68.18514095465567,47.90937948791665,97.91923092554013,68.2303199888207,68.18514095465567,66,pp5_26-9-2012_c3.S00
5,3,32,73.98457291512831,159.04919621010322,102.10402650485436,70.66654088093588,73.98457291512831,67,pp5_26-9-2012_c3.S00
5,3,33,75.92082255018535,150.82246438339757,90.04005080610514,78.79314437738309,75.92082255018535,70,pp5_26-9-2012_c3.S00
5,3,34,71.52502910360884,76.51192354195271,91.13485122372707,73.29258224992081,71.52502910360884,72,pp5_26-9-2012_c3.S00
5,3,35,63.21924676706285,55.73070711266196,94.75641249368589,64.26982909586901,63.21924676706285,63,pp5_26-9-2012_c3.S00
5,3,36,68.15133364050581,49.020730661991806,93.96825279146432,68.79083238967384,68.15133364050581,70,pp5_26-9-2012_c3.S00
5,3,37,71.51430712931528,55.199110112411674,87.28659882048765,81.45259555143615,71.51430712931528,72,pp5_26-9-2012_c3.S00
5,3,38,63.797994115853406,60.16734372122965,92.53434633612633,63.977085373954225,63.797994115853406,64,pp5_26-9-2012_c3.S00
5,3,39,65.34232961974999,61.438607967471995,92.9238691786925,66.42474388293923,65.34232961974999,66,pp5_26-9-2012_c3.S00
5,3,40,64.98374470077245,62.446666850314045,92.85237640490135,65.04867539349944,64.98374470077245,65,pp5_26-9-2012_c3.S00
5,3,41,64.9392684490496,61.38124534390176,92.10360166579486,65.89122876351078,64.9392684490496,66,pp5_26-9-2012_c3.S00
5,3,42,66.17416484214986,45.13226321899035,91.40356976439556,66.98828095116963,66.17416484214986,67,pp5_26-9-2012_c3.S00
5,3,43,66.5253740880771,50.64177309826155,90.4585427676638,67.78862532749773,66.5253740880771,67,pp5_26-9-2012_c3.S00
5,3,44,69.3389480776519,58.18306695797283,87.96869853039583,69.30079981926829,69.3389480776519,70,pp5_26-9-2012_c3.S00
5,3,45,75.76900038758325,81.67295483060343,86.88148741573096,83.57663069047655,75.76900038758325,75,pp5_26-9-2012_c3.S00
5,3,46,74.91623665794869,151.02485294913419,89.53654219061136,75.92440375511845,74.91623665794869,73,pp5_26-9-2012_c3.S00
5,3,47,80.5317854133508,201.4388994260431,90.8975926036636,70.87139438251033,80.5317854133508,63,pp5_26-9-2012_c3.S00
5,3,48,77.75468963687209,217.653595604928,90.63240506748359,76.55538495319585,77.75468963687209,71,pp5_26-9-2012_c3.S00
5,3,49,72.53157441067346,143.20669883593362,87.63257449616988,74.12481958031033,72.53157441067346,71,pp5_26-9-2012_c3.S00
6,1,1,80.27256007477312,92.83583700869144,106.70863908932854,90.22208797379086,80.27256007477312,79,pp6_1-10-2012_c1.S00
6,1,2,64.5203069895249,53.7997553272463,112.40763824731111,65.32401703425373,64.5203069895249,65,pp6_1-10-2012_c1.S00
6,1,3,65.1948545973272,54.41008409864964,116.3289463510116,73.7236110411274,65.1948545973272,69,pp6_1-10-2012_c1.S00
6,1,4,65.64325204355052,53.55473960123036,84.36173462420702,65.73217115861674,65.64325204355052,66,pp6_1-10-2012_c1.S00
6,1,5,65.82680821049436,34.72236087290062,119.12952631662289,67.17545813787729,65.82680821049436,66,pp6_1-10-2012_c1.S00
6,1,6,66.39865127739593,32.89771696495969,117.4872636710604,66.55248223210995,66.39865127739593,67,pp6_1-10-2012_c1.S00
6,1,7,65.94609679392919,38.969341442088115,100.85977239310742,83.32699277730038,65.94609679392919,75,pp6_1-10-2012_c1.S00
6,1,8,61.213848836243876,58.922494395642026,97.48156093607346,61.28402124975498,61.213848836243876,61,pp6_1-10-2012_c1.S00
6,1,9,73.9384936491073,38.87127284827714,103.54302786489328,76.74603598668685,73.9384936491073,78,pp6_1-10-2012_c1.S00
6,1,10,69.28139415684264,70.28677706228915,80.28438411553701,76.64904276614466,69.28139415684264,72,pp6_1-10-2012_c1.S00
6,1,11,71.10053067499877,83.67622705793943,80.81242399190863,72.37462517175203,71.10053067499877,71,pp6_1-10-2012_c1.S00
6,1,12,64.33620132986614,48.781716226601695,92.5263184338808,63.856022403358175,64.33620132986614,64,pp6_1-10-2012_c1.S00
6,1,13,68.20841238411639,65.75973133516884,105.61099580029646,68.56847232868896,68.20841238411639,68,pp6_1-10-2012_c1.S00
6,1,14,65.3034355070973,61.799611990013815,123.85989247560501,65.57908947784453,65.3034355070973,67,pp6_1-10-2012_c1.S00
6,1,15,69.13256955810147,49.47427784684099,68.83654300620158,91.7627717983257,69.13256955810147,75,pp6_1-10-2012_c1.S00
6,1,16,64.3714138379812,65.99307706597192,79.34609641730785,64.17822410489121,64.3714138379812,65,pp6_1-10-2012_c1.S00
6,1,17,66.7112120807163,52.875929274182525,92.89341485301654,67.38860606926804,66.7112120807163,66,pp6_1-10-2012_c1.S00
6,1,18,64.1187384044527,51.51484758848844,93.12749227235714,64.32931742916504,64.1187384044527,64,pp6_1-10-2012_c1.S00
6,1,19,66.93915282775924,68.13915958927824,78.2635491569837,66.59284696259225,66.93915282775924,67,pp6_1-10-2012_c1.S00
6,1,20,65.74097699493807,62.41795996657478,78.71468371897936,65.01607595520714,65.74097699493807,66,pp6_1-10-2012_c1.S00
6,1,21,70.08981551637537,62.38788606037116,77.51375764111678,70.32574574940185,70.08981551637537,73,pp6_1-10-2012_c1.S00
6,1,22,69.76966492093355,40.745272142123916,93.72317415227492,70.95693739208703,69.76966492093355,70,pp6_1-10-2012_c1.S00
6,1,23,71.25034664156843,49.131996212728524,88.90047358324131,69.73251627913366,71.25034664156843,71,pp6_1-10-2012_c1.S00
6,1,24,68.37813922514847,31.531024005786993,80.30500344584385,69.68258259845898,68.37813922514847,69,pp6_1-10-2012_c1.S00
6,1,25,66.16131480925733,48.64406225777441,96.07330617010594,66.87154674862201,66.16131480925733,66,pp6_1-10-2012_c1.S00
6,1,26,71.77629143322557,41.848091964080155,89.06349086612462,72.11953674899414,71.77629143322557,72,pp6_1-10-2012_c1.S00
6,1,27,66.12673214045473,44.208390027022766,98.90424582163493,65.7130765321354,66.12673214045473,66,pp6_1-10-2012_c1.S00
6,1,28,68.035158142432,39.52618252037039,103.37423845082522,69.00490923073764,68.035158142432,68,pp6_1-10-2012_c1.S00
6,1,29,73.70908597039251,121.98351782142134,92.97873087128004,74.25966152269393,73.70908597039251,68,pp6_1-10-2012_c1.S00
6,1,30,66.95927001079924,46.4785731636933,101.12399925539891,67.00046548374618,66.95927001079924,65,pp6_1-10-2012_c1.S00
6,1,31,67.32377190424432,142.96355237622427,113.77034337321918,68.35494976096476,67.32377190424432,67,pp6_1-10-2012_c1.S00
6,1,32,68.37210640930938,30.920466253367263,128.6940564850966,69.86498708346238,68.37210640930938,72,pp6_1-10-2012_c1.S00
6,1,33,76.56742644218188,276.48152278992137,105.74451694339514,75.93495673164725,76.56742644218188,62,pp6_1-10-2012_c1.S00
6,1,34,72.56634608431557,178.09870341759117,80.42810588181018,73.55497087206071,72.56634608431557,62,pp6_1-10-2012_c1.S00
6,1,35,74.06871609403255,176.54040050691128,91.67579203993083,68.60282618918767,74.06871609403255,65,pp6_1-10-2012_c1.S00
6,1,36,63.26764406801478,96.45631362888629,81.5575535863638,69.60723782250037,63.26764406801478,64,pp6_1-10-2012_c1.S00
6,1,37,80.63780176205303,176.4814501234287,83.1561115950346,71.70019228737802,80.63780176205303,59,pp6_1-10-2012_c1.S00
6,1,38,78.99804752607267,154.8797407437666,84.96591455191374,74.44577457593212,78.99804752607267,69,pp6_1-10-2012_c1.S00
6,1,39,71.93903855414861,316.75069312381686,83.26670532226562,75.01890166522935,71.93903855414861,67,pp6_1-10-2012_c1.S00
6,1,40,71.32817582241616,250.6131550091456,81.65087638696035,76.01253078971058,71.32817582241616,66,pp6_1-10-2012_c1.S00
6,1,41,70.2853563095249,114.9011197003275,95.5257146731019,71.18402258477484,70.2853563095249,67,pp6_1-10-2012_c1.S00
6,1,42,64.54892086982511,48.81647339051932,88.16700189709664,64.5037176101779,64.54892086982511,65,pp6_1-10-2012_c1.S00
6,1,43,70.79836370969291,114.8775708682362,84.27057777668038,70.66125143508738,70.79836370969291,67,pp6_1-10-2012_c1.S00
6,1,44,67.40155097408739,81.29493716528265,81.56990877290566,66.6714231876346,67.40155097408739,65,pp6_1-10-2012_c1.S00
6,1,45,59.83462570284076,81.46595667749348,79.70071307023366,61.57905506091193,59.83462570284076,60,pp6_1-10-2012_c1.S00
6,1,46,65.07128259016855,89.2535530174509,86.0175979817907,64.79984873399759,65.07128259016855,65,pp6_1-10-2012_c1.S00
6,1,47,63.29006228360501,128.65077636646515,69.22325221921007,63.328293414227666,63.29006228360501,62,pp6_1-10-2012_c1.S00
6,1,48,69.20780094149293,39.202537367921025,81.92809586971998,69.6101570410033,69.20780094149293,69,pp6_1-10-2012_c1.S00
6,1,49,69.26719278466742,39.2176520098014,92.75255890190601,69.23363714469596,69.26719278466742,70,pp6_1-10-2012_c1.S00
6,1,50,63.718755493056776,52.025049856765335,100.79971672296524,64.91579460545132,63.718755493056776,64,pp6_1-10-2012_c1.S00
6,1,51,64.86637379548525,47.439595080931994,99.65829505125681,65.14591069314629,64.86637379548525,65,pp6_1-10-2012_c1.S00
6,1,52,63.631760644418875,43.220424208896716,97.2480824371179,65.24538486010084,63.631760644418875,65,pp6_1-10-2012_c1.S00
6,2,1,67.93670472536586,126.33595709414672,85.4546785576269,85.448530328338,67.93670472536586,71,pp6_1-10-2012_c2.S00
6,2,2,57.82540495021713,123.71172529124011,97.5960273489356,57.69998927572742,57.82540495021713,58,pp6_1-10-2012_c2.S00
6,2,3,58.31551603556799,121.3976654423496,104.50512157926957,58.91611665384844,58.31551603556799,58,pp6_1-10-2012_c2.S00
6,2,4,63.392910634048924,73.82214671142236,100.03777886231741,62.648187128081915,63.392910634048924,63,pp6_1-10-2012_c2.S00
6,2,5,61.93036667382719,84.72645875799272,84.27011880924304,72.01344338847944,61.93036667382719,63,pp6_1-10-2012_c2.S00
6,2,6,65.75298485000502,66.41952709605417,87.19449732551972,69.02154870883872,65.75298485000502,66,pp6_1-10-2012_c2.S00
6,2,7,55.04973668812171,78.36822160635532,90.64430650919675,58.1884171157144,55.04973668812171,57,pp6_1-10-2012_c2.S00
6,2,8,58.20072996090158,51.47429348728012,109.55939096162716,60.38068206536894,58.20072996090158,61,pp6_1-10-2012_c2.S00
6,2,9,70.12444103743452,66.17907392247191,80.91063536033035,74.06511170653006,70.12444103743452,73,pp6_1-10-2012_c2.S00
6,2,10,69.13813459268005,68.30735906979872,76.08764796157678,78.24844147490934,69.13813459268005,72,pp6_1-10-2012_c2.S00
6,2,11,60.61501931341237,104.78619033347852,92.78568422744671,61.14372805006181,60.61501931341237,60,pp6_1-10-2012_c2.S00
6,2,12,58.69358327325162,105.10170475391689,94.52930907656749,60.72086043699334,58.69358327325162,60,pp6_1-10-2012_c2.S00
6,2,13,63.020682697158236,77.28013013374634,104.81770791113377,62.74840401923284,63.020682697158236,63,pp6_1-10-2012_c2.S00
6,2,14,64.69775506313601,155.14579239648288,103.40688404540221,69.34099387715881,64.69775506313601,66,pp6_1-10-2012_c2.S00
6,2,15,61.02566783417847,73.23977511838176,101.40993466228247,61.62311838231981,61.02566783417847,61,pp6_1-10-2012_c2.S00
6,2,16,70.72503607999451,55.30326929511864,97.47810050199429,82.67402725641927,70.72503607999451,72,pp6_1-10-2012_c2.S00
6,2,17,71.26651649127525,55.943781274096146,103.91479473958412,70.91636079053085,71.26651649127525,71,pp6_1-10-2012_c2.S00
6,2,18,64.33563992704997,62.43974399603511,99.45292006731033,66.24513609294469,64.33563992704997,65,pp6_1-10-2012_c2.S00
6,2,19,65.17212231706307,62.71636689345212,92.45040824760993,63.93172709572439,65.17212231706307,65,pp6_1-10-2012_c2.S00
6,2,20,60.85980320940369,90.33887542784674,117.19214255958795,62.482572612601025,60.85980320940369,61,pp6_1-10-2012_c2.S00
6,2,21,65.65969439201592,94.05351712143334,113.11338606278102,67.85945994826034,65.65969439201592,66,pp6_1-10-2012_c2.S00
6,2,22,57.75055036567367,105.38879270131297,100.09202330559492,68.35544285016755,57.75055036567367,59,pp6_1-10-2012_c2.S00
6,2,23,61.66995576726778,120.21553584109861,100.96381701330344,66.6971478578324,61.66995576726778,64,pp6_1-10-2012_c2.S00
6,2,24,58.29017182613585,77.82598890922453,93.5188097928961,59.98135304398214,58.29017182613585,59,pp6_1-10-2012_c2.S00
6,2,25,60.032293590136376,64.31438697129622,118.16371604551871,60.18739578727012,60.032293590136376,60,pp6_1-10-2012_c2.S00
6,2,26,62.20783990629436,70.43104562915084,103.36419051190218,74.6857513385204,62.20783990629436,67,pp6_1-10-2012_c2.S00
6,2,27,58.26506505174193,111.08852598766354,103.26694554140171,58.15626262628163,58.26506505174193,58,pp6_1-10-2012_c2.S00
6,2,28,64.91069365116049,68.43769318703424,98.48783588310083,64.55738473953679,64.91069365116049,65,pp6_1-10-2012_c2.S00
6,2,29,57.25129693841895,100.49201128144357,101.17799119253954,61.1831765401798,57.25129693841895,58,pp6_1-10-2012_c2.S00
6,2,30,60.4004760180059,107.0792741803109,110.48783352573713,65.65207725887497,60.4004760180059,60,pp6_1-10-2012_c2.S00
6,2,31,58.35211231123889,92.97291389873902,112.65252569566171,58.48903277299056,58.35211231123889,58,pp6_1-10-2012_c2.S00
6,2,32,59.50453665001529,95.59718905669764,106.10770104676484,58.95166717606286,59.50453665001529,59,pp6_1-10-2012_c2.S00
6,2,33,60.73897104255057,85.21675021394388,108.36185782303413,61.23264871845022,60.73897104255057,61,pp6_1-10-2012_c2.S00
6,2,34,59.28276601447333,84.30684854091422,102.2191731090347,59.712088932128005,59.28276601447333,59,pp6_1-10-2012_c2.S00
6,2,35,63.50495200494777,56.758713668036584,117.66535870184501,64.25880705841506,63.50495200494777,65,pp6_1-10-2012_c2.S00
6,2,36,65.50324837581209,64.07919447259198,105.58107001781464,65.25819570403546,65.50324837581209,65,pp6_1-10-2012_c2.S00
6,2,37,62.70729418736728,90.05165108409213,102.58318838427464,62.06168563409398,62.70729418736728,63,pp6_1-10-2012_c2.S00
6,2,38,57.62815921416146,105.62085145406427,100.4562286083897,59.84910758252566,57.62815921416146,58,pp6_1-10-2012_c2.S00
6,2,39,56.378727841501565,107.81343042992907,104.14727650334437,56.51452435692772,56.378727841501565,56,pp6_1-10-2012_c2.S00
6,2,40,65.65912851627137,67.75948451175664,95.11040811985731,64.95228850965698,65.65912851627137,65,pp6_1-10-2012_c2.S00
6,2,41,64.96431403647898,81.83006707484937,100.52090721428394,65.37947209409127,64.96431403647898,65,pp6_1-10-2012_c2.S00
6,2,42,61.99798183652876,101.60778881073131,90.95722596247991,77.76338906055317,61.99798183652876,65,pp6_1-10-2012_c2.S00
6,2,43,61.754490460679385,76.25088149321378,98.05403709610303,60.75105692427606,61.754490460679385,61,pp6_1-10-2012_c2.S00
6,2,44,60.77001063277367,108.97304391885437,98.42136413852374,61.10260707304503,60.77001063277367,61,pp6_1-10-2012_c2.S00
6,2,45,57.37604397927899,82.38084239686238,89.22960803508758,58.1220975426957,57.37604397927899,58,pp6_1-10-2012_c2.S00
6,2,46,63.29260569623994,73.54327220803148,95.33401576578618,63.121970584709196,63.29260569623994,63,pp6_1-10-2012_c2.S00
6,2,47,57.81379057974803,78.44398573962,90.6684195175767,59.4299673509784,57.81379057974803,58,pp6_1-10-2012_c2.S00
6,2,48,58.70063694267515,68.76024199370539,96.43427067995071,58.3524313450791,58.70063694267515,58,pp6_1-10-2012_c2.S00
6,2,49,65.26929960040205,78.21161713732116,107.84060026357571,72.67710053703438,65.26929960040205,67,pp6_1-10-2012_c2.S00
6,2,50,63.52894729421054,63.877018456951944,101.97683544059595,64.4190222789223,63.52894729421054,63,pp6_1-10-2012_c2.S00
6,2,51,61.62690125791334,73.76236720299178,94.19850629369418,61.82004994849364,61.62690125791334,62,pp6_1-10-2012_c2.S00
6,3,1,78.88300433317285,216.15336346683597,90.35847745270779,80.2449680397287,78.88300433317285,67,pp6_1-10-2012_c3.S00
6,3,2,99.67957817886838,273.08939208810153,98.58062353084485,78.07620656195407,99.67957817886838,51,pp6_1-10-2012_c3.S00
6,3,3,92.07761476573592,91.60194517798818,108.28260025133689,85.11489771939581,92.07761476573592,64,pp6_1-10-2012_c3.S00
6,3,4,55.22757169166009,71.49277934714314,110.83182508399089,66.50033393517758,55.22757169166009,57,pp6_1-10-2012_c3.S00
6,3,5,56.523983542459945,91.25808151556464,127.85592818458875,56.77438906471556,56.523983542459945,57,pp6_1-10-2012_c3.S00
6,3,6,72.24794915586415,215.2560665611602,139.35208785285553,75.75445750920723,72.24794915586415,68,pp6_1-10-2012_c3.S00
6,3,7,66.16141549544197,91.98877908932316,96.45000234941641,74.50545738426348,66.16141549544197,66,pp6_1-10-2012_c3.S00
6,3,8,74.43483317583775,183.16649705764783,94.32439115196466,75.83407934832697,74.43483317583775,63,pp6_1-10-2012_c3.S00
6,3,9,64.17164555617515,97.91767775679892,96.89866575151682,67.35520487000046,64.17164555617515,77,pp6_1-10-2012_c3.S00
6,3,10,58.738049713193114,87.7656341611159,109.6341245263815,59.30640258633842,58.738049713193114,59,pp6_1-10-2012_c3.S00
6,3,11,60.72232493546106,66.4022816514555,119.02962371657291,60.75194276304295,60.72232493546106,60,pp6_1-10-2012_c3.S00
6,3,12,60.6531932980503,71.62871878322784,108.64590926766395,63.04918075675208,60.6531932980503,65,pp6_1-10-2012_c3.S00
6,3,13,61.56569663062085,79.06385194556992,105.47206063320239,67.28138796739901,61.56569663062085,64,pp6_1-10-2012_c3.S00
6,3,14,60.84414697445705,76.52212485818715,107.00615439613661,61.022205655338865,60.84414697445705,61,pp6_1-10-2012_c3.S00
6,3,15,60.76581377305243,100.45904655525075,101.48691122631232,61.52060504872352,60.76581377305243,61,pp6_1-10-2012_c3.S00
6,3,16,59.29598212018083,83.55929755917822,104.01879825989406,59.69504141391565,59.29598212018083,59,pp6_1-10-2012_c3.S00
6,3,17,63.08008213552361,68.01694918839783,118.07348284870386,61.91730674641828,63.08008213552361,63,pp6_1-10-2012_c3.S00
6,3,18,62.35042183750871,119.49074355239863,106.13339043408632,63.37463397088771,62.35042183750871,62,pp6_1-10-2012_c3.S00
6,3,19,57.566590817828946,162.54460716220635,84.43890344053507,62.796594881049046,57.566590817828946,59,pp6_1-10-2012_c3.S00
6,3,20,59.836061138915184,104.76522436719236,99.09240170568228,59.15565373711288,59.836061138915184,59,pp6_1-10-2012_c3.S00
6,3,21,63.86408236780559,129.36360792460147,104.45588746468226,64.09648942186807,63.86408236780559,64,pp6_1-10-2012_c3.S00
6,3,22,64.08452007435882,75.43154524320869,111.72572595129411,68.0993132278944,64.08452007435882,65,pp6_1-10-2012_c3.S00
6,3,23,60.44773506090698,86.7501227283112,118.93892377267281,60.685631675242135,60.44773506090698,60,pp6_1-10-2012_c3.S00
6,3,24,61.75890050442283,90.29805534405791,110.55677172094583,61.252065312924486,61.75890050442283,61,pp6_1-10-2012_c3.S00
6,3,25,59.884121798458565,59.62179161943814,109.83945540984472,60.141277765048045,59.884121798458565,61,pp6_1-10-2012_c3.S00
6,3,26,61.58351157608355,57.27739813227456,99.44828746020794,62.670222724011786,61.58351157608355,62,pp6_1-10-2012_c3.S00
6,3,27,58.932990580697144,71.61229211920163,105.12899990975856,61.512910742281626,58.932990580697144,60,pp6_1-10-2012_c3.S00
6,3,28,58.14409141094618,114.64160769977211,106.30897801766793,59.93151858154064,58.14409141094618,59,pp6_1-10-2012_c3.S00
6,3,29,66.03224230581338,73.30313701461705,108.42034948666891,66.2265635681649,66.03224230581338,64,pp6_1-10-2012_c3.S00
6,3,30,60.40985303249845,57.58592251475938,104.05734269072612,60.766203908249736,60.40985303249845,62,pp6_1-10-2012_c3.S00
6,3,31,63.231385958651146,60.047594537909994,95.28814257035653,64.05593117975319,63.231385958651146,66,pp6_1-10-2012_c3.S00
6,3,32,60.16211217291965,51.93775873531386,99.40141560385625,60.57640214173092,60.16211217291965,62,pp6_1-10-2012_c3.S00
6,3,33,69.10291205163941,56.090025211671936,103.24965976476669,69.14588192316393,69.10291205163941,70,pp6_1-10-2012_c3.S00
6,3,34,58.98995071369136,63.496491831575426,87.54024457832178,59.33883572798222,58.98995071369136,58,pp6_1-10-2012_c3.S00
6,3,35,57.82485549646178,85.92376065630717,89.43823756724596,57.82430961939196,57.82485549646178,58,pp6_1-10-2012_c3.S00
7,1,1,75.34862330627922,72.16648813585088,192.2910437369098,77.18597797093292,75.34862330627922,75,pp7_2-10-2012_c1.S00
7,1,2,69.30975091405377,44.430569327639084,180.89353997707366,70.42151095370451,69.30975091405377,71,pp7_2-10-2012_c1.S00
7,1,3,68.03692392874754,28.76521085277854,199.16891236007214,68.12058210757871,68.03692392874754,67,pp7_2-10-2012_c1.S00
7,1,4,69.04119311180987,25.641325027076896,241.7381983558337,72.1079342311869,69.04119311180987,72,pp7_2-10-2012_c1.S00
7,1,5,69.53948764589965,20.503161675016734,235.15597505966824,70.87226902426531,69.53948764589965,71,pp7_2-10-2012_c1.S00
7,1,6,70.87647273375009,22.264176986129083,245.78390765984852,70.72572923408201,70.87647273375009,71,pp7_2-10-2012_c1.S00
7,1,7,71.15735832583499,23.774113961686112,267.87934622565905,71.88658242300153,71.15735832583499,72,pp7_2-10-2012_c1.S00
7,1,8,73.81288481754017,26.458385168538992,261.6884464859962,74.07011338472367,73.81288481754017,74,pp7_2-10-2012_c1.S00
7,1,9,72.98128620847747,25.96865819528218,245.97455994188786,73.05524252249549,72.98128620847747,74,pp7_2-10-2012_c1.S00
7,1,10,79.6355960448839,64.7603029075177,172.62961908678213,77.478473978738,79.6355960448839,77,pp7_2-10-2012_c1.S00
7,1,11,72.69915338977403,43.92662983324076,167.20046480099361,73.20350129517416,72.69915338977403,72,pp7_2-10-2012_c1.S00
7,1,12,78.8854705985343,29.377715357990642,139.50164536337059,78.02883676973482,78.8854705985343,79,pp7_2-10-2012_c1.S00
7,1,13,70.45403177557668,31.024794563379597,230.10121111472446,71.16143647053589,70.45403177557668,71,pp7_2-10-2012_c1.S00
7,1,14,74.14444463067562,34.2464294298005,229.15431063870588,74.3746577359736,74.14444463067562,74,pp7_2-10-2012_c1.S00
7,1,15,75.62393657459363,34.51881294469379,209.77326302925746,74.04330161046236,75.62393657459363,74,pp7_2-10-2012_c1.S00
7,1,16,78.10355940700423,41.28483247027367,254.56869651973247,77.05129573388646,78.10355940700423,76,pp7_2-10-2012_c1.S00
7,1,17,76.80825088632568,31.34286796104992,175.04479354222616,73.48522125023106,76.80825088632568,75,pp7_2-10-2012_c1.S00
7,1,18,80.5262503007026,19.713892745416796,153.35406687160332,80.73557315859944,80.5262503007026,81,pp7_2-10-2012_c1.S00
7,1,19,80.1739886907351,23.799267537378835,147.55383167068163,80.56740414916227,80.1739886907351,80,pp7_2-10-2012_c1.S00
7,1,20,79.73811138014528,28.566381650693685,143.16432280739147,78.0338150744016,79.73811138014528,78,pp7_2-10-2012_c1.S00
7,1,21,75.86490288756414,39.64305521695842,151.39173135856788,76.98995298029234,75.86490288756414,77,pp7_2-10-2012_c1.S00
7,1,22,75.77688233356142,35.691322028465805,144.04366850505272,75.62678540423512,75.77688233356142,75,pp7_2-10-2012_c1.S00
7,1,23,78.83375938884886,23.55387722665086,146.62971185396114,78.71531482345114,78.83375938884886,79,pp7_2-10-2012_c1.S00
7,1,24,78.42901358700404,39.86920144316773,143.39419358174007,78.92589583297571,78.42901358700404,79,pp7_2-10-2012_c1.S00
7,1,25,78.71580375310876,31.508501056662027,190.1681508819262,77.0634554611519,78.71580375310876,78,pp7_2-10-2012_c1.S00
7,1,26,76.09664195377235,39.35701785711842,143.36912311911584,76.28141583402952,76.09664195377235,75,pp7_2-10-2012_c1.S00
7,1,27,79.85193593761568,36.619382638977385,165.22868140588204,79.46644561178982,79.85193593761568,80,pp7_2-10-2012_c1.S00
7,1,28,74.81586309034063,52.86347154465493,174.48950467805068,75.80483171635618,74.81586309034063,75,pp7_2-10-2012_c1.S00
7,1,29,77.15875900255925,42.13193184478886,206.60000647703808,74.59367497594407,77.15875900255925,75,pp7_2-10-2012_c1.S00
7,2,1,71.79046631612728,45.9006636523209,184.2851275301228,73.77877476994568,71.79046631612728,72,pp7_2-10-2012_c2.S00
7,2,2,57.07826894789812,87.18985527222883,230.32704490820566,59.205361797567456,57.07826894789812,57,pp7_2-10-2012_c2.S00
7,2,3,57.730549765948,77.45631824772687,210.55964674055576,58.077444521772364,57.730549765948,59,pp7_2-10-2012_c2.S00
7,2,4,63.09941278294503,56.94330143043,202.40129293203353,63.2419694263488,63.09941278294503,63,pp7_2-10-2012_c2.S00
7,2,5,61.60319442734261,42.515582025101374,228.30025176604588,61.410426119032,61.60319442734261,61,pp7_2-10-2012_c2.S00
7,2,6,65.09336511720302,35.983087780537424,247.30798586507638,71.58472611286366,65.09336511720302,66,pp7_2-10-2012_c2.S00
7,2,7,65.71891765413734,36.7337676376266,260.20900677839916,67.37440562310319,65.71891765413734,66,pp7_2-10-2012_c2.S00
7,2,8,68.7711443354311,27.086134301134397,269.84926047027113,71.68103284109384,68.7711443354311,73,pp7_2-10-2012_c2.S00
7,2,9,78.22961873677416,36.853013769468674,155.7998991350333,77.64846991958717,78.22961873677416,77,pp7_2-10-2012_c2.S00
7,2,10,70.78932941843287,34.176885771440844,141.84995662172636,73.63700835518539,70.78932941843287,74,pp7_2-10-2012_c2.S00
7,2,11,70.66333132062451,36.28130677328097,153.1461752464374,70.18613120724136,70.66333132062451,69,pp7_2-10-2012_c2.S00
7,2,12,70.24231443713487,37.47664853607328,146.49470631430546,71.22918610516936,70.24231443713487,71,pp7_2-10-2012_c2.S00
7,2,13,71.64277385280197,32.70287654948353,145.58654211660226,72.03366337201247,71.64277385280197,72,pp7_2-10-2012_c2.S00
7,2,14,73.3912047453467,36.58956795516749,137.98797071526448,73.63364955435196,73.3912047453467,74,pp7_2-10-2012_c2.S00
7,2,15,74.74123112454932,31.923168091050325,143.18379082083703,74.28797520939261,74.74123112454932,75,pp7_2-10-2012_c2.S00
7,2,16,75.48356151703594,40.627800608552214,147.42411212772132,75.35547991550217,75.48356151703594,75,pp7_2-10-2012_c2.S00
7,2,17,75.15099423130961,29.55398957025501,146.26490588386852,74.37145939059556,75.15099423130961,75,pp7_2-10-2012_c2.S00
7,2,18,75.97215128625574,31.036997395110777,145.56417262156805,75.36168492473662,75.97215128625574,75,pp7_2-10-2012_c2.S00
7,2,19,79.30335151574089,33.10889542361194,138.09221836378177,77.95936247743666,79.30335151574089,78,pp7_2-10-2012_c2.S00
7,2,20,74.65305803629546,29.51718848804093,138.13711630503337,75.08208120148629,74.65305803629546,75,pp7_2-10-2012_c2.S00
7,2,21,74.0719052744887,36.826023081582164,135.8603040933609,74.47193826021005,74.0719052744887,74,pp7_2-10-2012_c2.S00
7,2,22,75.84223208623969,35.5033225771676,137.8525538161397,75.4066287883247,75.84223208623969,75,pp7_2-10-2012_c2.S00
7,2,23,71.83590473527693,48.7798474569447,147.09508615881205,71.350118943428,71.83590473527693,72,pp7_2-10-2012_c2.S00
7,2,24,74.38318338239563,31.873886072312587,155.39859222670395,75.10761579473814,74.38318338239563,74,pp7_2-10-2012_c2.S00
7,2,25,79.06992113112061,32.54297973980474,154.22731897930305,77.96049320492894,79.06992113112061,79,pp7_2-10-2012_c2.S00
7,2,26,72.90256882521186,35.07441491094423,148.30589923063914,73.07391769438982,72.90256882521186,73,pp7_2-10-2012_c2.S00
7,2,27,72.13036621692657,36.97963100504892,159.85860734283924,72.2345895462359,72.13036621692657,73,pp7_2-10-2012_c2.S00
7,2,28,74.69205349040288,45.04831656919569,140.95851538131635,75.98135279988249,74.69205349040288,75,pp7_2-10-2012_c2.S00
7,2,29,78.03490232936215,26.376106044543008,144.42969898631176,77.65788519556324,78.03490232936215,78,pp7_2-10-2012_c2.S00
7,2,30,80.11001436298628,23.53418178986899,142.13949898233017,79.53397072814406,80.11001436298628,80,pp7_2-10-2012_c2.S00
7,2,31,77.72679103925869,48.76026457344568,136.7647501324614,79.32296661467602,77.72679103925869,78,pp7_2-10-2012_c2.S00
7,2,32,78.35862138772205,33.14383205379923,153.45427916844685,76.54081545503189,78.35862138772205,77,pp7_2-10-2012_c2.S00
7,2,33,76.67667834233275,36.76908266854332,154.06390101412933,77.29326474213352,76.67667834233275,77,pp7_2-10-2012_c2.S00
7,2,34,74.46654491117383,31.63356623776567,165.55866931478184,74.1927816140155,74.46654491117383,74,pp7_2-10-2012_c2.S00
7,2,35,73.01114290154209,36.5831814659952,164.47552115718523,74.59928884152323,73.01114290154209,75,pp7_2-10-2012_c2.S00
7,2,36,78.55463870885254,25.014810347531043,161.73905343015988,78.10701511092483,78.55463870885254,78,pp7_2-10-2012_c2.S00
7,2,37,79.36556731036512,28.546764440433364,141.78744009385505,79.57750098152707,79.36556731036512,80,pp7_2-10-2012_c2.S00
7,2,38,80.30150303920077,25.35708567926078,138.94584912508725,79.6330680584535,80.30150303920077,79,pp7_2-10-2012_c2.S00
7,2,39,82.1998448049805,33.47429848861746,140.91833574573198,81.50607057878126,82.1998448049805,82,pp7_2-10-2012_c2.S00
7,3,1,66.30402158334036,75.87995161214812,154.20855059884488,66.846420197996,66.30402158334036,66,pp7_2-10-2012_c3.S00
7,3,2,52.321746535573276,96.76687813200631,193.0426168779532,54.27081389098118,52.321746535573276,53,pp7_2-10-2012_c3.S00
7,3,3,55.75177072568245,87.0462544109614,202.17058997750283,55.38028851458803,55.75177072568245,56,pp7_2-10-2012_c3.S00
7,3,4,57.079683014520754,83.68530033144825,226.09348730146885,58.629707553454985,57.079683014520754,60,pp7_2-10-2012_c3.S00
7,3,5,56.695132795329094,82.84217414778544,232.6775257696708,58.05911476115386,56.695132795329094,56,pp7_2-10-2012_c3.S00
7,3,6,56.06657906263688,101.84426499933535,212.69461963176727,57.21025618392353,56.06657906263688,58,pp7_2-10-2012_c3.S00
7,3,7,58.27321497376923,75.07962943862432,198.94853432178496,59.91835675798357,58.27321497376923,59,pp7_2-10-2012_c3.S00
7,3,8,61.53404259339745,72.0468807081406,158.5316602597634,63.680320195263874,61.53404259339745,64,pp7_2-10-2012_c3.S00
7,3,9,71.81292133444181,44.95662506129498,139.48936680605013,69.78185496420289,71.81292133444181,72,pp7_2-10-2012_c3.S00
7,3,10,68.6381491224909,57.454797456003696,198.49238248268765,79.68461097795516,68.6381491224909,70,pp7_2-10-2012_c3.S00
7,3,11,65.00065038112334,73.84062699860063,314.7223761240641,65.63142342511564,65.00065038112334,65,pp7_2-10-2012_c3.S00
7,3,12,66.46146584192981,50.745677171607426,235.18340373933316,65.72286151709656,66.46146584192981,67,pp7_2-10-2012_c3.S00
7,3,13,67.93391628044118,35.14331644377948,418.4186091353496,67.56821623230353,67.93391628044118,68,pp7_2-10-2012_c3.S00
7,3,14,68.37377312365454,42.576193109483675,223.88928897380828,70.17871827253451,68.37377312365454,69,pp7_2-10-2012_c3.S00
7,3,15,67.81917603505077,43.89798476866077,202.73581850131353,68.6392950246421,67.81917603505077,68,pp7_2-10-2012_c3.S00
7,3,16,68.04276525961579,52.86916531278934,179.09956576923528,67.90222415560856,68.04276525961579,68,pp7_2-10-2012_c3.S00
7,3,17,71.79578334073965,37.02281522430583,191.1814665108919,71.19667313434184,71.79578334073965,72,pp7_2-10-2012_c3.S00
7,3,18,73.44199588459799,43.866062422860246,174.26635296344756,76.81720424418648,73.44199588459799,75,pp7_2-10-2012_c3.S00
7,3,19,72.14737133956893,35.105637487801225,160.05907425383728,71.64561211739978,72.14737133956893,73,pp7_2-10-2012_c3.S00
7,3,20,73.22241664696146,42.11252859024393,163.0653089930614,72.86498933716987,73.22241664696146,72,pp7_2-10-2012_c3.S00
7,3,21,71.28575019820934,35.48346647745613,179.86679362654687,72.26699176939825,71.28575019820934,72,pp7_2-10-2012_c3.S00
7,3,22,69.90966140266188,36.569474838477845,177.75552987555662,70.40617984204242,69.90966140266188,71,pp7_2-10-2012_c3.S00
7,3,23,73.84205757816689,39.803767245120945,175.70578466852507,73.47393087036907,73.84205757816689,73,pp7_2-10-2012_c3.S00
7,3,24,73.93120519828787,30.051366993770504,146.2488856434822,74.07549484142413,73.93120519828787,74,pp7_2-10-2012_c3.S00
7,3,25,69.30683543043885,35.98330065192404,148.15009788473446,69.4391831729561,69.30683543043885,70,pp7_2-10-2012_c3.S00
7,3,26,71.13961255845022,46.87599340021992,154.9191301246484,72.17293622077753,71.13961255845022,71,pp7_2-10-2012_c3.S00
7,3,27,68.82372709020878,51.103012691904624,163.64319086372853,69.71530243558809,68.82372709020878,69,pp7_2-10-2012_c3.S00
7,3,28,71.09289120678397,48.83350287413339,219.05558512210845,70.34371236190199,71.09289120678397,71,pp7_2-10-2012_c3.S00
7,3,29,74.01950623189562,42.36916334668765,199.234572644035,73.56925259257356,74.01950623189562,73,pp7_2-10-2012_c3.S00
7,3,30,68.66633997885127,44.41552266293173,141.1478806272149,68.06586787362272,68.66633997885127,69,pp7_2-10-2012_c3.S00
7,3,31,68.038689806724,36.2155120103118,140.75810762594145,68.0398991657421,68.038689806724,68,pp7_2-10-2012_c3.S00
7,3,32,69.93490555970547,46.14144014131188,154.04473123649757,71.40865408436706,69.93490555970547,71,pp7_2-10-2012_c3.S00
7,3,33,67.97314626235196,45.24325232365391,172.88947467009226,67.60925085091343,67.97314626235196,68,pp7_2-10-2012_c3.S00
7,3,34,67.13697961075837,34.13630488586187,191.7054973423481,67.19673274072508,67.13697961075837,67,pp7_2-10-2012_c3.S00
7,3,35,72.44200142816813,38.930047133486745,157.7265163530906,72.61640177707498,72.44200142816813,72,pp7_2-10-2012_c3.S00
7,3,36,69.14338673374817,36.2996523190371,161.5898610085249,69.06886235624552,69.14338673374817,69,pp7_2-10-2012_c3.S00
7,3,37,69.43292279168323,44.675923771615935,149.9102155705293,69.29810602174452,69.43292279168323,70,pp7_2-10-2012_c3.S00
7,3,38,69.91492993420147,35.21529001642528,161.34973986744882,69.30747119951994,69.91492993420147,69,pp7_2-10-2012_c3.S00
7,3,39,70.2974828375286,51.69282107657206,176.64879483282567,69.44389022753263,70.2974828375286,70,pp7_2-10-2012_c3.S00
7,3,40,69.31159141604492,47.03915536149135,194.78274494012197,69.55720203062519,69.31159141604492,69,pp7_2-10-2012_c3.S00
7,3,41,68.53136452966484,50.879447404596874,152.91667735278605,67.84674195445453,68.53136452966484,67,pp7_2-10-2012_c3.S00
7,3,42,66.8947058022955,43.67570086933089,159.2293277859688,67.61155929320181,66.8947058022955,68,pp7_2-10-2012_c3.S00
7,3,43,70.55390435017563,36.566248576390365,161.62925475935143,70.11582577439646,70.55390435017563,71,pp7_2-10-2012_c3.S00
7,3,44,72.58423601058254,47.85234545186722,158.47911572903394,73.48749870688965,72.58423601058254,72,pp7_2-10-2012_c3.S00
7,3,45,68.64409703681189,44.30507087334329,145.89872334698836,68.83525784322993,68.64409703681189,69,pp7_2-10-2012_c3.S00
7,3,46,76.50369308266279,37.66033424415183,159.30954858958722,74.21372627116119,76.50369308266279,74,pp7_2-10-2012_c3.S00
7,3,47,68.33358467802745,37.66756438760046,157.38443447301785,77.95592498229817,68.33358467802745,70,pp7_2-10-2012_c3.S00
7,3,48,69.24480612574686,43.05706498029624,150.52174203395845,68.85255831548324,69.24480612574686,70,pp7_2-10-2012_c3.S00
7,3,49,71.89227894304825,46.044555493929,166.4450960546732,73.14145910503963,71.89227894304825,72,pp7_2-10-2012_c3.S00
7,3,50,68.42112705932263,48.27632067683934,179.8766508936882,70.21816045576706,68.42112705932263,69,pp7_2-10-2012_c3.S00
7,3,51,72.70884725648376,47.88649815718655,165.15867714583874,71.73016328023125,72.70884725648376,73,pp7_2-10-2012_c3.S00
7,3,52,63.6203936671723,58.459864650554906,401.7689831902583,66.2235445180287,63.6203936671723,65,pp7_2-10-2012_c3.S00
7,3,53,69.91970664474933,43.33141681575864,204.90695215761662,68.70630495054647,69.91970664474933,69,pp7_2-10-2012_c3.S00
7,3,54,75.83482944344705,33.76182588062841,168.75962665279707,73.92537603490055,75.83482944344705,74,pp7_2-10-2012_c3.S00
8,1,1,108.83058721299423,280.54590204172854,443.90721798588834,159.4277511305848,108.83058721299423,97,pp8_4-10-2012_c1.S00
8,1,2,107.27486018278543,276.94927896727773,336.30568671524526,149.2925703212973,107.27486018278543,99,pp8_4-10-2012_c1.S00
8,1,3,73.10834376218124,456.2943535780751,278.92165760795274,128.69785583945117,73.10834376218124,77,pp8_4-10-2012_c1.S00
8,1,4,78.96647240011522,452.17661950278097,319.8386334240437,105.47510597258807,78.96647240011522,74,pp8_4-10-2012_c1.S00
8,1,5,100.99923677567077,507.6352380835235,330.74862692753476,126.89025513090789,100.99923677567077,71,pp8_4-10-2012_c1.S00
8,1,6,144.9984828562759,162.27098785996333,298.4430733482043,114.16084989812569,144.9984828562759,71,pp8_4-10-2012_c1.S00
8,1,7,104.15766052129689,357.6723220395692,270.20636069277924,131.48039397741667,104.15766052129689,63,pp8_4-10-2012_c1.S00
8,1,8,107.82673438455608,351.70633764408404,269.58542355298994,136.10918302020303,107.82673438455608,68,pp8_4-10-2012_c1.S00
8,1,9,97.48916518650088,306.4132580833952,260.4046382933855,125.78948010528862,97.48916518650088,89,pp8_4-10-2012_c1.S00
8,1,10,85.41131949181995,524.4307851928041,279.8190090576808,117.4451738005504,85.41131949181995,75,pp8_4-10-2012_c1.S00
8,1,11,95.95659857794583,423.60105578280553,277.0444996118546,131.85011160907646,95.95659857794583,86,pp8_4-10-2012_c1.S00
8,1,12,86.15544418187956,453.688871920863,299.3459167400996,117.46254104093337,86.15544418187956,69,pp8_4-10-2012_c1.S00
8,1,13,95.59064192693327,316.48254540973693,312.46059768597286,118.63402883031716,95.59064192693327,79,pp8_4-10-2012_c1.S00
8,1,14,87.76620439259568,462.46118054970674,307.46310588320097,102.28131651668251,87.76620439259568,76,pp8_4-10-2012_c1.S00
8,1,15,94.81059425773425,372.90410022620927,292.0165629863739,129.40138308130915,94.81059425773425,82,pp8_4-10-2012_c1.S00
8,1,16,130.0902522298388,235.1292919106833,293.3086455782255,144.88052873263757,130.0902522298388,81,pp8_4-10-2012_c1.S00
8,1,17,154.85334425506443,87.55098890364366,302.18312353491785,115.73584195509206,154.85334425506443,74,pp8_4-10-2012_c1.S00
8,2,1,76.98203042611175,143.23441114262857,278.178055738161,77.06567432357454,76.98203042611175,71,pp8_4-10-2012_c2.S00
8,2,2,78.92330598779668,201.01846738725843,288.4758191327254,76.97452046436568,78.92330598779668,73,pp8_4-10-2012_c2.S00
8,2,3,71.07260644843711,108.52645683838642,315.0143101374308,74.43086163749298,71.07260644843711,69,pp8_4-10-2012_c2.S00
8,2,4,77.19687911642517,162.36124019144566,320.4904277642568,79.88666999942312,77.19687911642517,75,pp8_4-10-2012_c2.S00
8,2,5,71.83234443047964,56.86843336809077,315.2325829307238,78.47780571524054,71.83234443047964,75,pp8_4-10-2012_c2.S00
8,2,6,79.67838153287511,228.46024812238818,334.0918329079946,78.50211172029375,79.67838153287511,73,pp8_4-10-2012_c2.S00
8,2,7,75.02496380986145,47.39409310489306,318.85564436912534,79.86570797041058,75.02496380986145,77,pp8_4-10-2012_c2.S00
8,2,8,87.37529257236537,149.0909228909073,263.21656076113385,93.00662726641943,87.37529257236537,81,pp8_4-10-2012_c2.S00
8,2,9,81.7649153717831,295.88357113799435,242.20348029732705,88.80644778882464,81.7649153717831,79,pp8_4-10-2012_c2.S00
8,2,10,104.26181818181817,61.908839196612725,264.1683839678764,90.82776969953751,104.26181818181817,78,pp8_4-10-2012_c2.S00
8,2,11,74.77900688057636,502.1527839754348,270.3220131595929,88.77628701341649,74.77900688057636,68,pp8_4-10-2012_c2.S00
8,2,12,94.97431234371449,321.3598629010235,275.885294119517,99.04202580324684,94.97431234371449,68,pp8_4-10-2012_c2.S00
8,2,13,98.54887903274803,228.6517478312035,261.32830835580825,105.71153302900493,98.54887903274803,83,pp8_4-10-2012_c2.S00
8,2,14,78.67879537225117,526.0743923983989,261.9169057627519,99.23691307452196,78.67879537225117,70,pp8_4-10-2012_c2.S00
8,2,15,94.29097605893186,79.98763003373637,276.9718632787466,93.84980738648001,94.29097605893186,84,pp8_4-10-2012_c2.S00
8,2,16,97.61257757550682,136.83240624510148,274.5298810998599,89.95092476246258,97.61257757550682,69,pp8_4-10-2012_c2.S00
8,2,17,95.27208694166656,63.03065388259863,283.5869751771291,89.84822562777748,95.27208694166656,74,pp8_4-10-2012_c2.S00
8,2,18,93.34371498566193,127.68634284013991,303.23664881388345,82.28744167915235,93.34371498566193,59,pp8_4-10-2012_c2.S00
8,2,19,93.55553675661959,167.61101806421888,298.18625921209656,87.03725705028822,93.55553675661959,77,pp8_4-10-2012_c2.S00
8,2,20,102.11511363225783,196.67165694544988,282.970400690039,106.24239938939853,102.11511363225783,37,pp8_4-10-2012_c2.S00
8,2,21,,,266.9564960728089,,,0,pp8_4-10-2012_c2.S00
8,2,22,,,281.81418271859485,,,0,pp8_4-10-2012_c2.S00
8,2,23,,,274.38520734906194,,,0,pp8_4-10-2012_c2.S00
8,2,24,,,262.7411840200424,,,0,pp8_4-10-2012_c2.S00
8,2,25,,,264.9823126355807,,,0,pp8_4-10-2012_c2.S00
8,2,26,,,261.3945856183767,,,0,pp8_4-10-2012_c2.S00
8,2,27,,,275.74087464610733,,,0,pp8_4-10-2012_c2.S00
8,2,28,,,287.67943059603374,,,0,pp8_4-10-2012_c2.S00
8,2,29,,,292.11841070850693,,,0,pp8_4-10-2012_c2.S00
8,2,30,,,289.38337472677233,,,0,pp8_4-10-2012_c2.S00
8,2,31,,,279.40259299178916,,,0,pp8_4-10-2012_c2.S00
8,2,32,,,319.5843535244465,,,0,pp8_4-10-2012_c2.S00
8,3,1,,,262.0975954351326,,,0,pp8_4-10-2012_c3.S00
8,3,2,,,278.5995230515798,,,0,pp8_4-10-2012_c3.S00
8,3,3,,,274.8794425904751,,,0,pp8_4-10-2012_c3.S00
8,3,4,,,277.0359521170457,,,0,pp8_4-10-2012_c3.S00
8,3,5,,,310.23724073966343,,,0,pp8_4-10-2012_c3.S00
8,3,6,,,326.6035666167736,,,0,pp8_4-10-2012_c3.S00
8,3,7,,,335.01754781603813,,,0,pp8_4-10-2012_c3.S00
8,3,8,,,341.7846180061499,,,0,pp8_4-10-2012_c3.S00
8,3,9,171.5011057437045,,307.08430046935877,171.5011057437045,,2,pp8_4-10-2012_c3.S00
8,3,10,170.90403747558594,,296.52153213818866,170.90403747558594,,0,pp8_4-10-2012_c3.S00
8,3,11,170.90403747558594,,271.01522698799766,170.90403747558594,,0,pp8_4-10-2012_c3.S00
8,3,12,170.90403747558594,,279.18102150559423,170.90403747558594,,0,pp8_4-10-2012_c3.S00
8,3,13,170.90403747558594,,301.97085983554524,170.90403747558594,,0,pp8_4-10-2012_c3.S00
8,3,14,170.90403747558594,,301.20139813423157,170.90403747558594,,0,pp8_4-10-2012_c3.S00
8,3,15,170.90403747558594,,296.5064503709475,170.90403747558594,,0,pp8_4-10-2012_c3.S00
8,3,16,170.90403747558594,,304.31998792092,170.90403747558594,,0,pp8_4-10-2012_c3.S00
8,3,17,170.90403747558594,,332.43967383901276,170.90403747558594,,0,pp8_4-10-2012_c3.S00
8,3,18,170.90403747558594,,318.4829525987307,170.90403747558594,,0,pp8_4-10-2012_c3.S00
8,3,19,170.90403747558594,,329.0110780497392,170.90403747558594,,0,pp8_4-10-2012_c3.S00
8,3,20,170.90403747558594,,313.6137332598368,170.90403747558594,,0,pp8_4-10-2012_c3.S00
8,3,21,170.90403747558594,,313.7479602952798,170.90403747558594,,0,pp8_4-10-2012_c3.S00
8,3,22,170.90403747558594,,321.84936215082803,170.90403747558594,,0,pp8_4-10-2012_c3.S00
8,3,23,170.90403747558594,,335.6496974011262,170.90403747558594,,0,pp8_4-10-2012_c3.S00
8,3,24,170.90403747558594,,327.71685772339504,170.90403747558594,,0,pp8_4-10-2012_c3.S00
8,3,25,170.90403747558594,,320.18472194870316,170.90403747558594,,0,pp8_4-10-2012_c3.S00
8,3,26,170.90403747558594,,291.5691187342008,170.90403747558594,,0,pp8_4-10-2012_c3.S00
8,3,27,170.90403747558594,,276.0167450149854,170.90403747558594,,0,pp8_4-10-2012_c3.S00
8,3,28,170.90403747558594,,283.70035249590876,170.90403747558594,,0,pp8_4-10-2012_c3.S00
8,3,29,170.90403747558594,,300.51186856031416,170.90403747558594,,0,pp8_4-10-2012_c3.S00
8,3,30,170.90403747558594,,300.0238511840502,170.90403747558594,,0,pp8_4-10-2012_c3.S00
8,3,31,170.90403747558594,,315.9033390502135,170.90403747558594,,0,pp8_4-10-2012_c3.S00
8,3,32,170.90403747558594,,308.21779897411665,170.90403747558594,,0,pp8_4-10-2012_c3.S00
8,3,33,170.90403747558594,,315.45784212946893,170.90403747558594,,0,pp8_4-10-2012_c3.S00
8,3,34,170.90403747558594,,326.7138880650202,170.90403747558594,,0,pp8_4-10-2012_c3.S00
8,3,35,170.90403747558594,,327.605893878142,170.90403747558594,,0,pp8_4-10-2012_c3.S00
8,3,36,169.72122715376318,,317.6364490966002,169.72122715376318,,1,pp8_4-10-2012_c3.S00
9,1,1,70.18875883159338,60.62886623953661,1414.9889023820558,73.76847281825418,70.18875883159338,70,pp9_4-10-2012_c1.S00
9,1,2,66.14467096156804,44.39623430807374,1414.4837265094122,66.07337270552914,66.14467096156804,67,pp9_4-10-2012_c1.S00
9,1,3,72.62595303832417,46.39249135753703,1213.9769124269485,73.4757631626601,72.62595303832417,73,pp9_4-10-2012_c1.S00
9,1,4,67.98186105568657,39.33119865594771,1210.8966658830643,68.5315863976255,67.98186105568657,69,pp9_4-10-2012_c1.S00
9,1,5,73.02607770090474,42.35523756088322,1258.2396583954494,72.79304468563447,73.02607770090474,72,pp9_4-10-2012_c1.S00
9,1,6,94.7473309608541,168.0031605066163,1259.2414195140202,85.0263517110298,94.7473309608541,71,pp9_4-10-2012_c1.S00
9,1,7,80.01500987782401,169.29356079247165,1248.5550179243087,80.21744900535171,80.01500987782401,68,pp9_4-10-2012_c1.S00
9,1,8,76.43705668397453,41.96775033345986,1157.1805775046348,83.66113569773734,76.43705668397453,77,pp9_4-10-2012_c1.S00
9,1,9,88.48356997971602,348.7373894336935,1093.3461904406547,98.4526089416196,88.48356997971602,78,pp9_4-10-2012_c1.S00
9,1,10,76.46330080610946,42.47196291115048,1005.2173814853032,76.93370995397369,76.46330080610946,74,pp9_4-10-2012_c1.S00
9,1,11,72.03593138404372,37.1961582747098,1028.4451956192652,73.45734578687697,72.03593138404372,74,pp9_4-10-2012_c1.S00
9,1,12,75.41975947983198,42.89443951440694,996.6234635790189,78.99285349603743,75.41975947983198,77,pp9_4-10-2012_c1.S00
9,1,13,75.41760154544265,40.759982315948115,822.9942315181096,79.2220447640866,75.41760154544265,77,pp9_4-10-2012_c1.S00
9,1,14,74.26246809124775,41.09143054234376,813.2883701662223,74.10755875216176,74.26246809124775,74,pp9_4-10-2012_c1.S00
9,1,15,76.44098032219996,80.60817869196008,901.7819593389829,77.32049917709082,76.44098032219996,75,pp9_4-10-2012_c1.S00
9,1,16,76.14598101533232,74.6491712056509,1061.660862529278,77.53202872456362,76.14598101533232,76,pp9_4-10-2012_c1.S00
9,1,17,77.89882281801955,37.86418621619326,1014.5170293768247,78.92331628445535,77.89882281801955,77,pp9_4-10-2012_c1.S00
9,1,18,76.4323142458627,38.45588936034235,918.8391809225083,76.23342740746835,76.4323142458627,76,pp9_4-10-2012_c1.S00
9,1,19,73.82988524163346,42.999444704601494,1018.0709032853445,74.99598753831039,73.82988524163346,73,pp9_4-10-2012_c1.S00
9,1,20,73.36940702317423,55.59120094326487,1040.1047856489818,76.19420379412671,73.36940702317423,73,pp9_4-10-2012_c1.S00
9,1,21,76.02478155113526,127.92095125376679,970.3365519920985,75.99495576452463,76.02478155113526,75,pp9_4-10-2012_c1.S00
9,1,22,73.85422358212217,70.64568244666384,635.0614658037822,74.4037831177935,73.85422358212217,72,pp9_4-10-2012_c1.S00
9,1,23,78.7626092804304,118.9435485809274,406.2954973141352,82.68209477650622,78.7626092804304,77,pp9_4-10-2012_c1.S00
9,1,24,78.82918342937914,98.80961223571698,654.0709342181683,78.78124622841263,78.82918342937914,78,pp9_4-10-2012_c1.S00
9,1,25,66.23941350519291,59.19267138300324,894.1417396141138,66.04132333090529,66.23941350519291,61,pp9_4-10-2012_c1.S00
9,1,26,74.59725432140841,144.44627067846037,1059.4520049770674,83.05808237142497,74.59725432140841,71,pp9_4-10-2012_c1.S00
9,1,27,83.18713330324539,183.50532262722868,1102.7625843067965,83.74857072792948,83.18713330324539,77,pp9_4-10-2012_c1.S00
9,1,28,87.85539499521676,197.03399569857535,1116.229855298996,86.85112419681003,87.85539499521676,80,pp9_4-10-2012_c1.S00
9,1,29,72.21204506768258,112.4262450867198,1161.593697031339,77.73932459851106,72.21204506768258,74,pp9_4-10-2012_c1.S00
9,1,30,93.98356164383561,232.3154937471379,1007.3695104618868,94.63139349160095,93.98356164383561,81,pp9_4-10-2012_c1.S00
9,1,31,78.23816210653014,34.8917583914141,1037.798294965426,79.61581462857625,78.23816210653014,78,pp9_4-10-2012_c1.S00
9,1,32,77.20869397961145,93.00000816604961,864.7162274638812,82.21841577754046,77.20869397961145,74,pp9_4-10-2012_c1.S00
9,1,33,93.2669903497464,167.82538440560398,946.6657497008641,90.21899627881746,93.2669903497464,75,pp9_4-10-2012_c1.S00
9,1,34,74.79321280980703,69.96693540629816,770.7170491417249,76.29146777279675,74.79321280980703,72,pp9_4-10-2012_c1.S00
9,1,35,73.89055923030668,35.862599176048114,796.8524242480596,75.56340224910528,73.89055923030668,74,pp9_4-10-2012_c1.S00
9,1,36,72.4637059592992,50.559884585831405,934.6424938758214,76.37063775137067,72.4637059592992,72,pp9_4-10-2012_c1.S00
9,1,37,76.03420468032013,141.47487541786896,728.8846534172694,80.76554255026082,76.03420468032013,71,pp9_4-10-2012_c1.S00
9,1,38,103.57757842133783,56.367025655450895,425.26467636823656,88.71433367921661,103.57757842133783,69,pp9_4-10-2012_c1.S00
9,1,39,81.74349911137146,160.61079730949362,762.7330844958623,79.81824169171354,81.74349911137146,74,pp9_4-10-2012_c1.S00
9,1,40,99.25330269959792,57.84297018301605,1021.5358331441879,89.94947536947826,99.25330269959792,67,pp9_4-10-2012_c1.S00
9,1,41,77.22414778137498,138.3097009680236,972.8631708065669,87.48704635559892,77.22414778137498,75,pp9_4-10-2012_c1.S00
9,1,42,99.68906769979635,80.19855406623856,814.7346874594689,89.73945974235734,99.68906769979635,67,pp9_4-10-2012_c1.S00
9,2,1,67.58146569503644,65.03530584478253,1264.3327015101909,70.76806989147639,67.58146569503644,68,pp9_4-10-2012_c2.S00
9,2,2,61.28011461006284,48.17108025251955,1333.236831442515,63.14272643358757,61.28011461006284,63,pp9_4-10-2012_c2.S00
9,2,3,66.27601085670541,48.11961958730134,1423.88832710584,66.43441728375231,66.27601085670541,66,pp9_4-10-2012_c2.S00
9,2,4,63.79731062769327,51.24836408535999,1455.2300534963608,64.61328068369379,63.79731062769327,65,pp9_4-10-2012_c2.S00
9,2,5,62.94025698768049,52.15643053179048,1442.7805991013845,63.67351332508648,62.94025698768049,64,pp9_4-10-2012_c2.S00
9,2,6,63.24531492697812,46.045065445374114,1388.5636177778244,63.840950050018726,63.24531492697812,63,pp9_4-10-2012_c2.S00
9,2,7,61.34851537181396,64.73742778232037,1467.3113094806672,61.81543618555491,61.34851537181396,62,pp9_4-10-2012_c2.S00
9,2,8,63.89565064116688,71.31091302400955,1454.2693044741948,63.89664735139037,63.89565064116688,63,pp9_4-10-2012_c2.S00
9,2,9,70.37215617812508,87.03467754415388,936.5078705310822,69.74739289392407,70.37215617812508,69,pp9_4-10-2012_c2.S00
9,2,10,68.77419475201253,83.26775723970992,757.454732088248,69.71785208536312,68.77419475201253,68,pp9_4-10-2012_c2.S00
9,2,11,70.67203455123546,164.30647319506556,856.3829022367795,69.95033695700889,70.67203455123546,62,pp9_4-10-2012_c2.S00
9,2,12,66.48151487826871,61.33905231846292,993.5769557158152,67.16200226374592,66.48151487826871,65,pp9_4-10-2012_c2.S00
9,2,13,63.12421947655108,47.044014316697684,1033.71402862072,63.03118877153223,63.12421947655108,63,pp9_4-10-2012_c2.S00
9,2,14,70.51830373323668,57.14470315403745,1002.82985663414,70.3011036415508,70.51830373323668,69,pp9_4-10-2012_c2.S00
9,2,15,67.55069961604865,62.343431578118654,956.7505894263585,67.2169302111802,67.55069961604865,67,pp9_4-10-2012_c2.S00
9,2,16,67.76307224994575,37.6865936895726,807.9336705406507,77.59923908427979,67.76307224994575,69,pp9_4-10-2012_c2.S00
9,2,17,63.70897964387404,43.13405923090085,767.3087034662565,64.21668148227036,63.70897964387404,64,pp9_4-10-2012_c2.S00
9,2,18,67.64715496107695,51.34974150087385,823.5198287606239,67.48673042288671,67.64715496107695,67,pp9_4-10-2012_c2.S00
9,2,19,65.1098797474607,51.98149535744417,791.3536057432492,65.73495036115249,65.1098797474607,66,pp9_4-10-2012_c2.S00
9,2,20,62.908675619265146,45.274525915709305,814.3076696276664,63.58223311016336,62.908675619265146,62,pp9_4-10-2012_c2.S00
9,2,21,69.82004137184052,188.32072515196884,684.5134767532348,70.47084209710981,69.82004137184052,68,pp9_4-10-2012_c2.S00
9,2,22,63.78475413913551,93.86610052199664,662.7710656046868,67.5665072507225,63.78475413913551,64,pp9_4-10-2012_c2.S00
9,2,23,66.18183935485749,110.68842212712441,824.8202141364416,67.60264536961913,66.18183935485749,56,pp9_4-10-2012_c2.S00
9,2,24,66.34168288211276,130.68619501728963,823.7640432715416,66.59217321953426,66.34168288211276,61,pp9_4-10-2012_c2.S00
9,2,25,69.46696689503186,178.69570968957575,896.7425788879394,69.9706770285964,69.46696689503186,64,pp9_4-10-2012_c2.S00
9,2,26,72.03206369114159,251.98603992763506,1029.1527387777965,67.37219641056532,72.03206369114159,55,pp9_4-10-2012_c2.S00
9,2,27,71.91788222582389,205.83401240707465,1133.069714943568,69.89980365331463,71.91788222582389,63,pp9_4-10-2012_c2.S00
9,2,28,76.40623977309916,194.85219938216537,994.1745236555736,73.83835911865657,76.40623977309916,66,pp9_4-10-2012_c2.S00
9,2,29,66.71680508355286,41.52032355999949,729.3832332750161,66.9708847895575,66.71680508355286,65,pp9_4-10-2012_c2.S00
9,2,30,64.7936724929206,53.82296622325055,558.6517529805501,66.71195088205859,64.7936724929206,66,pp9_4-10-2012_c2.S00
9,2,31,69.68965581360754,109.62756831815418,567.6068325062593,68.1704582547148,69.68965581360754,66,pp9_4-10-2012_c2.S00
9,2,32,66.82558529489074,70.87228932894531,500.34769742886226,66.23111673882231,66.82558529489074,64,pp9_4-10-2012_c2.S00
9,2,33,67.77056838826888,121.60556059972922,565.7489131212235,67.91396061607325,67.77056838826888,67,pp9_4-10-2012_c2.S00
9,2,34,64.0317617866005,95.01073166999153,576.0574419081211,70.54002126175911,64.0317617866005,61,pp9_4-10-2012_c2.S00
9,2,35,72.84434209626302,90.26092172473197,655.5306407312552,71.85063923103735,72.84434209626302,64,pp9_4-10-2012_c2.S00
9,2,36,69.7946570397112,38.047602591917546,680.1766047338645,69.04632965881999,69.7946570397112,68,pp9_4-10-2012_c2.S00
9,3,1,58.610854073855016,55.223953413056215,978.7829347287615,62.80602489768838,58.610854073855016,62,pp9_4-10-2012_c3.S00
9,3,2,62.53852507571523,65.30050553909437,1139.5402978142104,69.62253912560021,62.53852507571523,63,pp9_4-10-2012_c3.S00
9,3,3,73.69685713456572,44.731885773622395,1193.6747520724932,72.34431733240685,73.69685713456572,72,pp9_4-10-2012_c3.S00
9,3,4,61.99952026071349,47.74606714479644,1188.1099727153778,62.506859393883495,61.99952026071349,62,pp9_4-10-2012_c3.S00
9,3,5,75.21666312433581,44.60003524139926,1089.1079310496648,74.14981235423043,75.21666312433581,76,pp9_4-10-2012_c3.S00
9,3,6,70.9071294166841,44.51640918136999,988.7899061918258,71.38559917553017,70.9071294166841,71,pp9_4-10-2012_c3.S00
9,3,7,67.02470461868958,53.217791413719695,1163.8457765777905,67.51626524956276,67.02470461868958,67,pp9_4-10-2012_c3.S00
9,3,8,65.17351113805123,44.990006366015926,1211.211296717326,65.53497201294327,65.17351113805123,66,pp9_4-10-2012_c3.S00
9,3,9,69.93393215054562,61.537645102244674,1253.0635896046956,75.27611073901257,69.93393215054562,68,pp9_4-10-2012_c3.S00
9,3,10,63.25461682002445,68.15720027038358,1190.3644592881203,64.8527219020451,63.25461682002445,65,pp9_4-10-2012_c3.S00
9,3,11,83.62356205258406,238.94899365652324,1076.033063296477,78.3203919786241,83.62356205258406,68,pp9_4-10-2012_c3.S00
9,3,12,75.32607158013863,151.71941568481992,867.7616694490115,84.29490438010544,75.32607158013863,73,pp9_4-10-2012_c3.S00
9,3,13,69.0104459171066,116.81544263687091,859.1146726409594,72.16416561550771,69.0104459171066,68,pp9_4-10-2012_c3.S00
9,3,14,67.13550336773632,48.12375606705626,878.3108178853988,67.05115490465735,67.13550336773632,68,pp9_4-10-2012_c3.S00
9,3,15,65.94738607503953,45.135880898388855,910.0966493924459,69.90302397692577,65.94738607503953,66,pp9_4-10-2012_c3.S00
9,3,16,67.91471281639421,46.079762501697466,1020.017898106575,66.89088190558056,67.91471281639421,69,pp9_4-10-2012_c3.S00
9,3,17,72.69946067377194,40.219615449062616,992.6273305694262,73.3861158301433,72.69946067377194,72,pp9_4-10-2012_c3.S00
9,3,18,66.691042047532,34.90674323457866,956.8890493710836,66.58414381137118,66.691042047532,67,pp9_4-10-2012_c3.S00
9,3,19,66.03665947367116,45.35257113285499,841.9555673996607,66.9831303478529,66.03665947367116,66,pp9_4-10-2012_c3.S00
9,3,20,61.30902163559668,59.90817914873268,787.5940934141477,62.55137325320393,61.30902163559668,62,pp9_4-10-2012_c3.S00
9,3,21,66.32624171258058,83.10841811414558,844.3826095541318,68.83877743380144,66.32624171258058,65,pp9_4-10-2012_c3.S00
9,3,22,62.83222993702567,53.270710740585145,651.5504917581876,64.71750761304672,62.83222993702567,64,pp9_4-10-2012_c3.S00
9,3,23,64.84668716903536,49.25975955407776,676.4029319882393,64.76651809327305,64.84668716903536,65,pp9_4-10-2012_c3.S00
9,3,24,63.54996121218188,58.253634203173775,654.114601691564,64.17173536053548,63.54996121218188,64,pp9_4-10-2012_c3.S00
9,3,25,62.61873979635169,66.63624081185192,734.8226971666019,64.0976024554111,62.61873979635169,64,pp9_4-10-2012_c3.S00
9,3,26,59.965747748743155,42.95989258713812,889.0167466719945,60.84934278562044,59.965747748743155,61,pp9_4-10-2012_c3.S00
9,3,27,60.729832771871784,51.31141526085873,1088.5528236786524,61.92916842419654,60.729832771871784,60,pp9_4-10-2012_c3.S00
9,3,28,74.88204755598785,152.68337622059312,1084.6742262482644,71.20101066259667,74.88204755598785,62,pp9_4-10-2012_c3.S00
9,3,29,63.14101905329579,65.4334800102135,956.9432106018066,67.48150516304499,63.14101905329579,64,pp9_4-10-2012_c3.S00
9,3,30,61.49875327321637,44.83909971904174,1116.2745664278666,62.48740701607118,61.49875327321637,62,pp9_4-10-2012_c3.S00
9,3,31,62.19911188827279,66.97732454179094,1143.0273722966513,61.98854149968053,62.19911188827279,59,pp9_4-10-2012_c3.S00
9,3,32,59.574187159597294,74.78185247341692,1204.561572233836,60.95537868623311,59.574187159597294,63,pp9_4-10-2012_c3.S00
9,3,33,65.80874066966427,82.41819200579438,1205.3531233509382,67.15531607633457,65.80874066966427,61,pp9_4-10-2012_c3.S00
9,3,34,66.28931861565276,151.261495308845,881.4420184612275,63.91083207655077,66.28931861565276,58,pp9_4-10-2012_c3.S00
9,3,35,65.60217262630131,144.67636017910812,697.7557408531507,68.16331093016392,65.60217262630131,63,pp9_4-10-2012_c3.S00
9,3,36,59.904159319572656,74.92677458728713,555.2702962815762,63.0341011526684,59.904159319572656,61,pp9_4-10-2012_c3.S00
9,3,37,64.41030603604693,101.87187657179341,649.8707214395205,65.47227965596443,64.41030603604693,64,pp9_4-10-2012_c3.S00
9,3,38,69.11449592219974,164.36054396577583,670.9104805469512,68.67468117556224,69.11449592219974,66,pp9_4-10-2012_c3.S00
9,3,39,71.63343826512767,163.89819063130068,602.090865111351,68.17951440081622,71.63343826512767,63,pp9_4-10-2012_c3.S00
9,3,40,60.20277161197433,49.028874028707286,695.2606430967649,61.189848745024456,60.20277161197433,60,pp9_4-10-2012_c3.S00
9,3,41,64.10350044342428,98.70081692510895,602.9592579960823,62.772995722914736,64.10350044342428,59,pp9_4-10-2012_c3.S00
9,3,42,62.01006984665849,99.62470914624542,788.1348936835925,65.24275365089997,62.01006984665849,61,pp9_4-10-2012_c3.S00
9,3,43,61.99076409639489,74.03507081059504,872.0688704828422,62.480602358157434,61.99076409639489,62,pp9_4-10-2012_c3.S00
9,3,44,63.171009525729545,80.99710280335107,583.81410647432,63.017777519083275,63.171009525729545,60,pp9_4-10-2012_c3.S00
9,3,45,62.681577398469685,68.83553472636392,876.7101095954578,62.269409736835705,62.681577398469685,60,pp9_4-10-2012_c3.S00
9,3,46,62.665270955793545,72.69969760339399,898.7442635059357,65.51103334451714,62.665270955793545,64,pp9_4-10-2012_c3.S00
9,3,47,63.065693430656935,52.470255430740494,950.0148653507233,63.75521473785241,63.065693430656935,62,pp9_4-10-2012_c3.S00
9,3,48,63.60532257632685,45.00638808627336,945.757255379359,64.53792888211707,63.60532257632685,64,pp9_4-10-2012_c3.S00
